"","Gene set","Overlap","pValue","pAdj"
"1","#upgenes.DNA_0","CDK2, PPM1D","0.996973429094277",1
"2","#upgenes.ERS_0","NCK1, NCK2, ATF3","0.446097245124842",1
"3","#upgenes.HTS_0","CSNK2A1","0.992700258983129",1
"4","#upgenes.HYP_0","CDK1, CDKN1A, ELF3, ETS1, FOS, NFKB1, TP53","0.428970231027988",1
"5","#upgenes.MTL_0","","1",1
"6","#upgenes.OXD_0","MYB, SRC, PRKCE, RHOA, ROCK2, SMAD3, SRF","0.136899298055528",1
"7","#upgenes.DNA_0.25","CDK2, PPM1D","0.995690819176609",1
"8","#upgenes.ERS_0.25","NCK1, NCK2, ATF3","0.389703408019302",1
"9","#upgenes.HTS_0.25","CSNK2A1","0.986493082912966",1
"10","#upgenes.HYP_0.25","CDK1, CDKN1A, ELF3, ETS1, FOS, NFKB1, TP53","0.33799700899772",1
"11","#upgenes.MTL_0.25","","1",1
"12","#upgenes.OXD_0.25","SRC, PRKCE, RHOA, SMAD3, SRF","0.354156809745459",1
"13","#upgenes.DNA_0.45","CDK2, PPM1D","0.991281219520485",1
"14","#upgenes.ERS_0.45","NCK1, NCK2, ATF3","0.241021813377768",1
"15","#upgenes.HTS_0.45","CSNK2A1","0.972643310571464",1
"16","#upgenes.HYP_0.45","CDKN1A, ELF3, ETS1, FOS","0.749050842299038",1
"17","#upgenes.MTL_0.45","","1",1
"18","#upgenes.OXD_0.45","SRC, RHOA, SMAD3","0.653283405490216",1
"19","#upgenes.DNA_0.5","CDK2, PPM1D","0.991281219520485",1
"20","#upgenes.ERS_0.5","NCK1, NCK2, ATF3","0.241021813377768",1
"21","#upgenes.HTS_0.5","CSNK2A1","0.972643310571464",1
"22","#upgenes.HYP_0.5","CDKN1A, ELF3, ETS1, FOS","0.749050842299038",1
"23","#upgenes.MTL_0.5","","1",1
"24","#upgenes.OXD_0.5","SRC, RHOA, SMAD3","0.653283405490216",1
"25","#upgenes.DNA_0.65","CDK2, PPM1D","0.963202579986634",1
"26","#upgenes.ERS_0.65","ATF3","0.76793177553955",1
"27","#upgenes.HTS_0.65","CSNK2A1","0.919164581715361",1
"28","#upgenes.HYP_0.65","CDKN1A, ETS1, FOS","0.81074658081675",1
"29","#upgenes.MTL_0.65","","1",1
"30","#upgenes.OXD_0.65","SMAD3","0.876027902948782",1
"31","#upgenes.DNA_0.75","CDK2, PPM1D","0.963202579986634",1
"32","#upgenes.ERS_0.75","ATF3","0.70232078830082",1
"33","#upgenes.HTS_0.75","","1",1
"34","#upgenes.HYP_0.75","CDKN1A, FOS","0.78623732465236",1
"35","#upgenes.MTL_0.75","","1",1
"36","#upgenes.OXD_0.75","SMAD3","0.876027902948782",1
"37","#upgenes.DNA_0.85","PPM1D","0.943559957386923",1
"38","#upgenes.ERS_0.85","ATF3","0.630049344195467",1
"39","#upgenes.HTS_0.85","","1",1
"40","#upgenes.HYP_0.85","CDKN1A","0.819725692783412",1
"41","#upgenes.MTL_0.85","","1",1
"42","#upgenes.OXD_0.85","","1",1
"43","#upgenes.DNA_0.95","PPM1D","0.943559957386923",1
"44","#upgenes.ERS_0.95","ATF3","0.495419393472553",1
"45","#upgenes.HTS_0.95","","1",1
"46","#upgenes.HYP_0.95","CDKN1A","0.819725692783412",1
"47","#upgenes.MTL_0.95","","1",1
"48","#upgenes.OXD_0.95","","1",1
"49","#upgenes.DNA_1","PPM1D","0.943559957386923",1
"50","#upgenes.ERS_1","ATF3","0.495419393472553",1
"51","#upgenes.HTS_1","","1",1
"52","#upgenes.HYP_1","CDKN1A","0.819725692783412",1
"53","#upgenes.MTL_1","","1",1
"54","#upgenes.OXD_1","","1",1
"55","#dngenes.DNA_0","CDK2, PPM1D","0.996973429094277",1
"56","#dngenes.ERS_0","NCK1, NCK2, ATF3","0.446097245124842",1
"57","#dngenes.HTS_0","CSNK2A1","0.992700258983129",1
"58","#dngenes.HYP_0","CDK1, CDKN1A, ELF3, ETS1, FOS, NFKB1, TP53","0.428970231027988",1
"59","#dngenes.MTL_0","","1",1
"60","#dngenes.OXD_0","MYB, SRC, PRKCE, RHOA, ROCK2, SMAD3, SRF","0.136899298055528",1
"61","#dngenes.DNA_0.25","CDK2","0.99412041158473",1
"62","#dngenes.ERS_0.25","NCK1, NCK2","0.368472190012242",1
"63","#dngenes.HTS_0.25","CSNK2A1","0.956448452382164",1
"64","#dngenes.HYP_0.25","CDK1, ELF3, ETS1, NFKB1, TP53","0.260589448909773",1
"65","#dngenes.MTL_0.25","","1",1
"66","#dngenes.OXD_0.25","MYB, SRC, PRKCE, RHOA, ROCK2, SMAD3, SRF","0.0814518260942309",1
"67","#dngenes.DNA_0.45","","1",1
"68","#dngenes.ERS_0.45","","1",1
"69","#dngenes.HTS_0.45","","1",1
"70","#dngenes.HYP_0.45","CDK1, ELF3, NFKB1, TP53","0.139237184390187",1
"71","#dngenes.MTL_0.45","","1",1
"72","#dngenes.OXD_0.45","MYB, SRC, PRKCE, RHOA, ROCK2, SRF","0.0266651964334852",1
"73","#dngenes.DNA_0.5","","1",1
"74","#dngenes.ERS_0.5","","1",1
"75","#dngenes.HTS_0.5","","1",1
"76","#dngenes.HYP_0.5","CDK1, ELF3, NFKB1, TP53","0.139237184390187",1
"77","#dngenes.MTL_0.5","","1",1
"78","#dngenes.OXD_0.5","MYB, SRC, PRKCE, RHOA, ROCK2, SRF","0.0266651964334852",1
"79","#dngenes.DNA_0.65","","1",1
"80","#dngenes.ERS_0.65","","1",1
"81","#dngenes.HTS_0.65","","1",1
"82","#dngenes.HYP_0.65","CDK1, NFKB1, TP53","0.127737337505882",1
"83","#dngenes.MTL_0.65","","1",1
"84","#dngenes.OXD_0.65","MYB, PRKCE, ROCK2, SRF","0.0170470304658586",1
"85","#dngenes.DNA_0.75","","1",1
"86","#dngenes.ERS_0.75","","1",1
"87","#dngenes.HTS_0.75","","1",1
"88","#dngenes.HYP_0.75","","1",1
"89","#dngenes.MTL_0.75","","1",1
"90","#dngenes.OXD_0.75","MYB, PRKCE, ROCK2, SRF","0.0170470304658586",1
"91","#dngenes.DNA_0.85","","1",1
"92","#dngenes.ERS_0.85","","1",1
"93","#dngenes.HTS_0.85","","1",1
"94","#dngenes.HYP_0.85","","1",1
"95","#dngenes.MTL_0.85","","1",1
"96","#dngenes.OXD_0.85","MYB, ROCK2","0.0582125666922103",1
"97","#dngenes.DNA_0.95","","1",1
"98","#dngenes.ERS_0.95","","1",1
"99","#dngenes.HTS_0.95","","1",1
"100","#dngenes.HYP_0.95","","1",1
"101","#dngenes.MTL_0.95","","1",1
"102","#dngenes.OXD_0.95","MYB, ROCK2","0.0582125666922103",1
"103","#dngenes.DNA_1","","1",1
"104","#dngenes.ERS_1","","1",1
"105","#dngenes.HTS_1","","1",1
"106","#dngenes.HYP_1","","1",1
"107","#dngenes.MTL_1","","1",1
"108","#dngenes.OXD_1","MYB, ROCK2","0.0582125666922103",1
