"","ID","Description","GeneRatio","BgRatio","pvalue","p.adjust","qvalue","geneID","Count"
"R-HSA-1538133","R-HSA-1538133","G0 and Early G1","5/25","19/2914",3.26666712034071e-07,8.37716866655768e-05,6.20635023569979e-05,"CCNE1/E2F4/MYC/RBL1/MYBL2",5
"R-HSA-212436","R-HSA-212436","Generic Transcription Pathway","15/25","481/2914",9.79877223720118e-07,8.37716866655768e-05,6.20635023569979e-05,"CCNE1/CDKN1B/CREBBP/E2F4/ESR1/JUN/MDM2/MYC/RBL1/SMAD4/MYBL2/ESR2/AR/TP73/JUNB",15
"R-HSA-2173796","R-HSA-2173796","SMAD2/SMAD3:SMAD4 heterotrimer regulates transcription","5/25","24/2914",1.16018487580239e-06,8.37716866655768e-05,6.20635023569979e-05,"E2F4/MYC/RBL1/SMAD4/JUNB",5
"R-HSA-2262752","R-HSA-2262752","Cellular responses to stress","10/25","187/2914",1.31059791959405e-06,8.37716866655768e-05,6.20635023569979e-05,"CCNE1/CDKN1B/CREBBP/HSP90AA1/JUN/MDM2/STAT3/HIF1A/RELA/AR",10
"R-HSA-8953897","R-HSA-8953897","Cellular responses to external stimuli","10/25","189/2914",1.44717224629611e-06,8.37716866655768e-05,6.20635023569979e-05,"CCNE1/CDKN1B/CREBBP/HSP90AA1/JUN/MDM2/STAT3/HIF1A/RELA/AR",10
"R-HSA-73857","R-HSA-73857","RNA Polymerase II Transcription","15/25","499/2914",1.60073286622121e-06,8.37716866655768e-05,6.20635023569979e-05,"CCNE1/CDKN1B/CREBBP/E2F4/ESR1/JUN/MDM2/MYC/RBL1/SMAD4/MYBL2/ESR2/AR/TP73/JUNB",15
"R-HSA-2173793","R-HSA-2173793","Transcriptional activity of SMAD2/SMAD3:SMAD4 heterotrimer","5/25","36/2914",9.60266853519733e-06,0.000430748274293137,0.000319126277635881,"E2F4/MYC/RBL1/SMAD4/JUNB",5
"R-HSA-8939211","R-HSA-8939211","ESR-mediated signaling","7/25","108/2914",2.19004928995685e-05,0.000859594346308062,0.00063684328036903,"CDKN1B/CREBBP/ESR1/HSP90AA1/JUN/MYC/ESR2",7
"R-HSA-453279","R-HSA-453279","Mitotic G1-G1/S phases","6/25","77/2914",3.32280658398558e-05,0.00115929029707941,0.000858877491299195,"CCNE1/CDKN1B/E2F4/MYC/RBL1/MYBL2",6
"R-HSA-9018519","R-HSA-9018519","Estrogen-dependent gene expression","5/25","49/2914",4.5060298441709e-05,0.00134908331160878,0.000999488474239153,"CREBBP/ESR1/HSP90AA1/JUN/MYC",5
"R-HSA-8864260","R-HSA-8864260","Transcriptional regulation by the AP-2 (TFAP2) family of transcription factors","4/25","25/2914",4.72608803429826e-05,0.00134908331160878,0.000999488474239153,"CREBBP/ESR1/MYC/MYBL2",4
"R-HSA-1362300","R-HSA-1362300","Transcription of E2F targets under negative control by p107 (RBL1) and p130 (RBL2) in complex with HDAC1","3/25","10/2914",6.4381921564268e-05,0.00168466028093168,0.00124810567243011,"E2F4/RBL1/MYBL2",3
"R-HSA-1362277","R-HSA-1362277","Transcription of E2F targets under negative control by DREAM complex","3/25","11/2914",8.80237479040506e-05,0.00203276598660421,0.00150600497163771,"E2F4/MYC/RBL1",3
"R-HSA-9006931","R-HSA-9006931","Signaling by Nuclear Receptors","7/25","136/2914",9.80832420098922e-05,0.00203276598660421,0.00150600497163771,"CDKN1B/CREBBP/ESR1/HSP90AA1/JUN/MYC/ESR2",7
"R-HSA-6791312","R-HSA-6791312","TP53 Regulates Transcription of Cell Cycle Genes","4/25","30/2914",9.94620105903099e-05,0.00203276598660421,0.00150600497163771,"CCNE1/CDKN1B/E2F4/RBL1",4
"R-HSA-6785807","R-HSA-6785807","Interleukin-4 and Interleukin-13 signaling","6/25","94/2914",0.000103580432438431,0.00203276598660421,0.00150600497163771,"HSP90AA1/MYC/STAT3/TYK2/HIF1A/JUNB",6
"R-HSA-69206","R-HSA-69206","G1/S Transition","5/25","60/2914",0.000121106562762652,0.00223690945338076,0.00165724770096261,"CCNE1/CDKN1B/E2F4/MYC/RBL1",5
"R-HSA-3700989","R-HSA-3700989","Transcriptional Regulation by TP53","8/25","194/2914",0.00013505198246271,0.0022895342838271,0.00169623559076697,"CCNE1/CDKN1B/CREBBP/E2F4/JUN/MDM2/RBL1/TP73",8
"R-HSA-2559583","R-HSA-2559583","Cellular Senescence","6/25","99/2914",0.000138538698702914,0.0022895342838271,0.00169623559076697,"CCNE1/CDKN1B/JUN/MDM2/STAT3/RELA",6
"R-HSA-170834","R-HSA-170834","Signaling by TGF-beta Receptor Complex","5/25","63/2914",0.000153179793919822,0.00240492276454121,0.00178172286612004,"E2F4/MYC/RBL1/SMAD4/JUNB",5
"R-HSA-5663202","R-HSA-5663202","Diseases of signal transduction","9/25","268/2914",0.000224460798666271,0.00335622337053376,0.00248650809550104,"CDKN1B/CREBBP/ESR1/HSP90AA1/MDM2/MYC/SMAD4/STAT3/ESR2",9
"R-HSA-69205","R-HSA-69205","G1/S-Specific Transcription","3/25","15/2914",0.000237281012144011,0.00338664717332816,0.00250904802314959,"CCNE1/E2F4/RBL1",3
"R-HSA-69202","R-HSA-69202","Cyclin E associated events during G1/S transition ","4/25","39/2914",0.000283343199394646,0.00386825063521387,0.00286585112431198,"CCNE1/CDKN1B/E2F4/MYC",4
"R-HSA-69656","R-HSA-69656","Cyclin A:Cdk2-associated events at S phase entry","4/25","40/2914",0.000313005966634804,0.00409516139680535,0.0030339613432584,"CCNE1/CDKN1B/E2F4/MYC",4
"R-HSA-5689880","R-HSA-5689880","Ub-specific processing proteases","5/25","80/2914",0.000474780470505736,0.00576503857116055,0.00427111473089669,"MDM2/MYC/SMAD4/HIF1A/AR",5
"R-HSA-5688426","R-HSA-5688426","Deubiquitination","6/25","124/2914",0.000478534266033976,0.00576503857116055,0.00427111473089669,"ESR1/MDM2/MYC/SMAD4/HIF1A/AR",6
"R-HSA-2559582","R-HSA-2559582","Senescence-Associated Secretory Phenotype (SASP)","4/25","45/2914",0.000495719877138009,0.00576503857116055,0.00427111473089669,"CDKN1B/JUN/STAT3/RELA",4
"R-HSA-1643685","R-HSA-1643685","Disease","11/25","443/2914",0.000522252922688345,0.00585669349014787,0.00433901864338813,"CDKN1B/CREBBP/ESR1/HSP90AA1/JUN/MDM2/MYC/SMAD4/STAT3/ESR2/RELA",11
"R-HSA-8848021","R-HSA-8848021","Signaling by PTK6","4/25","47/2914",0.000586594698733764,0.00613969118008006,0.00454868169895305,"CCNE1/CDKN1B/STAT3/HIF1A",4
"R-HSA-9006927","R-HSA-9006927","Signaling by Non-Receptor Tyrosine Kinases","4/25","47/2914",0.000586594698733764,0.00613969118008006,0.00454868169895305,"CCNE1/CDKN1B/STAT3/HIF1A",4
"R-HSA-9006936","R-HSA-9006936","Signaling by TGF-beta family members","5/25","86/2914",0.000664286160028962,0.00672857594351916,0.00498496575098134,"E2F4/MYC/RBL1/SMAD4/JUNB",5
"R-HSA-1640170","R-HSA-1640170","Cell Cycle","8/25","249/2914",0.000759974585382813,0.0071280629412762,0.00528093164606785,"CCNE1/CDKN1B/E2F4/HSP90AA1/MDM2/MYC/RBL1/MYBL2",8
"R-HSA-69563","R-HSA-69563","p53-Dependent G1 DNA Damage Response","3/25","22/2914",0.000771828471348378,0.0071280629412762,0.00528093164606785,"CCNE1/CDKN1B/MDM2",3
"R-HSA-69580","R-HSA-69580","p53-Dependent G1/S DNA damage checkpoint","3/25","22/2914",0.000771828471348378,0.0071280629412762,0.00528093164606785,"CCNE1/CDKN1B/MDM2",3
"R-HSA-69278","R-HSA-69278","Cell Cycle, Mitotic","7/25","191/2914",0.000812430396355261,0.00728866127015862,0.00539991331111316,"CCNE1/CDKN1B/E2F4/HSP90AA1/MYC/RBL1/MYBL2",7
"R-HSA-8878159","R-HSA-8878159","Transcriptional regulation by RUNX3","4/25","53/2914",0.000930094144776344,0.008112487818327,0.00601025748525064,"CREBBP/MDM2/MYC/SMAD4",4
"R-HSA-69615","R-HSA-69615","G1/S DNA Damage Checkpoints","3/25","24/2914",0.00100296145882501,0.00851161886678519,0.00630595966999506,"CCNE1/CDKN1B/MDM2",3
"R-HSA-9009391","R-HSA-9009391","Extra-nuclear estrogen signaling","4/25","63/2914",0.00178539477504543,0.0144517986028327,0.0107068303426954,"CDKN1B/ESR1/HSP90AA1/ESR2",4
"R-HSA-3108232","R-HSA-3108232","SUMO E3 ligases SUMOylate target proteins","5/25","107/2914",0.0017949686162754,0.0144517986028327,0.0107068303426954,"CREBBP/ESR1/MDM2/RELA/AR",5
"R-HSA-2990846","R-HSA-2990846","SUMOylation","5/25","109/2914",0.00194978650530962,0.0153058240666805,0.0113395478335112,"CREBBP/ESR1/MDM2/RELA/AR",5
"R-HSA-1257604","R-HSA-1257604","PIP3 activates AKT signaling","6/25","172/2914",0.00267711558845553,0.0205027876774399,0.0151897957650494,"CDKN1B/ESR1/JUN/MDM2/ESR2/EGR1",6
"R-HSA-69242","R-HSA-69242","S Phase","4/25","71/2914",0.00278024817732145,0.0207856649447365,0.0153993696037103,"CCNE1/CDKN1B/E2F4/MYC",4
"R-HSA-9020956","R-HSA-9020956","Interleukin-27 signaling","2/25","10/2914",0.00304941947333509,0.02226785382854,0.0164974713245301,"STAT3/TYK2",2
"R-HSA-1059683","R-HSA-1059683","Interleukin-6 signaling","2/25","11/2914",0.00370750741231977,0.0239744601619095,0.0177618360569293,"STAT3/TYK2",2
"R-HSA-3371568","R-HSA-3371568","Attenuation phase","2/25","11/2914",0.00370750741231977,0.0239744601619095,0.0177618360569293,"CREBBP/HSP90AA1",2
"R-HSA-452723","R-HSA-452723","Transcriptional regulation of pluripotent stem cells","2/25","11/2914",0.00370750741231977,0.0239744601619095,0.0177618360569293,"SMAD4/STAT3",2
"R-HSA-6804116","R-HSA-6804116","TP53 Regulates Transcription of Genes Involved in G1 Cell Cycle Arrest","2/25","11/2914",0.00370750741231977,0.0239744601619095,0.0177618360569293,"CCNE1/CDKN1B",2
"R-HSA-8984722","R-HSA-8984722","Interleukin-35 Signalling","2/25","11/2914",0.00370750741231977,0.0239744601619095,0.0177618360569293,"STAT3/TYK2",2
"R-HSA-597592","R-HSA-597592","Post-translational protein modification","9/25","393/2914",0.00374123741380116,0.0239744601619095,0.0177618360569293,"COPS5/CREBBP/ESR1/MDM2/MYC/SMAD4/HIF1A/RELA/AR",9
"R-HSA-2122947","R-HSA-2122947","NOTCH1 Intracellular Domain Regulates Transcription","3/25","40/2914",0.00447162389961615,0.0270017289322975,0.0200046332351249,"CREBBP/MYC/HIF1A",3
"R-HSA-69231","R-HSA-69231","Cyclin D associated events in G1","3/25","40/2914",0.00447162389961615,0.0270017289322975,0.0200046332351249,"CDKN1B/E2F4/RBL1",3
"R-HSA-69236","R-HSA-69236","G1 Phase","3/25","40/2914",0.00447162389961615,0.0270017289322975,0.0200046332351249,"CDKN1B/E2F4/RBL1",3
"R-HSA-449147","R-HSA-449147","Signaling by Interleukins","8/25","332/2914",0.0049183748360617,0.0291390509155354,0.0215881000748686,"HSP90AA1/JUN/MYC/STAT3/TYK2/HIF1A/RELA/JUNB",8
"R-HSA-198323","R-HSA-198323","AKT phosphorylates targets in the cytosol","2/25","13/2914",0.0052029083684876,0.0302539486612057,0.0224140886829583,"CDKN1B/MDM2",2
"R-HSA-9006925","R-HSA-9006925","Intracellular signaling by second messengers","6/25","201/2914",0.0058393968492016,0.0333376474663509,0.0246986928932737,"CDKN1B/ESR1/JUN/MDM2/ESR2/EGR1",6
"R-HSA-9617828","R-HSA-9617828","FOXO-mediated transcription of cell cycle genes","2/25","14/2914",0.00603824216588863,0.0338572864301613,0.025083675162808,"CDKN1B/SMAD4",2
"R-HSA-383280","R-HSA-383280","Nuclear Receptor transcription pathway","3/25","46/2914",0.00664109959516267,0.0362706514432167,0.0268716525945387,"ESR1/ESR2/AR",3
"R-HSA-3371497","R-HSA-3371497","HSP90 chaperone cycle for steroid hormone receptors (SHR)","2/25","15/2914",0.0069306977280032,0.0362706514432167,0.0268716525945387,"HSP90AA1/AR",2
"R-HSA-6803204","R-HSA-6803204","TP53 Regulates Transcription of Genes Involved in Cytochrome C Release","2/25","15/2914",0.0069306977280032,0.0362706514432167,0.0268716525945387,"CREBBP/TP73",2
"R-HSA-6804114","R-HSA-6804114","TP53 Regulates Transcription of Genes Involved in G2 Cell Cycle Arrest","2/25","15/2914",0.0069306977280032,0.0362706514432167,0.0268716525945387,"E2F4/RBL1",2
"R-HSA-9614085","R-HSA-9614085","FOXO-mediated transcription","3/25","49/2914",0.00792477303733833,0.0407930939954793,0.0302221715487795,"CDKN1B/CREBBP/SMAD4",3
"R-HSA-2219528","R-HSA-2219528","PI3K/AKT Signaling in Cancer","4/25","97/2914",0.00852637778280319,0.043181977803229,0.0319920117147624,"CDKN1B/ESR1/MDM2/ESR2",4
"R-HSA-157118","R-HSA-157118","Signaling by NOTCH","4/25","104/2914",0.0108649762688282,0.0533929450174647,0.0395569589301365,"CREBBP/JUN/MYC/HIF1A",4
"R-HSA-3371571","R-HSA-3371571","HSF1-dependent transactivation","2/25","19/2914",0.0110526797010675,0.0533929450174647,0.0395569589301365,"CREBBP/HSP90AA1",2
"R-HSA-5621575","R-HSA-5621575","CD209 (DC-SIGN) signaling","2/25","19/2914",0.0110526797010675,0.0533929450174647,0.0395569589301365,"CREBBP/RELA",2
"R-HSA-187577","R-HSA-187577","SCF(Skp2)-mediated degradation of p27/p21","2/25","22/2914",0.0146979446000783,0.0688829045436506,0.0510329262626443,"CCNE1/CDKN1B",2
"R-HSA-201722","R-HSA-201722","Formation of the beta-catenin:TCF transactivating complex","2/25","22/2914",0.0146979446000783,0.0688829045436506,0.0510329262626443,"CREBBP/MYC",2
"R-HSA-8878166","R-HSA-8878166","Transcriptional regulation by RUNX2","3/25","62/2914",0.0151163280985245,0.069801867984363,0.0517137540212679,"ESR1/SMAD4/AR",3
"R-HSA-1912408","R-HSA-1912408","Pre-NOTCH Transcription and Translation","2/25","23/2914",0.0160136933708524,0.0717998405781111,0.0531939817893482,"CREBBP/JUN",2
"R-HSA-6783589","R-HSA-6783589","Interleukin-6 family signaling","2/25","23/2914",0.0160136933708524,0.0717998405781111,0.0531939817893482,"STAT3/TYK2",2
"R-HSA-1980143","R-HSA-1980143","Signaling by NOTCH1","3/25","64/2914",0.0164659633138539,0.0717998405781111,0.0531939817893482,"CREBBP/MYC/HIF1A",3
"R-HSA-1234174","R-HSA-1234174","Cellular response to hypoxia","2/25","24/2914",0.0173783053628549,0.0717998405781111,0.0531939817893482,"CREBBP/HIF1A",2
"R-HSA-2559586","R-HSA-2559586","DNA Damage/Telomere Stress Induced Senescence","2/25","24/2914",0.0173783053628549,0.0717998405781111,0.0531939817893482,"CCNE1/CDKN1B",2
"R-HSA-5674400","R-HSA-5674400","Constitutive Signaling by AKT1 E17K in Cancer","2/25","24/2914",0.0173783053628549,0.0717998405781111,0.0531939817893482,"CDKN1B/MDM2",2
"R-HSA-8854691","R-HSA-8854691","Interleukin-20 family signaling","2/25","24/2914",0.0173783053628549,0.0717998405781111,0.0531939817893482,"STAT3/TYK2",2
"R-HSA-8941326","R-HSA-8941326","RUNX2 regulates bone development","2/25","24/2914",0.0173783053628549,0.0717998405781111,0.0531939817893482,"SMAD4/AR",2
"R-HSA-5617472","R-HSA-5617472","Activation of anterior HOX genes in hindbrain development during early embryogenesis","2/25","27/2914",0.0217567247755867,0.0864760959434712,0.064067104269216,"CREBBP/JUN",2
"R-HSA-5619507","R-HSA-5619507","Activation of HOX genes during differentiation","2/25","27/2914",0.0217567247755867,0.0864760959434712,0.064067104269216,"CREBBP/JUN",2
"R-HSA-9616222","R-HSA-9616222","Transcriptional regulation of granulopoiesis","2/25","27/2914",0.0217567247755867,0.0864760959434712,0.064067104269216,"MYC/STAT3",2
"R-HSA-4090294","R-HSA-4090294","SUMOylation of intracellular receptors","2/25","28/2914",0.0233082444001797,0.0914848592707053,0.067777921216312,"ESR1/AR",2
"R-HSA-1912422","R-HSA-1912422","Pre-NOTCH Expression and Processing","2/25","29/2914",0.0249044049092256,0.0965430017468745,0.0715253214417005,"CREBBP/JUN",2
"R-HSA-390466","R-HSA-390466","Chaperonin-mediated protein folding","2/25","30/2914",0.0265443916625035,0.100420951590676,0.0743983583692235,"CCNE1/STAT3",2
"R-HSA-5633008","R-HSA-5633008","TP53 Regulates Transcription of Cell Death Genes","2/25","30/2914",0.0265443916625035,0.100420951590676,0.0743983583692235,"CREBBP/TP73",2
"R-HSA-391251","R-HSA-391251","Protein folding","2/25","31/2914",0.0282273997335954,0.105516708527964,0.0781736258286288,"CCNE1/STAT3",2
"R-HSA-447115","R-HSA-447115","Interleukin-12 family signaling","2/25","32/2914",0.0299526338136395,0.109361942063753,0.0810224243918522,"STAT3/TYK2",2
"R-HSA-8943724","R-HSA-8943724","Regulation of PTEN gene transcription","2/25","32/2914",0.0299526338136395,0.109361942063753,0.0810224243918522,"JUN/EGR1",2
"R-HSA-1834949","R-HSA-1834949","Cytosolic sensors of pathogen-associated DNA ","2/25","34/2914",0.0335266462813442,0.119629169685706,0.0886290529686253,"CREBBP/RELA",2
"R-HSA-5687128","R-HSA-5687128","MAPK6/MAPK4 signaling","2/25","34/2914",0.0335266462813442,0.119629169685706,0.0886290529686253,"JUN/MYC",2
"R-HSA-8878171","R-HSA-8878171","Transcriptional regulation by RUNX1","3/25","86/2914",0.0357351240908615,0.126076729938545,0.0934058240577221,"CREBBP/ESR1/TP73",3
"R-HSA-1266738","R-HSA-1266738","Developmental Biology","7/25","397/2914",0.0440995513211314,0.153858434609281,0.11398831394117,"CREBBP/HSP90AA1/JUN/MYC/SMAD4/STAT3/RELA",7
"R-HSA-381340","R-HSA-381340","Transcriptional regulation of white adipocyte differentiation","2/25","40/2914",0.0451823047172231,0.155903776716572,0.115503636119217,"CREBBP/RELA",2
"R-HSA-6783783","R-HSA-6783783","Interleukin-10 signaling","2/25","42/2914",0.0493591252089238,0.166653390490345,0.123467647664654,"STAT3/TYK2",2
"R-HSA-909733","R-HSA-909733","Interferon alpha/beta signaling","2/25","42/2914",0.0493591252089238,0.166653390490345,0.123467647664654,"TYK2/EGR1",2
"R-HSA-2559580","R-HSA-2559580","Oxidative Stress Induced Senescence","2/25","44/2914",0.0536722969310172,0.179288311024887,0.132828416816963,"JUN/MDM2",2
"R-HSA-1989781","R-HSA-1989781","PPARA activates gene expression","2/25","47/2914",0.060385798856941,0.199590956221889,0.147869934043036,"CREBBP/AHR",2
"R-HSA-400206","R-HSA-400206","Regulation of lipid metabolism by Peroxisome proliferator-activated receptor alpha (PPARalpha)","2/25","48/2914",0.0626859747893674,0.205035375873556,0.151903513469849,"CREBBP/AHR",2
"R-HSA-109606","R-HSA-109606","Intrinsic Pathway for Apoptosis","2/25","49/2914",0.0650162386937091,0.2083173362227,0.154335002699352,"STAT3/TP73",2
"R-HSA-3371556","R-HSA-3371556","Cellular response to heat stress","2/25","49/2914",0.0650162386937091,0.2083173362227,0.154335002699352,"CREBBP/HSP90AA1",2
"R-HSA-2644602","R-HSA-2644602","Signaling by NOTCH1 PEST Domain Mutants in Cancer","2/25","51/2914",0.0697644874807251,0.21063508720142,0.15605214304899,"CREBBP/MYC",2
"R-HSA-2644603","R-HSA-2644603","Signaling by NOTCH1 in Cancer","2/25","51/2914",0.0697644874807251,0.21063508720142,0.15605214304899,"CREBBP/MYC",2
"R-HSA-2644606","R-HSA-2644606","Constitutive Signaling by NOTCH1 PEST Domain Mutants","2/25","51/2914",0.0697644874807251,0.21063508720142,0.15605214304899,"CREBBP/MYC",2
"R-HSA-2894858","R-HSA-2894858","Signaling by NOTCH1 HD+PEST Domain Mutants in Cancer","2/25","51/2914",0.0697644874807251,0.21063508720142,0.15605214304899,"CREBBP/MYC",2
"R-HSA-2894862","R-HSA-2894862","Constitutive Signaling by NOTCH1 HD+PEST Domain Mutants","2/25","51/2914",0.0697644874807251,0.21063508720142,0.15605214304899,"CREBBP/MYC",2
"R-HSA-8951664","R-HSA-8951664","Neddylation","2/25","51/2914",0.0697644874807251,0.21063508720142,0.15605214304899,"COPS5/HIF1A",2
"R-HSA-69620","R-HSA-69620","Cell Cycle Checkpoints","3/25","114/2914",0.0717751097601818,0.21381984235899,0.158411616363851,"CCNE1/CDKN1B/MDM2",3
"R-HSA-400253","R-HSA-400253","Circadian Clock","2/25","52/2914",0.0721812206689584,0.21381984235899,0.158411616363851,"CREBBP/HIF1A",2
"R-HSA-110056","R-HSA-110056","MAPK3 (ERK1) activation","1/25","10/2914",0.0826780600904812,0.225747051029662,0.167248066636122,"TYK2",1
"R-HSA-209560","R-HSA-209560","NF-kB is activated and signals survival","1/25","10/2914",0.0826780600904812,0.225747051029662,0.167248066636122,"RELA",1
"R-HSA-211945","R-HSA-211945","Phase I - Functionalization of compounds","1/25","10/2914",0.0826780600904812,0.225747051029662,0.167248066636122,"AHR",1
"R-HSA-3371511","R-HSA-3371511","HSF1 activation","1/25","10/2914",0.0826780600904812,0.225747051029662,0.167248066636122,"HSP90AA1",1
"R-HSA-450341","R-HSA-450341","Activation of the AP-1 family of transcription factors","1/25","10/2914",0.0826780600904812,0.225747051029662,0.167248066636122,"JUN",1
"R-HSA-4755510","R-HSA-4755510","SUMOylation of immune response proteins","1/25","10/2914",0.0826780600904812,0.225747051029662,0.167248066636122,"RELA",1
"R-HSA-6804759","R-HSA-6804759","Regulation of TP53 Activity through Association with Co-factors","1/25","10/2914",0.0826780600904812,0.225747051029662,0.167248066636122,"TP73",1
"R-HSA-9020958","R-HSA-9020958","Interleukin-21 signaling","1/25","10/2914",0.0826780600904812,0.225747051029662,0.167248066636122,"STAT3",1
"R-HSA-9617629","R-HSA-9617629","Regulation of FOXO transcriptional activity by acetylation","1/25","10/2914",0.0826780600904812,0.225747051029662,0.167248066636122,"CREBBP",1
"R-HSA-6807070","R-HSA-6807070","PTEN Regulation","2/25","59/2914",0.0898372859305304,0.237004885187543,0.175588600826172,"JUN/EGR1",2
"R-HSA-193692","R-HSA-193692","Regulated proteolysis of p75NTR","1/25","11/2914",0.0905751153582967,0.237004885187543,0.175588600826172,"RELA",1
"R-HSA-2586552","R-HSA-2586552","Signaling by Leptin","1/25","11/2914",0.0905751153582967,0.237004885187543,0.175588600826172,"STAT3",1
"R-HSA-6803207","R-HSA-6803207","TP53 Regulates Transcription of Caspase Activators and Caspases","1/25","11/2914",0.0905751153582967,0.237004885187543,0.175588600826172,"TP73",1
"R-HSA-8866910","R-HSA-8866910","TFAP2 (AP-2) family regulates transcription of growth factors and their receptors","1/25","11/2914",0.0905751153582967,0.237004885187543,0.175588600826172,"ESR1",1
"R-HSA-1502540","R-HSA-1502540","Signaling by Activin","1/25","12/2914",0.0984068832246565,0.247198090660337,0.183140388990729,"SMAD4",1
"R-HSA-1839117","R-HSA-1839117","Signaling by cytosolic FGFR1 fusion mutants","1/25","12/2914",0.0984068832246565,0.247198090660337,0.183140388990729,"STAT3",1
"R-HSA-210744","R-HSA-210744","Regulation of gene expression in late stage (branching morphogenesis) pancreatic bud precursor cells","1/25","12/2914",0.0984068832246565,0.247198090660337,0.183140388990729,"CREBBP",1
"R-HSA-399954","R-HSA-399954","Sema3A PAK dependent Axon repulsion","1/25","12/2914",0.0984068832246565,0.247198090660337,0.183140388990729,"HSP90AA1",1
"R-HSA-844456","R-HSA-844456","The NLRP3 inflammasome","1/25","12/2914",0.0984068832246565,0.247198090660337,0.183140388990729,"RELA",1
"R-HSA-1368082","R-HSA-1368082","RORA activates gene expression","1/25","13/2914",0.106173881129338,0.256450759035477,0.189995366231446,"CREBBP",1
"R-HSA-193639","R-HSA-193639","p75NTR signals via NF-kB","1/25","13/2914",0.106173881129338,0.256450759035477,0.189995366231446,"RELA",1
"R-HSA-6804760","R-HSA-6804760","Regulation of TP53 Activity through Methylation","1/25","13/2914",0.106173881129338,0.256450759035477,0.189995366231446,"MDM2",1
"R-HSA-8941856","R-HSA-8941856","RUNX3 regulates NOTCH signaling","1/25","13/2914",0.106173881129338,0.256450759035477,0.189995366231446,"CREBBP",1
"R-HSA-9614657","R-HSA-9614657","FOXO-mediated transcription of cell death genes","1/25","13/2914",0.106173881129338,0.256450759035477,0.189995366231446,"CREBBP",1
"R-HSA-168928","R-HSA-168928","DDX58/IFIH1-mediated induction of interferon-alpha/beta","2/25","66/2914",0.108646099477297,0.257989925516422,0.191135680654138,"CREBBP/RELA",2
"R-HSA-69275","R-HSA-69275","G2/M Transition","2/25","66/2914",0.108646099477297,0.257989925516422,0.191135680654138,"HSP90AA1/MYBL2",2
"R-HSA-211859","R-HSA-211859","Biological oxidations","1/25","14/2914",0.113876622588065,0.257989925516422,0.191135680654138,"AHR",1
"R-HSA-2426168","R-HSA-2426168","Activation of gene expression by SREBF (SREBP)","1/25","14/2914",0.113876622588065,0.257989925516422,0.191135680654138,"CREBBP",1
"R-HSA-5637810","R-HSA-5637810","Constitutive Signaling by EGFRvIII","1/25","14/2914",0.113876622588065,0.257989925516422,0.191135680654138,"HSP90AA1",1
"R-HSA-5637812","R-HSA-5637812","Signaling by EGFRvIII in Cancer","1/25","14/2914",0.113876622588065,0.257989925516422,0.191135680654138,"HSP90AA1",1
"R-HSA-8983432","R-HSA-8983432","Interleukin-15 signaling","1/25","14/2914",0.113876622588065,0.257989925516422,0.191135680654138,"STAT3",1
"R-HSA-918233","R-HSA-918233","TRAF3-dependent IRF activation pathway","1/25","14/2914",0.113876622588065,0.257989925516422,0.191135680654138,"CREBBP",1
"R-HSA-453274","R-HSA-453274","Mitotic G2-G2/M phases","2/25","68/2914",0.11420573135918,0.257989925516422,0.191135680654138,"HSP90AA1/MYBL2",2
"R-HSA-1181150","R-HSA-1181150","Signaling by NODAL","1/25","15/2914",0.121515617220926,0.26151413177488,0.193746641375289,"SMAD4",1
"R-HSA-69541","R-HSA-69541","Stabilization of p53","1/25","15/2914",0.121515617220926,0.26151413177488,0.193746641375289,"MDM2",1
"R-HSA-8862803","R-HSA-8862803","Deregulated CDK5 triggers multiple neurodegenerative pathways in Alzheimer's disease models","1/25","15/2914",0.121515617220926,0.26151413177488,0.193746641375289,"JUN",1
"R-HSA-8863678","R-HSA-8863678","Neurodegenerative Diseases","1/25","15/2914",0.121515617220926,0.26151413177488,0.193746641375289,"JUN",1
"R-HSA-9008059","R-HSA-9008059","Interleukin-37 signaling","1/25","15/2914",0.121515617220926,0.26151413177488,0.193746641375289,"STAT3",1
"R-HSA-2219530","R-HSA-2219530","Constitutive Signaling by Aberrant PI3K in Cancer","2/25","72/2914",0.125546142212854,0.26151413177488,0.193746641375289,"ESR1/ESR2",2
"R-HSA-5621481","R-HSA-5621481","C-type lectin receptors (CLRs)","2/25","72/2914",0.125546142212854,0.26151413177488,0.193746641375289,"CREBBP/RELA",2
"R-HSA-1236382","R-HSA-1236382","Constitutive Signaling by Ligand-Responsive EGFR Cancer Variants","1/25","16/2914",0.129091370780594,0.26151413177488,0.193746641375289,"HSP90AA1",1
"R-HSA-1810476","R-HSA-1810476","RIP-mediated NFkB activation via ZBP1","1/25","16/2914",0.129091370780594,0.26151413177488,0.193746641375289,"RELA",1
"R-HSA-211000","R-HSA-211000","Gene Silencing by RNA","1/25","16/2914",0.129091370780594,0.26151413177488,0.193746641375289,"HSP90AA1",1
"R-HSA-3232118","R-HSA-3232118","SUMOylation of transcription factors","1/25","16/2914",0.129091370780594,0.26151413177488,0.193746641375289,"MDM2",1
"R-HSA-5637815","R-HSA-5637815","Signaling by Ligand-Responsive EGFR Variants in Cancer","1/25","16/2914",0.129091370780594,0.26151413177488,0.193746641375289,"HSP90AA1",1
"R-HSA-622312","R-HSA-622312","Inflammasomes","1/25","16/2914",0.129091370780594,0.26151413177488,0.193746641375289,"RELA",1
"R-HSA-6788467","R-HSA-6788467","IL-6-type cytokine receptor ligand interactions","1/25","16/2914",0.129091370780594,0.26151413177488,0.193746641375289,"TYK2",1
"R-HSA-8852276","R-HSA-8852276","The role of GTSE1 in G2/M progression after G2 checkpoint","1/25","16/2914",0.129091370780594,0.26151413177488,0.193746641375289,"HSP90AA1",1
"R-HSA-8941858","R-HSA-8941858","Regulation of RUNX3 expression and activity","1/25","16/2914",0.129091370780594,0.26151413177488,0.193746641375289,"MDM2",1
"R-HSA-2173782","R-HSA-2173782","Binding and Uptake of Ligands by Scavenger Receptors","1/25","17/2914",0.136604385180347,0.264776400905117,0.196163542071843,"HSP90AA1",1
"R-HSA-3232142","R-HSA-3232142","SUMOylation of ubiquitinylation proteins","1/25","17/2914",0.136604385180347,0.264776400905117,0.196163542071843,"MDM2",1
"R-HSA-399719","R-HSA-399719","Trafficking of AMPA receptors","1/25","17/2914",0.136604385180347,0.264776400905117,0.196163542071843,"MDM2",1
"R-HSA-399721","R-HSA-399721","Glutamate binding, activation of AMPA receptors and synaptic plasticity","1/25","17/2914",0.136604385180347,0.264776400905117,0.196163542071843,"MDM2",1
"R-HSA-5607761","R-HSA-5607761","Dectin-1 mediated noncanonical NF-kB signaling","1/25","17/2914",0.136604385180347,0.264776400905117,0.196163542071843,"RELA",1
"R-HSA-5696394","R-HSA-5696394","DNA Damage Recognition in GG-NER","1/25","17/2914",0.136604385180347,0.264776400905117,0.196163542071843,"COPS5",1
"R-HSA-9013695","R-HSA-9013695","NOTCH4 Intracellular Domain Regulates Transcription","1/25","17/2914",0.136604385180347,0.264776400905117,0.196163542071843,"CREBBP",1
"R-HSA-168142","R-HSA-168142","Toll Like Receptor 10 (TLR10) Cascade","2/25","78/2914",0.143052325815258,0.267652779738923,0.198294550192095,"JUN/RELA",2
"R-HSA-168176","R-HSA-168176","Toll Like Receptor 5 (TLR5) Cascade","2/25","78/2914",0.143052325815258,0.267652779738923,0.198294550192095,"JUN/RELA",2
"R-HSA-975871","R-HSA-975871","MyD88 cascade initiated on plasma membrane","2/25","78/2914",0.143052325815258,0.267652779738923,0.198294550192095,"JUN/RELA",2
"R-HSA-1234176","R-HSA-1234176","Oxygen-dependent proline hydroxylation of Hypoxia-inducible Factor Alpha","1/25","18/2914",0.144055158521904,0.267652779738923,0.198294550192095,"HIF1A",1
"R-HSA-168273","R-HSA-168273","Influenza Viral RNA Transcription and Replication","1/25","18/2914",0.144055158521904,0.267652779738923,0.198294550192095,"HSP90AA1",1
"R-HSA-449836","R-HSA-449836","Other interleukin signaling","1/25","18/2914",0.144055158521904,0.267652779738923,0.198294550192095,"TYK2",1
"R-HSA-9013508","R-HSA-9013508","NOTCH3 Intracellular Domain Regulates Transcription","1/25","18/2914",0.144055158521904,0.267652779738923,0.198294550192095,"CREBBP",1
"R-HSA-1852241","R-HSA-1852241","Organelle biogenesis and maintenance","2/25","80/2914",0.14900528701175,0.273295828325526,0.202475286825146,"CREBBP/HSP90AA1",2
"R-HSA-1368108","R-HSA-1368108","BMAL1:CLOCK,NPAS2 activates circadian gene expression","1/25","19/2914",0.151444185123062,0.273295828325526,0.202475286825146,"CREBBP",1
"R-HSA-1606322","R-HSA-1606322","ZBP1(DAI) mediated induction of type I IFNs","1/25","19/2914",0.151444185123062,0.273295828325526,0.202475286825146,"RELA",1
"R-HSA-8940973","R-HSA-8940973","RUNX2 regulates osteoblast differentiation","1/25","19/2914",0.151444185123062,0.273295828325526,0.202475286825146,"AR",1
"R-HSA-9615017","R-HSA-9615017","FOXO-mediated transcription of oxidative stress, metabolic and neuronal genes","1/25","19/2914",0.151444185123062,0.273295828325526,0.202475286825146,"SMAD4",1
"R-HSA-446652","R-HSA-446652","Interleukin-1 family signaling","2/25","82/2914",0.155011234787296,0.275438641111463,0.204062821607889,"STAT3/RELA",2
"R-HSA-975138","R-HSA-975138","TRAF6 mediated induction of NFkB and MAP kinases upon TLR7/8 or 9 activation","2/25","83/2914",0.158033031733598,0.275438641111463,0.204062821607889,"JUN/RELA",2
"R-HSA-1655829","R-HSA-1655829","Regulation of cholesterol biosynthesis by SREBP (SREBF)","1/25","20/2914",0.158771955545143,0.275438641111463,0.204062821607889,"CREBBP",1
"R-HSA-2173795","R-HSA-2173795","Downregulation of SMAD2/3:SMAD4 transcriptional activity","1/25","20/2914",0.158771955545143,0.275438641111463,0.204062821607889,"SMAD4",1
"R-HSA-5260271","R-HSA-5260271","Diseases of Immune System","1/25","20/2914",0.158771955545143,0.275438641111463,0.204062821607889,"RELA",1
"R-HSA-5339562","R-HSA-5339562","Uptake and actions of bacterial toxins","1/25","20/2914",0.158771955545143,0.275438641111463,0.204062821607889,"HSP90AA1",1
"R-HSA-5602358","R-HSA-5602358","Diseases associated with the TLR signaling cascade","1/25","20/2914",0.158771955545143,0.275438641111463,0.204062821607889,"RELA",1
"R-HSA-168181","R-HSA-168181","Toll Like Receptor 7/8 (TLR7/8) Cascade","2/25","84/2914",0.161066830371901,0.276366036812989,0.204749896532586,"JUN/RELA",2
"R-HSA-975155","R-HSA-975155","MyD88 dependent cascade initiated on endosome","2/25","84/2914",0.161066830371901,0.276366036812989,0.204749896532586,"JUN/RELA",2
"R-HSA-933542","R-HSA-933542","TRAF6 mediated NF-kB activation","1/25","21/2914",0.166038956620253,0.279864798864992,0.207342006534238,"RELA",1
"R-HSA-166058","R-HSA-166058","MyD88:MAL(TIRAP) cascade initiated on plasma membrane","2/25","86/2914",0.167168825121365,0.279864798864992,0.207342006534238,"JUN/RELA",2
"R-HSA-168138","R-HSA-168138","Toll Like Receptor 9 (TLR9) Cascade","2/25","86/2914",0.167168825121365,0.279864798864992,0.207342006534238,"JUN/RELA",2
"R-HSA-168188","R-HSA-168188","Toll Like Receptor TLR6:TLR2 Cascade","2/25","86/2914",0.167168825121365,0.279864798864992,0.207342006534238,"JUN/RELA",2
"R-HSA-168164","R-HSA-168164","Toll Like Receptor 3 (TLR3) Cascade","2/25","87/2914",0.170236231156731,0.279864798864992,0.207342006534238,"JUN/RELA",2
"R-HSA-168179","R-HSA-168179","Toll Like Receptor TLR1:TLR2 Cascade","2/25","87/2914",0.170236231156731,0.279864798864992,0.207342006534238,"JUN/RELA",2
"R-HSA-181438","R-HSA-181438","Toll Like Receptor 2 (TLR2) Cascade","2/25","87/2914",0.170236231156731,0.279864798864992,0.207342006534238,"JUN/RELA",2
"R-HSA-2454202","R-HSA-2454202","Fc epsilon receptor (FCERI) signaling","2/25","87/2914",0.170236231156731,0.279864798864992,0.207342006534238,"JUN/RELA",2
"R-HSA-1266695","R-HSA-1266695","Interleukin-7 signaling","1/25","22/2914",0.173245671478357,0.281668752191987,0.208678492237443,"STAT3",1
"R-HSA-1643713","R-HSA-1643713","Signaling by EGFR in Cancer","1/25","22/2914",0.173245671478357,0.281668752191987,0.208678492237443,"HSP90AA1",1
"R-HSA-166166","R-HSA-166166","MyD88-independent TLR4 cascade ","2/25","90/2914",0.179499456793251,0.281668752191987,0.208678492237443,"JUN/RELA",2
"R-HSA-937061","R-HSA-937061","TRIF(TICAM1)-mediated TLR4 signaling ","2/25","90/2914",0.179499456793251,0.281668752191987,0.208678492237443,"JUN/RELA",2
"R-HSA-112409","R-HSA-112409","RAF-independent MAPK1/3 activation","1/25","23/2914",0.180392579574153,0.281668752191987,0.208678492237443,"TYK2",1
"R-HSA-201451","R-HSA-201451","Signaling by BMP","1/25","23/2914",0.180392579574153,0.281668752191987,0.208678492237443,"SMAD4",1
"R-HSA-2559585","R-HSA-2559585","Oncogene Induced Senescence","1/25","23/2914",0.180392579574153,0.281668752191987,0.208678492237443,"MDM2",1
"R-HSA-9020591","R-HSA-9020591","Interleukin-12 signaling","1/25","23/2914",0.180392579574153,0.281668752191987,0.208678492237443,"TYK2",1
"R-HSA-6811558","R-HSA-6811558","PI5P, PP2A and IER3 Regulate PI3K/AKT Signaling","2/25","92/2914",0.185722030116857,0.281668752191987,0.208678492237443,"ESR1/ESR2",2
"R-HSA-1169091","R-HSA-1169091","Activation of NF-kappaB in B cells","1/25","24/2914",0.187480156713775,0.281668752191987,0.208678492237443,"RELA",1
"R-HSA-168255","R-HSA-168255","Influenza Life Cycle","1/25","24/2914",0.187480156713775,0.281668752191987,0.208678492237443,"HSP90AA1",1
"R-HSA-1839124","R-HSA-1839124","FGFR1 mutant receptor activation","1/25","24/2914",0.187480156713775,0.281668752191987,0.208678492237443,"STAT3",1
"R-HSA-186712","R-HSA-186712","Regulation of beta-cell development","1/25","24/2914",0.187480156713775,0.281668752191987,0.208678492237443,"CREBBP",1
"R-HSA-5625740","R-HSA-5625740","RHO GTPases activate PKNs","1/25","24/2914",0.187480156713775,0.281668752191987,0.208678492237443,"AR",1
"R-HSA-8863795","R-HSA-8863795","Downregulation of ERBB2 signaling","1/25","24/2914",0.187480156713775,0.281668752191987,0.208678492237443,"HSP90AA1",1
"R-HSA-912694","R-HSA-912694","Regulation of IFNA signaling","1/25","24/2914",0.187480156713775,0.281668752191987,0.208678492237443,"TYK2",1
"R-HSA-9634638","R-HSA-9634638","Estrogen-dependent nuclear events downstream of ESR-membrane signaling","1/25","24/2914",0.187480156713775,0.281668752191987,0.208678492237443,"CDKN1B",1
"R-HSA-982772","R-HSA-982772","Growth hormone receptor signaling","1/25","24/2914",0.187480156713775,0.281668752191987,0.208678492237443,"STAT3",1
"R-HSA-380259","R-HSA-380259","Loss of Nlp from mitotic centrosomes","1/25","25/2914",0.194508875081302,0.287640594885,0.213102820883624,"HSP90AA1",1
"R-HSA-380284","R-HSA-380284","Loss of proteins required for interphase microtubule organization from the centrosome","1/25","25/2914",0.194508875081302,0.287640594885,0.213102820883624,"HSP90AA1",1
"R-HSA-5218920","R-HSA-5218920","VEGFR2 mediated vascular permeability","1/25","25/2914",0.194508875081302,0.287640594885,0.213102820883624,"HSP90AA1",1
"R-HSA-5633007","R-HSA-5633007","Regulation of TP53 Activity","2/25","95/2914",0.195119257039825,0.287640594885,0.213102820883624,"MDM2/TP73",2
"R-HSA-913531","R-HSA-913531","Interferon Signaling","2/25","97/2914",0.201422227562646,0.289535240589161,0.214506497385869,"TYK2/EGR1",2
"R-HSA-350054","R-HSA-350054","Notch-HLH transcription pathway","1/25","26/2914",0.201479203265091,0.289535240589161,0.214506497385869,"CREBBP",1
"R-HSA-380320","R-HSA-380320","Recruitment of NuMA to mitotic centrosomes","1/25","26/2914",0.201479203265091,0.289535240589161,0.214506497385869,"HSP90AA1",1
"R-HSA-8854518","R-HSA-8854518","AURKA Activation by TPX2","1/25","26/2914",0.201479203265091,0.289535240589161,0.214506497385869,"HSP90AA1",1
"R-HSA-8939902","R-HSA-8939902","Regulation of RUNX2 expression and activity","1/25","26/2914",0.201479203265091,0.289535240589161,0.214506497385869,"ESR1",1
"R-HSA-199418","R-HSA-199418","Negative regulation of the PI3K/AKT network","2/25","99/2914",0.207752549819155,0.289535240589161,0.214506497385869,"ESR1/ESR2",2
"R-HSA-1251985","R-HSA-1251985","Nuclear signaling by ERBB4","1/25","27/2914",0.208391606283919,0.289535240589161,0.214506497385869,"ESR1",1
"R-HSA-380270","R-HSA-380270","Recruitment of mitotic centrosome proteins and complexes","1/25","27/2914",0.208391606283919,0.289535240589161,0.214506497385869,"HSP90AA1",1
"R-HSA-380287","R-HSA-380287","Centrosome maturation","1/25","27/2914",0.208391606283919,0.289535240589161,0.214506497385869,"HSP90AA1",1
"R-HSA-445989","R-HSA-445989","TAK1 activates NFkB by phosphorylation and activation of IKKs complex","1/25","27/2914",0.208391606283919,0.289535240589161,0.214506497385869,"RELA",1
"R-HSA-5689896","R-HSA-5689896","Ovarian tumor domain proteases","1/25","27/2914",0.208391606283919,0.289535240589161,0.214506497385869,"ESR1",1
"R-HSA-69017","R-HSA-69017","CDK-mediated phosphorylation and removal of Cdc6","1/25","27/2914",0.208391606283919,0.289535240589161,0.214506497385869,"CCNE1",1
"R-HSA-8939236","R-HSA-8939236","RUNX1 regulates transcription of genes involved in differentiation of HSCs","1/25","27/2914",0.208391606283919,0.289535240589161,0.214506497385869,"TP73",1
"R-HSA-109581","R-HSA-109581","Apoptosis","2/25","101/2914",0.214107592851192,0.291325066045109,0.215832516245287,"STAT3/TP73",2
"R-HSA-2173789","R-HSA-2173789","TGF-beta receptor signaling activates SMADs","1/25","28/2914",0.215246545612946,0.291325066045109,0.215832516245287,"SMAD4",1
"R-HSA-5620912","R-HSA-5620912","Anchoring of the basal body to the plasma membrane","1/25","28/2914",0.215246545612946,0.291325066045109,0.215832516245287,"HSP90AA1",1
"R-HSA-6781823","R-HSA-6781823","Formation of TC-NER Pre-Incision Complex","1/25","28/2914",0.215246545612946,0.291325066045109,0.215832516245287,"COPS5",1
"R-HSA-8957322","R-HSA-8957322","Metabolism of steroids","1/25","28/2914",0.215246545612946,0.291325066045109,0.215832516245287,"CREBBP",1
"R-HSA-933541","R-HSA-933541","TRAF6 mediated IRF7 activation","1/25","28/2914",0.215246545612946,0.291325066045109,0.215832516245287,"CREBBP",1
"R-HSA-5357801","R-HSA-5357801","Programmed Cell Death","2/25","103/2914",0.220484800735161,0.294185512539179,0.217951720654236,"STAT3/TP73",2
"R-HSA-114452","R-HSA-114452","Activation of BH3-only proteins","1/25","29/2914",0.222044479209508,0.294185512539179,0.217951720654236,"TP73",1
"R-HSA-186763","R-HSA-186763","Downstream signal transduction","1/25","29/2914",0.222044479209508,0.294185512539179,0.217951720654236,"STAT3",1
"R-HSA-6804757","R-HSA-6804757","Regulation of TP53 Degradation","1/25","29/2914",0.222044479209508,0.294185512539179,0.217951720654236,"MDM2",1
"R-HSA-6806003","R-HSA-6806003","Regulation of TP53 Expression and Degradation","1/25","29/2914",0.222044479209508,0.294185512539179,0.217951720654236,"MDM2",1
"R-HSA-168254","R-HSA-168254","Influenza Infection","1/25","30/2914",0.228785861538715,0.299328168846485,0.221761734210772,"HSP90AA1",1
"R-HSA-2871796","R-HSA-2871796","FCERI mediated MAPK activation","1/25","30/2914",0.228785861538715,0.299328168846485,0.221761734210772,"JUN",1
"R-HSA-450282","R-HSA-450282","MAPK targets/ Nuclear events mediated by MAP kinases","1/25","30/2914",0.228785861538715,0.299328168846485,0.221761734210772,"JUN",1
"R-HSA-196854","R-HSA-196854","Metabolism of vitamins and cofactors","1/25","31/2914",0.235471143598885,0.304271354280041,0.225423966798153,"HSP90AA1",1
"R-HSA-3214841","R-HSA-3214841","PKMTs methylate histone lysines","1/25","31/2914",0.235471143598885,0.304271354280041,0.225423966798153,"RELA",1
"R-HSA-5655302","R-HSA-5655302","Signaling by FGFR1 in disease","1/25","31/2914",0.235471143598885,0.304271354280041,0.225423966798153,"STAT3",1
"R-HSA-201681","R-HSA-201681","TCF dependent signaling in response to WNT","2/25","108/2914",0.236508676540938,0.304359526368257,0.225489290403569,"CREBBP/MYC",2
"R-HSA-3247509","R-HSA-3247509","Chromatin modifying enzymes","2/25","109/2914",0.239724945904846,0.305990378106185,0.226697531215109,"CREBBP/RELA",2
"R-HSA-4839726","R-HSA-4839726","Chromatin organization","2/25","109/2914",0.239724945904846,0.305990378106185,0.226697531215109,"CREBBP/RELA",2
"R-HSA-2151201","R-HSA-2151201","Transcriptional activation of mitochondrial biogenesis","1/25","32/2914",0.242100772946797,0.307598931590852,0.227889252033451,"CREBBP",1
"R-HSA-166016","R-HSA-166016","Toll Like Receptor 4 (TLR4) Cascade","2/25","110/2914",0.242944379090864,0.307598931590852,0.227889252033451,"JUN/RELA",2
"R-HSA-5683057","R-HSA-5683057","MAPK family signaling cascades","3/25","202/2914",0.248393206265334,0.312336043315788,0.231398811843075,"JUN/MYC/TYK2",3
"R-HSA-69052","R-HSA-69052","Switching of origins to a post-replicative state","1/25","33/2914",0.248675193722761,0.312336043315788,0.231398811843075,"CCNE1",1
"R-HSA-3214847","R-HSA-3214847","HATs acetylate histones","1/25","34/2914",0.255194846675531,0.317980880381416,0.235580873497462,"CREBBP",1
"R-HSA-6796648","R-HSA-6796648","TP53 Regulates Transcription of DNA Repair Genes","1/25","34/2914",0.255194846675531,0.317980880381416,0.235580873497462,"JUN",1
"R-HSA-556833","R-HSA-556833","Metabolism of lipids","2/25","119/2914",0.27201719098885,0.336605001946293,0.249378831478816,"CREBBP/AHR",2
"R-HSA-2565942","R-HSA-2565942","Regulation of PLK1 Activity at G2/M Transition","1/25","37/2914",0.274429555726914,0.336605001946293,0.249378831478816,"HSP90AA1",1
"R-HSA-3899300","R-HSA-3899300","SUMOylation of transcription cofactors","1/25","37/2914",0.274429555726914,0.336605001946293,0.249378831478816,"CREBBP",1
"R-HSA-9012852","R-HSA-9012852","Signaling by NOTCH3","1/25","37/2914",0.274429555726914,0.336605001946293,0.249378831478816,"CREBBP",1
"R-HSA-1592230","R-HSA-1592230","Mitochondrial biogenesis","1/25","38/2914",0.280734477905165,0.340349907576146,0.252153300617929,"CREBBP",1
"R-HSA-2871837","R-HSA-2871837","FCERI mediated NF-kB activation","1/25","38/2914",0.280734477905165,0.340349907576146,0.252153300617929,"RELA",1
"R-HSA-373755","R-HSA-373755","Semaphorin interactions","1/25","38/2914",0.280734477905165,0.340349907576146,0.252153300617929,"HSP90AA1",1
"R-HSA-1168372","R-HSA-1168372","Downstream signaling events of B Cell Receptor (BCR)","1/25","39/2914",0.286986785990134,0.345263796172039,0.255793828206572,"RELA",1
"R-HSA-6781827","R-HSA-6781827","Transcription-Coupled Nucleotide Excision Repair (TC-NER)","1/25","39/2914",0.286986785990134,0.345263796172039,0.255793828206572,"COPS5",1
"R-HSA-9013694","R-HSA-9013694","Signaling by NOTCH4","1/25","40/2914",0.293186900894568,0.351376667484329,0.260322640006828,"CREBBP",1
"R-HSA-168898","R-HSA-168898","Toll-like Receptor Cascades","2/25","127/2914",0.297905365849804,0.354684020592781,0.262772941840444,"JUN/RELA",2
"R-HSA-1433557","R-HSA-1433557","Signaling by SCF-KIT","1/25","41/2914",0.299335240309194,0.354684020592781,0.262772941840444,"STAT3",1
"R-HSA-451927","R-HSA-451927","Interleukin-2 family signaling","1/25","41/2914",0.299335240309194,0.354684020592781,0.262772941840444,"STAT3",1
"R-HSA-5617833","R-HSA-5617833","Cilium Assembly","1/25","42/2914",0.305432218726274,0.360547807067857,0.26711721542741,"HSP90AA1",1
"R-HSA-195258","R-HSA-195258","RHO GTPase Effectors","2/25","130/2914",0.307599108904713,0.361745768524644,0.268004743023622,"CDKN1B/AR",2
"R-HSA-202424","R-HSA-202424","Downstream TCR signaling","1/25","43/2914",0.311478247462988,0.363584273990254,0.269366827193584,"RELA",1
"R-HSA-2029482","R-HSA-2029482","Regulation of actin dynamics for phagocytic cup formation","1/25","43/2914",0.311478247462988,0.363584273990254,0.269366827193584,"HSP90AA1",1
"R-HSA-1227986","R-HSA-1227986","Signaling by ERBB2","1/25","44/2914",0.317473734684662,0.366495414305087,0.27152358887504,"HSP90AA1",1
"R-HSA-1236394","R-HSA-1236394","Signaling by ERBB4","1/25","44/2914",0.317473734684662,0.366495414305087,0.27152358887504,"ESR1",1
"R-HSA-69239","R-HSA-69239","Synthesis of DNA","1/25","44/2914",0.317473734684662,0.366495414305087,0.27152358887504,"CCNE1",1
"R-HSA-1226099","R-HSA-1226099","Signaling by FGFR in disease","1/25","45/2914",0.323419085427827,0.371991182506731,0.275595210640253,"STAT3",1
"R-HSA-5696399","R-HSA-5696399","Global Genome Nucleotide Excision Repair (GG-NER)","1/25","46/2914",0.329314701623123,0.377389840546206,0.279594886894776,"COPS5",1
"R-HSA-168643","R-HSA-168643","Nucleotide-binding domain, leucine rich repeat containing receptor (NLR) signaling pathways","1/25","48/2914",0.340958322699501,0.389312412100521,0.288427901690295,"RELA",1
"R-HSA-186797","R-HSA-186797","Signaling by PDGF","1/25","49/2914",0.346707116116288,0.394442153842444,0.292228347298626,"STAT3",1
"R-HSA-69306","R-HSA-69306","DNA Replication","1/25","51/2914",0.358060617393724,0.405888208886748,0.300708327737081,"CCNE1",1
"R-HSA-5607764","R-HSA-5607764","CLEC7A (Dectin-1) signaling","1/25","53/2914",0.369224568020127,0.415543062216201,0.307861269694202,"RELA",1
"R-HSA-8856825","R-HSA-8856825","Cargo recognition for clathrin-mediated endocytosis","1/25","53/2914",0.369224568020127,0.415543062216201,0.307861269694202,"COPS5",1
"R-HSA-5696398","R-HSA-5696398","Nucleotide Excision Repair","1/25","55/2914",0.380202002864164,0.426369388926241,0.31588211516158,"COPS5",1
"R-HSA-6804756","R-HSA-6804756","Regulation of TP53 Activity through Phosphorylation","1/25","56/2914",0.385621712527821,0.42938020472956,0.318112722913955,"MDM2",1
"R-HSA-68877","R-HSA-68877","Mitotic Prometaphase","1/25","56/2914",0.385621712527821,0.42938020472956,0.318112722913955,"HSP90AA1",1
"R-HSA-9020702","R-HSA-9020702","Interleukin-1 signaling","1/25","57/2914",0.390995910283876,0.43382585098635,0.321406346188345,"RELA",1
"R-HSA-202403","R-HSA-202403","TCR signaling","1/25","59/2914",0.401609232807555,0.443817495424227,0.328808804856702,"RELA",1
"R-HSA-5653656","R-HSA-5653656","Vesicle-mediated transport","2/25","160/2914",0.40282798151562,0.443817495424227,0.328808804856702,"COPS5/HSP90AA1",2
"R-HSA-450294","R-HSA-450294","MAP kinase activation","1/25","60/2914",0.406849081907314,0.446680460555582,0.330929875235614,"JUN",1
"R-HSA-9612973","R-HSA-9612973","Autophagy","1/25","61/2914",0.412044867805112,0.45080867069967,0.333988321235759,"HSP90AA1",1
"R-HSA-2029480","R-HSA-2029480","Fcgamma receptor (FCGR) dependent phagocytosis","1/25","62/2914",0.417196945724801,0.453286646912068,0.335824166837301,"HSP90AA1",1
"R-HSA-6806834","R-HSA-6806834","Signaling by MET","1/25","62/2914",0.417196945724801,0.453286646912068,0.335824166837301,"STAT3",1
"R-HSA-983705","R-HSA-983705","Signaling by the B Cell Receptor (BCR)","1/25","63/2914",0.422305668150074,0.457255102755598,0.338764256483363,"RELA",1
"R-HSA-448424","R-HSA-448424","Interleukin-17 signaling","1/25","64/2914",0.427371384844655,0.461149879179455,0.341649759633455,"JUN",1
"R-HSA-8856828","R-HSA-8856828","Clathrin-mediated endocytosis","1/25","66/2914",0.437375186616872,0.470328111635951,0.348449589914667,"COPS5",1
"R-HSA-195721","R-HSA-195721","Signaling by WNT","2/25","172/2914",0.439480755334351,0.470979376023844,0.348932088840997,"CREBBP/MYC",2
"R-HSA-187037","R-HSA-187037","Signaling by NTRK1 (TRKA)","1/25","70/2914",0.456881813740616,0.487227955308646,0.36097009092595,"STAT3",1
"R-HSA-1430728","R-HSA-1430728","Metabolism","3/25","289/2914",0.457746008968314,0.487227955308646,0.36097009092595,"CREBBP/HSP90AA1/AHR",3
"R-HSA-193704","R-HSA-193704","p75 NTR receptor-mediated signalling","1/25","76/2914",0.484929225845065,0.514418165254562,0.38111436312859,"RELA",1
"R-HSA-112314","R-HSA-112314","Neurotransmitter receptors and postsynaptic signal transmission","1/25","77/2914",0.48946649482106,0.517483095534723,0.383385062397499,"MDM2",1
"R-HSA-168249","R-HSA-168249","Innate Immune System","4/25","428/2914",0.511699915728653,0.539173736707373,0.399454897124805,"CREBBP/HSP90AA1/JUN/RELA",4
"R-HSA-4420097","R-HSA-4420097","VEGFA-VEGFR2 Pathway","1/25","85/2914",0.524408681119972,0.550716808935355,0.408006754189452,"HSP90AA1",1
"R-HSA-112315","R-HSA-112315","Transmission across Chemical Synapses","1/25","88/2914",0.536910434274611,0.561966254540759,0.4163410735954,"MDM2",1
"R-HSA-166520","R-HSA-166520","Signaling by NTRKs","1/25","89/2914",0.541007121869492,0.564372877963524,0.418124056419506,"STAT3",1
"R-HSA-194138","R-HSA-194138","Signaling by VEGF","1/25","92/2914",0.55308949397155,0.575066559957175,0.426046630072195,"HSP90AA1",1
"R-HSA-9006934","R-HSA-9006934","Signaling by Receptor Tyrosine Kinases","3/25","347/2914",0.586563466345423,0.607857849612088,0.450340545639529,"ESR1/HSP90AA1/STAT3",3
"R-HSA-194315","R-HSA-194315","Signaling by Rho GTPases","2/25","228/2914",0.593841054614493,0.613375299832075,0.454428230851118,"CDKN1B/AR",2
"R-HSA-112316","R-HSA-112316","Neuronal System","1/25","105/2914",0.602008412074,0.617747194089006,0.457667213857427,"MDM2",1
"R-HSA-68886","R-HSA-68886","M Phase","1/25","105/2914",0.602008412074,0.617747194089006,0.457667213857427,"HSP90AA1",1
"R-HSA-73887","R-HSA-73887","Death Receptor Signalling","1/25","106/2914",0.605550523038097,0.619357863954275,0.458860502627874,"RELA",1
"R-HSA-6798695","R-HSA-6798695","Neutrophil degranulation","1/25","125/2914",0.667372075740809,0.680372830463033,0.504064349756387,"HSP90AA1",1
"R-HSA-5663205","R-HSA-5663205","Infectious disease","1/25","126/2914",0.67035368137239,0.681200828320163,0.504677784306926,"HSP90AA1",1
"R-HSA-199991","R-HSA-199991","Membrane Trafficking","1/25","144/2914",0.719832501974648,0.72912066329045,0.540179908103216,"COPS5",1
"R-HSA-73894","R-HSA-73894","DNA Repair","1/25","157/2914",0.751045733730553,0.758290547882295,0.561790851766635,"COPS5",1
"R-HSA-5684996","R-HSA-5684996","MAPK1/MAPK3 signaling","1/25","177/2914",0.792640963236144,0.797721995051761,0.591004226974318,"TYK2",1
"R-HSA-422475","R-HSA-422475","Axon guidance","1/25","254/2914",0.898723758060212,0.901595079970948,0.667960149760575,"HSP90AA1",1
"R-HSA-1280218","R-HSA-1280218","Adaptive Immune System","1/25","296/2914",0.932092610648003,0.932092610648003,0.690554699809617,"RELA",1
