rid,CPC004_HEPG2_6H:BRD-K55468218-001-16-2:10,CPC016_HEPG2_6H:BRD-K55468218-001-16-2:10,CVD001_HEPG2_6H:BRD-K55468218-001-16-2:10
10007,0.224226236343,-0.174465507269,-3.41555833817
1001,-0.108408138156,-0.398969829082,-0.711983084679
10013,0.177987039089,1.59262013435,-0.914361715317
10038,0.376075208187,0.769336283207,-0.553933978081
10046,-2.35303258896,1.60904252529,-0.669830322266
10049,-0.943398118019,-1.3063505888,0.181907236576
10051,0.832976460457,0.0447930917144,0.443209558725
10057,-0.156952351332,-0.0798260718584,0.0592628121376
10058,0.73306953907,1.15893912315,-0.460499167442
10059,-0.232011780143,-1.01231348515,0.954962730408
10099,1.52921688557,0.953867733479,-2.33112716675
10112,0.417291283607,-0.618759691715,-1.76562356949
10123,-0.012449990958,-1.1043715477,-0.0642687827349
10131,0.63869613409,0.957855939865,-0.535145938396
10146,1.46352410316,0.378538548946,1.05858981609
10150,-1.18392646313,1.38278853893,1.88459336758
10153,0.0611019916832,1.8518204689,2.62676215172
10165,2.98386669159,0.571045398712,0.355104535818
1017,-0.191136747599,-1.36740982533,-1.71972489357
10174,-0.706562519073,-1.40923130512,0.14563652873
10180,0.698952317238,0.185308933258,-0.450181186199
1019,0.30229818821,0.151864975691,-1.12977433205
10190,-0.825039625168,1.28912949562,1.25977873802
102,0.660837233067,0.0381716564298,-1.08260977268
10206,-0.457202106714,-1.08806312084,-1.01372218132
1021,0.37928545475,0.558188676834,-0.7151735425
1022,0.0611083433032,-0.51174902916,1.69951879978
10221,0.029059143737,-1.21996283531,2.2294178009
10227,5.06756925583,0.748332262039,0.744249999523
10237,1.53011739254,2.53544282913,4.23680114746
10245,0.37504902482,-0.0372303426266,0.795754551888
1026,-0.711898863316,0.78189688921,0.687664210796
1027,0.753437042236,0.27802503109,1.39340293407
10270,-0.519027531147,0.315421432257,0.183471262455
10273,0.00230989092961,0.0617544278502,-2.22156953812
10276,-0.0592182576656,-0.571657776833,-0.262048721313
10285,-0.752136826515,0.908980607986,2.3017206192
1029,0.0252104178071,2.0107588768,0.0556740313768
10298,-1.35537111759,0.0894488692284,-2.15375423431
10318,-0.137163355947,1.27273535728,0.0915306806564
10320,-0.196902692318,-3.81486344337,-0.389185905457
10329,0.801331698895,0.782334983349,-0.273113369942
10362,0.758173406124,1.07306563854,-1.74606084824
10398,0.682061433792,0.122761555016,-1.52971994877
10434,0.906316041946,0.291002124548,0.941096365452
10450,3.75019407272,0.976784706116,0.677516400814
10451,-1.31389474869,-1.14860379696,-0.430712997913
10489,0.155130892992,0.00161427585408,-0.612167596817
10491,2.75877737999,0.191870689392,-0.793304562569
10493,0.597080290318,0.700133323669,-0.925165653229
10494,0.729959964752,0.714298903942,-1.75393152237
1050,0.33197376132,1.11036992073,-1.96429288387
10513,0.449513584375,-0.063873231411,-0.307553291321
1052,0.0960304439068,-0.7249122262,0.306616187096
10523,0.767259418964,1.23467087746,-0.907817602158
10525,0.616672754288,1.81197273731,5.04939222336
10557,0.571516633034,0.822657227516,1.75519919395
10559,-0.186410546303,-1.09091985226,-1.50159358978
10589,1.2734951973,0.988265097141,-1.82706868649
10606,0.641544878483,1.03193700314,0.183425724506
10610,-0.343950629234,-0.970719099045,-1.01874041557
10617,0.752473473549,1.47443258762,0.666167616844
1062,0.455478966236,0.266342848539,-1.05788946152
10641,-3.15175700188,-1.02298474312,-0.783765435219
10644,0.663590013981,0.806636571884,0.862479031086
10652,0.956413984299,2.33122301102,1.33259737492
10668,1.19856417179,0.231914281845,2.20925617218
10670,0.329830229282,0.903944790363,-0.288661926985
10681,0.357392132282,0.92622679472,-0.833852529526
10682,2.0707449913,0.648794233799,-0.97531914711
10695,0.398229002953,0.54553437233,-1.60169935226
1070,0.8016025424,0.465242862701,-1.72596311569
10730,-0.0192521773279,1.95469748974,1.72655439377
10732,0.00757797434926,0.0638999044895,-0.838999509811
10765,-0.360787451267,0.59695649147,1.71992504597
10775,0.490216135979,0.174989417195,-3.70428085327
10776,-0.447317481041,0.322764158249,1.92842245102
10782,0.118911959231,0.634985029697,2.17742323875
10797,0.678121864796,3.27991342545,2.10184383392
10810,0.104308076203,0.396733611822,-0.62886017561
10813,0.791311383247,-1.39678895473,1.26549184322
10818,-0.747615277767,-0.920796871185,0.339566707611
10845,0.0554411560297,0.237206161022,0.655471682549
10857,0.120795756578,0.548578977585,-1.4763469696
10892,-0.203035801649,0.614543616772,-0.407874286175
10898,-0.308407396078,-0.188140764832,-1.28014540672
10904,0.896620988846,-1.3940513134,-1.93752789497
10915,-2.27779531479,0.137796729803,0.553720116615
10921,0.367038965225,2.41820764542,-1.40473544598
10953,-0.77950066328,0.855043709278,-0.779029488564
10954,2.7492017746,1.44670796394,-1.94766497612
10962,2.08192920685,-0.58768850565,-0.397841095924
10969,1.55825996399,1.19845533371,1.76179623604
10972,0.0672475844622,0.28119301796,0.55680680275
10973,1.95683598518,0.911341845989,1.00664401054
11000,0.562468588352,-0.205377653241,-1.15159213543
11004,-0.0161112844944,0.489229202271,-0.0138360932469
11007,0.613802492619,0.287463486195,-2.57574319839
11011,-8.09607410431,-1.47531044483,0.707722663879
11014,0.745995402336,2.2668299675,1.06811404228
11031,-0.474293857813,-1.06198859215,-0.362195104361
11041,-0.0731756538153,0.0344120971859,-3.66781377792
11044,-0.668405711651,-1.43756890297,1.34455800056
11065,0.130048274994,-0.154671430588,-1.82580304146
11072,0.687210798264,0.62244874239,2.93460178375
11073,0.129406794906,-0.619107723236,-1.38022136688
11098,0.164670750499,0.327181905508,0.0627160668373
1111,-1.03686487675,-1.14136207104,-1.85959339142
11137,0.9050360322,0.988632917404,0.585209608078
11142,0.714665770531,1.48932015896,-0.659501552582
11151,-0.33646696806,-1.74337816238,-0.640303373337
11157,0.352641820908,-0.228403732181,-0.5612834692
11168,-0.314340412617,-0.023361325264,-0.0697606950998
11182,-3.26453828812,0.627098321915,1.46674239635
11188,-0.860383331776,0.470626860857,-2.92946195602
11200,0.215850889683,0.8552942276,-1.08304834366
1123,-0.665056824684,-0.503120601177,-0.525004923344
11230,-1.76965379715,1.53520071507,2.52496194839
11232,1.18977022171,-0.75910949707,-1.54853570461
11261,-1.26765286922,0.886036753654,-0.384479880333
11284,0.441432386637,1.5788205862,-0.882146239281
11319,1.4327147007,0.346601516008,2.67601776123
11325,0.92837625742,0.496167123318,-0.871356725693
11344,1.00107300282,0.617470264435,-0.959877312183
1153,0.569593369961,0.80943441391,1.06594645977
116832,-0.898119091988,1.89643919468,0.593879699707
1212,-0.672110915184,0.536302804947,0.476569473743
1213,-0.572016596794,0.771851480007,-0.526455581188
124583,1.5125194788,0.99740511179,-0.682349681854
1277,-0.418179303408,0.902835845947,-0.607471346855
128,2.2803542614,0.102706864476,-1.66943347454
1282,-0.569635808468,-0.960065662861,-0.401151418686
1385,-0.285129010677,-0.250440329313,-0.07508289814
1398,0.293044954538,1.37147545815,1.42314124107
1399,-0.749657511711,-1.4624941349,0.659271895885
142,1.41615819931,1.55691456795,-1.67328906059
1429,-0.123922243714,0.0316072106361,-1.60530686378
1445,0.807900011539,0.102239564061,-0.913585305214
1452,-0.218175172806,0.645726323128,0.680323541164
1454,0.17769625783,0.580679535866,0.710415244102
1459,-0.223964959383,-0.499546051025,1.27907466888
1465,2.90973377228,-0.347326785326,-0.994438350201
147179,0.718949198723,0.886581778526,0.193106621504
148022,-0.0562868118286,0.403151452541,-0.767944037914
1500,-1.08641111851,-1.209436059,-2.37714648247
1509,-0.180249646306,0.797767698765,-2.35447120667
1514,0.147694706917,0.634785234928,1.25541400909
1534,-0.637268424034,0.74656945467,1.43304765224
154,0.527957677841,5.4235959053,-0.40195441246
16,-0.361913412809,3.03050613403,1.28110182285
1605,0.815582871437,0.808246552944,-3.63387203217
1616,-0.0182537436485,0.8817679286,-0.631381571293
1633,0.329928994179,0.974553465843,0.616005957127
1635,0.36783850193,-0.059452354908,-1.39265656471
1643,0.219816043973,-0.620967030525,-3.30320739746
1647,-0.51903128624,-0.668699145317,2.1250140667
1662,-0.131449192762,0.566688239574,1.95538985729
1666,0.319673955441,0.0767802298069,-0.89602124691
1676,-0.521590590477,-0.874373018742,-3.37657690048
1677,-1.45939040184,-0.298734337091,-1.52532601357
1738,0.478233605623,0.693272948265,-1.02541160583
1759,-0.65214908123,-0.183444082737,-1.49414932728
178,-0.638943552971,-0.765194118023,-1.44218969345
1786,-1.67228078842,-1.86426091194,-2.26102423668
1788,-2.54927444458,-1.30129516125,-2.1104798317
1802,0.67608320713,0.787811160088,0.967784583569
1829,-2.94789361954,-1.16699194908,0.323498487473
1831,-0.722380578518,0.253685414791,6.67600440979
1845,0.279412180185,0.704711973667,-0.816252052784
1846,0.489969938993,0.408605396748,-0.0912502408028
1848,-0.601650476456,1.00426089764,1.12866401672
1861,-0.637024998665,-0.544841527939,-1.95925891399
1870,-0.720920503139,-0.702299177647,-0.728700041771
1891,0.939666628838,-0.852815628052,-2.66841721535
1906,0.0819500088692,-1.22957909107,-0.599601626396
1950,-0.702950775623,-0.941869080067,0.186003282666
1956,0.0113863348961,0.772930443287,2.72152900696
1958,-0.685903728008,0.859999716282,3.12768864632
1978,1.24927973747,2.31923031807,1.59561014175
1981,-1.42736852169,-0.89025837183,-0.834692120552
1983,-0.169838637114,0.62427687645,2.92389154434
1994,-0.407988220453,1.35380601883,-0.212081700563
200081,0.84649258852,1.72801399231,0.248843431473
200734,-0.592179358006,-0.504057049751,0.865518033504
2017,-0.335649192333,0.631712675095,-0.461054265499
2037,1.01824879646,0.117942765355,0.56738615036
2042,-0.743069648743,1.97573137283,2.72324371338
2048,0.588610291481,-0.662119328976,-0.0210105367005
2058,0.843061506748,1.95629155636,1.69291353226
2063,0.15930557251,-0.556623399258,-1.28057122231
2064,0.326897531748,0.459983736277,-4.72642421722
2065,-0.336996197701,1.51909518242,-5.19132757187
207,0.0402951389551,0.633942723274,-1.69916129112
2109,-6.77887583151e-05,0.0890576690435,-0.376940399408
211,-0.00981663167477,-1.04022657871,1.07154512405
2113,-0.198333650827,-1.13386797905,-0.692136585712
2115,-0.504375874996,-0.348154455423,0.0692083016038
2131,-4.44611120224,-0.170740500093,1.22780156136
2146,-0.0165428519249,-0.320823758841,0.707786083221
2184,0.628132879734,0.97518414259,-0.627233505249
2185,-1.11029672623,-1.06545352936,-0.157757401466
2195,0.0405677109957,0.432264089584,-2.01999282837
2222,0.520995914936,1.31086194515,2.45938134193
226,0.760450422764,1.92720007896,-1.37980294228
2263,-0.859706401825,-1.16914355755,-0.338617146015
2264,0.822781920433,0.146901413798,-3.81730318069
2274,0.226591616869,0.135609805584,1.08888053894
22794,1.30684566498,1.09683406353,-0.822617948055
22796,0.764818429947,-0.884105980396,-0.920338392258
22809,-1.72430360317,1.09346210957,-0.987185895443
22823,-0.105684071779,-0.634388267994,-0.671272158623
22827,0.85722130537,-0.14745593071,-0.199526414275
22841,0.173796549439,0.389978289604,1.0205950737
2288,-0.00118379073683,-0.426491439342,-1.11607885361
22883,0.623200237751,-0.783952891827,-1.29342198372
22887,0.0462183766067,1.66762065887,2.05152344704
22889,0.372456789017,0.459412783384,-1.100086689
22905,-0.515262186527,-0.967966258526,-0.525215685368
22908,0.778092384338,1.63292765617,0.482797563076
22926,-0.358811706305,0.605858564377,3.19795131683
22934,0.479249060154,0.36748740077,-2.09158945084
23,-0.883590042591,-0.691907465458,-0.592127680779
230,-0.806960582733,0.44975283742,-0.830498158932
23011,-1.51058852673,-0.565820395947,2.47365665436
23013,-4.14959907532,0.871981263161,2.8683617115
23014,-8.13995456696,-1.86297285557,0.183453351259
23029,-0.3580532372,1.19852375984,1.76323473454
23038,1.68478143215,0.658717691898,-1.07447147369
23039,1.91898262501,0.958248913288,-1.1640791893
23061,-0.474142760038,-0.844447374344,-2.43266677856
23076,1.22320055962,0.573559343815,0.211587116122
23077,-0.848591506481,-0.715992152691,0.915370464325
2309,0.3922508955,1.4072034359,2.27817678452
23097,0.0990405380726,-0.439206242561,-1.18196082115
23131,-0.0932147502899,0.641477406025,-1.19613397121
23139,1.26607847214,0.29868221283,0.625210523605
23142,-0.744094133377,0.161010965705,1.61236739159
23149,-0.29925480485,0.200868919492,-0.61005628109
23161,-1.52316975594,-1.89956188202,1.01370477676
23200,-0.656898975372,-1.41595649719,0.308332622051
23210,0.61968177557,1.52228248119,1.44803535938
23212,0.670049607754,-0.385169386864,0.668303310871
23223,0.7883644104,1.72013449669,2.4022192955
23224,-0.196437820792,0.290061891079,-0.488683760166
23244,0.438203394413,-0.16072550416,-0.336508452892
23271,-0.59168690443,-1.06828355789,-0.241909325123
23300,0.00242732465267,0.415582567453,-0.375728875399
23321,-0.105020143092,-1.07588481903,0.785945892334
23325,0.18946158886,0.55960392952,2.45930027962
23326,0.569804608822,-0.136488437653,-1.27703619003
23335,-0.182167351246,-1.36546111107,0.896935343742
23338,0.520234823227,0.943126916885,-1.59628546238
23365,-1.21186244488,1.00338244438,0.919363617897
23368,-0.0700042843819,-1.07574260235,-0.832074999809
23378,1.18269729614,0.927335560322,1.06268239021
23386,0.700169742107,0.958008050919,-0.928614735603
23410,-0.693540275097,0.165684759617,-1.04445755482
23443,-2.03157114983,1.30553913116,0.972545146942
23463,-0.359418302774,-0.0747676491737,-2.50421929359
23499,-0.107762716711,-0.364075362682,-4.14372730255
23512,1.63586509228,-0.704073369503,1.57405614853
23522,-0.334825336933,-0.664396345615,1.64737224579
2353,-1.32205474377,-0.270623356104,2.77054810524
23530,-0.528161048889,0.0571502260864,-1.43183588982
23536,-0.208349153399,-1.0771715641,-1.36344742775
2356,0.434984862804,0.0160315912217,0.608710050583
23585,0.0589231476188,0.147777661681,-1.1337736845
23588,0.630735218525,0.538278877735,0.200379237533
23597,0.140263423324,2.02776455879,1.61296474934
23635,-1.07224678993,-1.13045907021,0.0278945565224
23636,0.906670868397,0.746323227882,-1.14856314659
23647,0.776214361191,2.55463647842,1.50254392624
23658,0.690221130848,0.227865561843,-1.50736284256
23659,0.81674093008,1.1114770174,-0.811813354492
23670,0.874795198441,0.850772917271,1.06261992455
24149,-1.15310764313,-1.28419303894,-2.11162185669
25,0.871811032295,1.56186079979,1.24518656731
2523,-1.62414228916,-1.08439934254,-0.230602860451
2534,0.498470127583,0.27370262146,0.0561310946941
2542,1.23154497147,0.809609353542,-1.13348937035
2548,2.75733351707,0.6886292696,-1.39484858513
2553,0.282850027084,1.00233733654,2.27175569534
256364,-0.0118501223624,1.38103997707,-0.904995918274
25793,0.595643877983,1.29287588596,-0.0766613036394
25803,-0.834140121937,-0.792573332787,-0.691028356552
25805,0.351412236691,0.251818180084,-0.85685479641
2582,0.443159252405,0.715989112854,0.252310812473
25825,8.3082742691,-0.245441481471,0.286223590374
25839,0.47379386425,0.545551300049,-0.929123282433
25874,-0.484717309475,-0.450065553188,-0.768562734127
25932,-0.515348374844,-0.90797829628,1.46296858788
25966,1.81839716434,-0.0899073705077,-0.536999464035
2597,0.00111600197852,-1.11981201172,-1.60424625874
25976,0.175663813949,0.0818008333445,2.14333629608
25987,-0.108332030475,0.826231241226,-0.286341130733
26001,1.21930265427,-0.944350719452,0.492321193218
26020,0.135103002191,0.83778077364,1.60823869705
26036,-0.515840649605,-1.09327363968,0.881768286228
26054,1.49599182606,0.262206822634,1.28702020645
26064,-1.43401420116,-1.23111796379,0.556161761284
26128,-0.607051610947,0.26983460784,0.522387504578
26136,-8.0361995697,-0.351359575987,4.31046628952
26227,0.31988042593,2.30715537071,1.66806101799
2624,0.0559035129845,1.19933319092,0.92064845562
2625,-1.29733777046,-0.49891653657,-1.34728264809
26292,1.15201199055,0.639422357082,-0.0281786173582
26511,0.710033535957,1.04011666775,1.68365979195
26520,-0.00666266679764,1.6188390255,-3.1447250843
2673,-1.31251680851,6.05919313431,4.91247463226
2690,-1.42755389214,-0.890830099583,-0.741891443729
26993,0.206521123648,0.220938950777,1.55881762505
27032,-0.221907898784,-0.0729554593563,-1.31448674202
27095,1.27557003498,0.91715824604,-1.50266933441
27109,-0.00545938313007,-0.701377511024,0.665591359138
27242,-0.650226593018,-0.490524590015,-0.439817726612
27244,-0.665589690208,-0.566301882267,-0.673353433609
27336,-1.16558206081,-1.75218427181,-2.17376542091
27346,1.3122189045,0.242485523224,-0.680067539215
2736,-0.5743663311,-1.56221687794,0.118463389575
2745,0.565515697002,2.4320898056,2.81201982498
2767,-0.186378419399,1.44161570072,0.484467864037
2769,-0.733019292355,-0.985129654408,-0.281091153622
2770,0.258079081774,-4.77629470825,1.47819447517
2771,-0.789272844791,-0.0702286884189,-3.41396188736
2778,0.68442851305,-2.51790809631,-1.35983419418
2810,2.29918193817,2.06664800644,4.69207334518
2817,-1.02829301357,-0.688216030598,-1.08336353302
2852,0.16121442616,-0.208053097129,-1.56219291687
2886,-1.32101249695,-0.986060619354,-1.48418807983
2887,0.988246440887,2.35966205597,4.49795484543
2896,0.776720643044,0.49869170785,-0.152566730976
28969,-0.0306602921337,-0.833004713058,-1.96223402023
2908,0.476341515779,0.881629407406,0.324645131826
29082,1.15346729755,-4.12336587906,-0.897881388664
29083,0.764996349812,0.266491770744,0.40378600359
291,0.400419414043,-0.540965557098,-0.294419258833
29103,0.458075165749,0.138705939054,-1.14528357983
2920,0.396334141493,5.27903175354,4.26389503479
2946,-0.613627195358,-0.682772994041,-2.05252933502
2954,0.293309956789,0.079297311604,0.123819082975
2956,-3.54026937485,0.7427546978,-0.623388409615
2958,-1.27922141552,-0.694095909595,0.345880389214
2961,0.41337069869,0.307164698839,-2.30304932594
29763,-0.146694496274,1.86580824852,-0.153617411852
29890,-0.586739838123,-1.44341480732,0.203051775694
29911,1.16802287102,1.01962196827,-0.795167505741
29916,1.56238603592,0.811498999596,1.03228199482
29928,0.0889791101217,0.751563608646,0.392266511917
29937,0.471759945154,0.693414092064,-1.3597984314
29978,-0.305248320103,-1.05836510658,1.43770217896
30,0.449290782213,0.375456750393,0.387257784605
30001,-0.46208178997,0.935215830803,-1.05547356606
3028,0.719145834446,1.22692775726,-2.2425904274
3033,0.345109909773,-1.42478823662,-2.04079890251
3066,0.387432157993,0.316577196121,-1.05200493336
30836,0.441344350576,-0.752892136574,1.56185996532
30849,-1.10992944241,-0.600279033184,-1.67137408257
3091,0.780919313431,0.857460737228,0.483623683453
3098,0.79415422678,2.04416966438,0.375408053398
310,1.11887300014,1.23823142052,0.226857349277
3108,-0.0949396789074,0.561956048012,0.489010810852
3122,-0.729815244675,-1.11163115501,-0.557491958141
3156,0.85980206728,-0.588502049446,1.6760379076
3157,1.31522667408,1.29371798038,2.06567001343
3162,0.654225766659,0.319191008806,4.56205415726
3202,-0.110698521137,1.18900299072,-1.62397587299
3206,-0.649765014648,-0.900011360645,-1.00211751461
323,-1.44676172733,-0.84575933218,3.70778226852
3251,1.64193427563,0.308131992817,-0.113810807467
3280,-0.0930691957474,-0.174582332373,1.26519799232
329,0.202340528369,0.663560986519,1.89163398743
3300,3.05203795433,1.53799295425,0.852285206318
3303,0.119563236833,-0.988038659096,-3.62890911102
3308,-0.560461819172,-1.72953510284,-0.565927028656
3312,0.337500810623,-0.642269074917,-3.0313835144
3315,0.630632698536,0.133933722973,-4.01670217514
332,0.401624947786,0.310362488031,-2.04532766342
3329,-0.235773742199,0.00681430101395,-0.0687941461802
3337,0.583776414394,-0.402617096901,-0.718267679214
3383,-0.294006645679,0.570797920227,1.25577437878
3385,0.114609330893,1.05538225174,-0.681795597076
3398,-0.259753167629,0.10781173408,-0.47127494216
3416,-0.675295352936,1.17795324326,2.73379039764
3454,-1.14559566975,-1.12682521343,-1.45853686333
348,0.76092427969,0.338227450848,0.21973362565
3480,1.07065439224,0.978871583939,0.188518673182
3482,-0.249223336577,-1.69159841537,-3.43681454659
3486,0.275540202856,-0.2689858675,1.36128950119
3508,-0.452720016241,0.0974515005946,0.472011804581
351,-0.448855489492,-2.1346578598,-0.420046567917
355,0.958881735802,-0.330253720284,-0.259617030621
3551,0.0694420486689,-0.923586606979,-0.464433252811
3553,-0.520069122314,-0.982044994831,0.310640275478
3566,0.278809845448,-0.273173838854,3.48911881447
3597,-0.727286458015,-0.521172642708,-1.6037478447
3611,-0.196097075939,1.19891023636,-0.0267890244722
3628,0.470085084438,0.595771074295,1.4674372673
3638,-0.553393185139,-0.921424388885,-0.817082703114
3682,-0.986671805382,-0.785470187664,-1.19081759453
3693,1.03077280521,0.210488989949,-1.86051106453
3725,-0.492253899574,-0.487894117832,1.85431861877
375346,0.858698248863,-0.668128371239,0.350354194641
3775,0.297718137503,-0.28291028738,1.15323960781
3800,0.027828335762,4.86249160767,0.810013175011
3815,-1.09039020538,-0.941261529922,-0.373488634825
387,0.128946021199,0.63953769207,0.360521286726
388650,-1.48091459274,-3.17809939384,-0.515423595905
3895,-0.120824880898,-1.23562598228,-0.0883983522654
39,0.236847430468,0.759870409966,-0.919301152229
3909,1.31287240982,0.855191409588,-0.781245231628
392,-0.227514654398,0.533407330513,-2.54992198944
3925,-0.0794971585274,-0.922450721264,-5.01778888702
3930,-1.65460908413,0.834936439991,-0.574094355106
3964,-0.581677854061,-0.208683937788,0.942573845387
3978,0.00209541246295,-0.131136968732,-3.52093052864
3988,0.129070699215,1.15625846386,0.550401091576
4016,0.207414776087,-1.11215019226,-1.04433774948
4043,-1.10665285587,0.831572055817,-1.64474916458
4067,-0.298846721649,-0.202556759119,-0.547055780888
4088,0.663313925266,0.71071767807,1.06966114044
4125,1.44097709656,0.491320848465,-1.84529948235
4144,-0.00171362236142,-1.34659123421,-0.733653903008
4154,-0.446847617626,0.851666808128,1.9722880125
4172,1.80755257607,0.665083408356,-1.98973631859
4200,-0.854998230934,-0.00936739798635,-0.954457998276
4208,-0.74622130394,-0.258823752403,-0.696023225784
4216,-0.0130678415298,-0.00663112476468,-1.50551486015
4232,-0.325445979834,-1.32873284817,0.665475726128
427,-0.310297489166,-0.547502040863,0.519591987133
4282,-0.508926212788,-1.46994507313,-0.861337423325
4303,0.783645927906,1.1484105587,-2.19283795357
4312,-0.610851824284,-1.13639473915,-0.0937812328339
4313,1.12986636162,-0.875075399876,-0.334642916918
4331,-0.067315608263,0.163048744202,1.90281450748
4482,0.506637692451,0.977699160576,-0.432729423046
4582,-0.694506824017,2.20788788795,0.900692045689
4605,2.70321774483,-1.12863719463,-3.40114784241
4609,1.82422626019,1.83467364311,2.29882335663
4616,0.163905873895,0.423292845488,1.34410738945
4638,1.27683615685,1.48645377159,-1.30920553207
4651,1.70820903778,1.98345065117,0.117062658072
466,-1.20024871826,1.30693078041,3.28008985519
4690,0.75302785635,0.193204134703,2.63150620461
47,1.03435647488,0.240663632751,-0.0101978778839
4775,2.32669520378,0.576964199543,-0.166095435619
4776,-0.708862662315,-0.849118113518,-0.521805465221
4780,-0.801615774632,0.378884702921,1.56466245651
4783,0.298229366541,-0.229988083243,3.17705106735
4791,-0.890158295631,-0.775681436062,2.17523956299
4792,0.3285818398,0.645335674286,1.5603556633
4793,0.324906945229,2.20513653755,2.14727950096
4794,0.097921282053,-1.02397477627,0.783774852753
481,0.544250488281,1.13387691975,-0.0654799044132
4817,-0.340445101261,-1.09501874447,-1.33341574669
4836,0.876878798008,0.316710710526,-2.40064096451
4846,-1.03841924667,1.08032417297,-0.918536543846
4850,-1.06751215458,-0.234324082732,2.24301338196
4851,0.635886371136,-0.926794528961,-0.904407858849
4860,0.295321196318,1.71739459038,2.30905199051
4864,1.03117215633,1.99256241322,0.405156552792
4891,0.348930388689,1.36932051182,-1.07891094685
4893,-0.913348257542,-0.61314535141,-0.653372704983
4925,0.988132476807,5.5724773407,2.31236243248
4927,0.349098801613,1.12147307396,0.0318875126541
4931,-1.10998463631,-1.36482715607,0.829333901405
4998,-2.18338894844,-1.34943652153,-1.83978354931
501,0.262514233589,-0.639644563198,-0.45118200779
5018,0.00711781904101,0.71226644516,-1.80019378662
5019,-0.0410343408585,-0.0257566608489,-1.04531645775
5048,-0.883318781853,-0.454314172268,-1.00034439564
5050,0.28202599287,0.898091375828,-2.04508209229
5054,0.463626682758,1.43958449364,0.757087945938
5058,0.380072176456,-0.941807806492,-0.470819890499
50810,-0.117534294724,-0.39462313056,-0.234078779817
50813,-0.0325442254543,1.03860807419,-0.780690550804
50814,0.217910051346,0.678905487061,-0.0528283827007
50865,1.0294367075,0.118667006493,0.661309957504
5092,-0.0333327129483,0.350527256727,-2.45249295235
5096,-0.709562063217,0.645302712917,-2.69783973694
51001,-0.300188660622,-2.72797203064,-0.78613615036
51005,-1.53769910336,-0.359060436487,-0.459036111832
51015,0.985277473927,-0.716633379459,0.491999149323
51021,-8.00761127472,0.592084288597,-1.70491266251
51024,1.36354553699,0.520203649998,-0.431324958801
51026,-0.736729681492,2.16300940514,3.51332902908
51031,0.345885872841,0.0654030740261,-1.90087127686
51053,-0.0318537801504,-0.963536798954,-1.81036984921
51056,-0.276656657457,0.941272974014,0.317490309477
5106,0.701425850391,2.22103714943,0.0733649581671
51070,3.08329105377,0.801568686962,-0.335068404675
51071,-1.92965555191,-0.248476833105,-0.38757199049
5108,1.0697426796,0.53743737936,0.50712454319
51097,-0.982055306435,2.99590086937,-0.657711029053
5110,0.705728709698,1.89218771458,0.331370353699
5111,0.00118379073683,-0.353949517012,-2.05894756317
51116,-2.80504584312,0.466066241264,-0.670742213726
51160,-0.515847027302,-0.584241807461,-3.17667818069
51170,-0.182613879442,1.01301312447,-0.693942546844
51203,-0.460811436176,-1.58763420582,-1.91881489754
51282,0.887365758419,0.474313080311,-0.35935229063
51293,2.45646643639,0.254878968,-0.855874836445
51335,-0.0971129834652,-1.47277235985,1.01899373531
51375,-0.179446130991,-1.71856844425,-0.862603068352
51382,0.691747844219,1.25391054153,1.1931874752
51385,-1.21373450756,-1.6834230423,-1.75360250473
51422,-0.0481461212039,-0.311747014523,0.461265176535
51465,1.4878115654,0.265292435884,3.29099035263
51466,3.13746714592,1.01548302174,0.00800254940987
51495,-0.936752796173,-1.16679632664,-0.772998809814
5154,2.37326669693,1.11424028873,1.20747125149
51569,0.850576758385,3.35410165787,3.61922550201
51599,-0.394102215767,-0.572644472122,-0.266543209553
51635,-1.74766981602,0.25476038456,-1.17843806744
51719,1.299010396,0.956394314766,1.23950862885
51742,0.340438038111,1.24329054356,1.43535172939
5211,1.97785878181,0.845065534115,-1.18901896477
5223,0.523926377296,0.216283977032,-1.16407251358
5236,0.833345651627,0.738752543926,-2.53702545166
5255,0.25707834959,-0.720517635345,0.918491005898
5257,-0.650777578354,0.793403506279,-1.87666940689
5261,-0.433462321758,-1.00342905521,0.720863699913
5287,-1.53207087517,-1.10767042637,2.30580759048
5289,-0.851665437222,0.575544238091,1.39822793007
5290,-0.669214367867,-0.952711760998,1.05293488503
5300,1.58211290836,-0.0387426652014,-3.95401287079
5321,-0.410178482533,-1.66435015202,-0.24326184392
533,0.123870879412,0.432285070419,1.44394278526
5331,1.22844052315,0.0273802187294,-0.802551746368
53343,-2.40256071091,-1.6617552042,-2.67515087128
5347,-0.252813965082,0.68720304966,-1.43085432053
5355,-0.831673443317,-0.764528512955,-1.27622056007
5357,-0.410350680351,-0.757875204086,0.0588276386261
5359,-0.0313350260258,-1.14931988716,0.634479403496
5366,-0.0277181789279,-0.839770376682,4.37549257278
5373,-0.199417725205,-2.83960390091,0.822896957397
54205,-0.275896281004,-0.81264424324,1.52299237251
5423,-0.29088512063,0.558478355408,-0.315637886524
5427,0.428639948368,-0.17589867115,-1.20667171478
5438,0.593995213509,0.909563839436,-0.778230309486
54386,0.593855023384,1.21072053909,2.02751493454
5440,-0.428797602654,-1.6920735836,-0.678079009056
54438,0.0798728317022,-0.49041301012,2.74335718155
54442,1.99217283726,2.19126796722,1.60471177101
54499,1.01139891148,0.688174724579,0.127814561129
54505,-0.162526726723,0.804304480553,1.39218306541
54512,0.186172485352,0.174919530749,0.144878357649
54541,-0.182846978307,3.56501340866,3.02147579193
54623,1.25257945061,-0.495901226997,0.85356682539
5467,-0.608208596706,-0.0922797173262,1.04352629185
5468,0.693158328533,0.279500693083,0.608999967575
54681,-0.33442735672,-0.42666977644,-0.678493261337
54733,1.04710292816,0.900872707367,0.118504799902
5480,0.894039213657,0.677771806717,0.414322257042
54807,-0.717361032963,-4.80375957489,2.27613258362
54850,1.25773310661,-0.340246170759,1.17184913158
54881,0.534668326378,-0.833479940891,1.00652897358
54915,-0.81500005722,1.06515371799,1.59409499168
54957,0.294783294201,1.76370882988,0.265814810991
5498,-0.487566590309,-0.844356358051,-1.11957645416
55008,-0.130610212684,-0.32394939661,-0.890614807606
55011,0.151084989309,1.60311818123,0.367852151394
55012,0.829080224037,1.01468086243,0.781064748764
55033,2.032995224,7.33941984177,6.94134664536
55038,-0.339821457863,0.569029271603,-0.127106755972
55111,1.59887826443,-0.0479289740324,-0.427937179804
55127,-0.931078851223,0.81821846962,-1.4089435339
55129,0.816483139992,0.650358974934,-0.70499509573
55148,0.0952741131186,-0.889558970928,-0.814942896366
55179,-0.701361238956,-1.37355923653,0.484383493662
5525,0.446665465832,0.389640241861,-0.515695273876
55256,0.396258115768,-4.01236820221,-1.61109662056
5529,0.139732003212,0.426777392626,1.07132053375
55324,0.738069415092,0.999005973339,0.13444212079
5547,0.159942373633,-0.0368864834309,-2.19359850883
55556,0.440748691559,0.321059793234,-0.657686591148
55604,0.167107462883,0.117672242224,0.340776383877
55608,0.0302642434835,0.103556007147,1.97476410866
55620,1.16020464897,-0.0300284102559,0.280203431845
5566,-1.05860042572,-1.27097511292,-3.09350299835
55699,0.0383605435491,-0.407481521368,-2.00715517998
55746,-0.36197245121,-0.722520470619,-0.902605473995
55748,-0.600812613964,0.300110161304,-0.614023685455
55793,-0.346301853657,-0.932933568954,-2.66553497314
5580,0.105223074555,0.247639298439,1.65235877037
55818,-0.264497935772,1.6552233696,2.62137818336
55825,0.220606967807,0.426436752081,-1.02294003963
5583,-0.370457738638,0.0949939191341,0.883763432503
55837,-0.158539116383,0.426049560308,-0.536020576954
55847,0.453542053699,-1.07776880264,-0.206429541111
5588,0.143497481942,-1.17918980122,-1.08797943592
55893,-0.890960633755,-1.75847423077,-1.03688502312
55958,-0.591146349907,-1.18813359737,-0.0737216174603
5601,-2.20515155792,-0.996672451496,-1.93308460712
5603,0.500095069408,1.36463904381,0.641054987907
5607,-0.0263497754931,0.48916041851,1.02704143524
5613,-0.136684015393,-0.819698572159,0.0920625850558
5627,0.154515564442,-0.0986033678055,-2.91746234894
5641,3.60844063759,1.04024970531,-0.709524035454
5654,1.41067826748,0.250641554594,1.44401443005
56654,0.519700527191,0.574854671955,-0.00861260294914
56889,1.22845208645,-1.5343016386,1.10067903996
56924,0.376853406429,1.08433890343,-0.536680936813
56940,1.91153359413,1.38026487827,-0.526541948318
5696,1.43436169624,1.35514354706,-3.72509908676
5699,1.46583628654,0.65307611227,-1.63889813423
56997,-0.21146184206,0.104721307755,-1.15052914619
57019,-0.230863109231,2.30335235596,-0.177584826946
57048,1.01423168182,0.156604677439,-2.23514699936
5708,0.337850093842,-4.82494163513,-1.07805776596
5710,-1.31346690655,0.588491261005,-0.060131251812
57147,0.449594765902,1.40499472618,1.36301183701
57149,1.36312687397,1.57593381405,-0.194223463535
5715,0.186174213886,1.09779429436,0.647391200066
5716,0.427344113588,1.87270438671,-0.642082333565
57178,-3.19498372078,-0.176624447107,0.616960823536
57192,-0.226147428155,0.623722374439,-0.192156523466
572,0.013245895505,1.65676248074,-0.655717015266
5720,0.639246046543,0.372353881598,-1.72230052948
5721,-0.536708712578,0.481696367264,-0.540335655212
57215,1.91303730011,-5.29613304138,-0.741902887821
57406,-1.63148200512,-0.648822486401,-1.931671381
5743,-0.497449606657,-0.86892926693,0.757892012596
5747,-0.599209547043,-0.616138637066,0.554713129997
5770,-0.400899976492,-0.536111652851,2.13114738464
57761,-0.13735665381,0.768814027309,1.35923242569
5777,-1.52888250351,-0.398361265659,-1.2435747385
57804,-0.113209299743,0.661761403084,0.981110870838
5782,0.665783345699,0.867533028126,0.678249239922
5788,-0.333809614182,-2.22602796555,0.139800876379
5792,-1.89924633503,-1.19452476501,-4.75166988373
5796,-1.00015079975,-1.40401756763,0.815526306629
581,0.836860537529,2.28469848633,1.10455000401
5827,0.106400340796,-0.174056828022,-0.399235635996
5829,-0.722371459007,-1.16617882252,-0.471511363983
5831,1.51924717426,1.82548117638,-0.105099499226
5836,1.3543356657,0.613018870354,-1.87612915039
58472,-0.368022233248,0.910067617893,0.208888322115
58478,-0.714381217957,0.153850823641,0.834150791168
58497,-0.322969704866,0.301432073116,-2.46359825134
58533,0.471198767424,0.782363533974,0.00706794857979
5867,0.046181358397,0.430167675018,1.30304825306
5873,-1.69160652161,-1.11603343487,0.270661145449
5880,-0.638258576393,-4.39640188217,-0.0888018608093
5883,-1.50184690952,2.39136147499,0.816555857658
5889,0.954997181892,-0.795329093933,-1.07712101936
5891,-0.590859174728,-0.436582028866,2.10254406929
5898,0.196811169386,1.62892568111,3.33305835724
5899,1.73074686527,1.04765272141,0.346278727055
5900,-0.168612346053,-0.880749702454,-0.153066679835
5909,0.584355831146,0.627216279507,-0.040336728096
5921,0.792106509209,0.622935116291,0.250010639429
5925,-0.306272685528,-0.96818292141,0.788225889206
5927,-0.0311138816178,1.69633769989,1.85097551346
595,0.703846633434,1.10621571541,-0.652945637703
596,-1.0024831295,-0.976197123528,-1.13413476944
5971,1.46970391273,2.34810137749,4.90723896027
5982,0.00761820748448,1.33200669289,-0.801467299461
5985,0.271311700344,-0.398907899857,-1.02638685703
5986,-1.24648332596,-0.792518019676,-0.0320919677615
5993,-0.284129202366,2.19873785973,0.875402331352
5997,0.208927705884,1.57328057289,0.183986738324
6009,0.72077524662,0.74796128273,1.03628790379
60493,0.0535898432136,0.5644338727,0.718284487724
6050,0.804771959782,0.123765408993,-0.46625483036
60528,0.569386839867,-1.34195113182,-0.516093611717
6117,0.971607327461,-0.440848767757,-3.45870995522
6118,-0.522936284542,-1.39764010906,-2.20001339912
6119,-0.192899003625,1.02699327469,-1.41597390175
6182,-0.0061715207994,0.528838813305,-2.53843092918
6184,0.313073426485,2.84605574608,1.33739233017
6193,-1.12450361252,0.0959128290415,0.666621625423
6194,0.0887885242701,0.845241308212,0.0
6195,0.397323727608,0.0499381460249,-3.66663336754
622,0.419119775295,1.09504878521,-0.944644987583
6251,-1.01370882988,-0.664728462696,0.65952026844
6253,-1.41791117191,-0.274330884218,0.341215014458
6275,-0.515976309776,-0.662832975388,-0.157051518559
6284,-0.552014231682,0.238197386265,-2.36429977417
6304,-1.01610589027,5.1473903656,-0.187627375126
6342,0.56109380722,1.40117311478,-2.83978009224
6347,-0.496606498957,-0.710803568363,-0.884696602821
637,-1.49788033962,-0.835785627365,-1.22427487373
63874,-0.368193656206,1.38298022747,2.41692352295
6390,-0.0431902557611,0.460231661797,-1.25383508205
63933,0.6788880229,1.53738152981,-2.52101039886
64080,2.29173970222,0.781677126884,0.060407564044
642,-0.297771215439,1.22981452942,-0.409857749939
644,1.15464448929,-0.195206612349,-1.8124871254
64422,1.21764552593,-0.00798993371427,1.94659495354
64428,-1.18667817116,-1.30114006996,-1.00175571442
64429,-1.45512616634,0.0704551711679,0.613115489483
6443,0.535031676292,1.18706607819,-0.0467296093702
6461,-0.688182353973,-1.1418954134,1.16890513897
6464,-0.630289256573,-0.846708238125,1.17781734467
64746,1.40410399437,3.25729680061,1.45927619934
64781,0.891725838184,-0.382728308439,1.07482337952
64943,1.30307722092,2.00921916962,-0.552755832672
6499,1.28281450272,0.481585502625,-1.58505010605
6500,0.166199266911,0.60223454237,0.312318712473
65057,-0.308493435383,-0.848809182644,-0.304516017437
6509,0.408901482821,1.11782503128,1.33400821686
65123,-0.138294145465,0.196793228388,-0.565820336342
652,-0.472378313541,-0.115955710411,-2.07963085175
6597,0.498881876469,0.80504488945,-2.36481833458
6599,-0.344265699387,0.643639922142,-1.34171485901
66008,0.63940423727,2.61465859413,-1.35542964935
6603,1.47935426235,1.20216929913,-1.92343473434
6616,-0.388530373573,-0.662739694118,-0.581046640873
6622,0.434707641602,-0.0310641154647,1.13570713997
664,1.4430719614,0.915448844433,-0.944226026535
665,1.33225703239,1.62451303005,-0.184081554413
6657,-0.590460240841,-1.21799981594,-0.224757686257
6659,-0.497095882893,0.776818931103,-0.585274577141
6676,3.29075026512,0.0877658128738,-0.368827730417
6696,-0.108645647764,0.55264878273,-2.04012012482
6697,-0.80648624897,0.0663590058684,-5.1653752327
670,-1.24700176716,-0.962196648121,-1.91652226448
6709,0.589239120483,1.04495453835,-0.821026146412
6714,0.223347306252,0.214499741793,1.39017391205
672,0.543295502663,-0.243837848306,-0.704747438431
6772,0.389718860388,0.235966205597,0.822648286819
6774,-0.749664187431,0.0767067223787,1.99495613575
6777,-0.528195261955,0.381916731596,-0.0672049373388
6790,0.730038940907,0.788511633873,-2.24146652222
6793,0.336879432201,-0.410784691572,0.689879059792
6804,-0.249134331942,-0.979154646397,0.493465423584
6810,-0.327846974134,-0.632100939751,-0.608610391617
6812,2.02922010422,0.946742117405,0.028281070292
6813,1.92863821983,0.822417676449,-0.313019752502
6832,0.304841041565,-1.75275015831,0.452004551888
6839,0.911339819431,0.678478419781,-1.45919620991
6850,-1.03472828865,-1.06175971031,-1.30002140999
6856,-0.734294652939,0.795254349709,-0.670899808407
6894,-4.14347267151,-0.416773349047,-2.45583343506
6908,0.000526905059814,0.121375769377,2.0588312149
6909,-0.0585403814912,0.523509740829,-0.584135830402
6915,-0.644529938698,-0.976011157036,-1.03736901283
6919,-0.833785831928,-0.802081763744,0.537966430187
6944,-1.13638579845,-0.80934715271,-1.05872297287
695,-0.0616103000939,0.647571146488,1.48330330849
6988,0.0354365259409,-0.772652685642,-0.472539931536
6990,0.945779979229,0.710382580757,1.19725751877
701,-1.43314576149,-1.73108398914,-2.71655082703
7015,-0.775684118271,-1.55168712139,-1.69414448738
7016,-0.627115428448,-0.955677390099,0.682911038399
7020,-1.62161231041,-1.19665074348,-0.324331313372
7027,-1.48824810982,-0.645289599895,-1.59496963024
7043,-0.090578623116,-0.46982806921,-0.363969922066
7048,-0.550963461399,0.137306034565,-1.29025006294
7074,-0.389659762383,-0.656054019928,0.431255340576
7077,-0.914995789528,-0.939834594727,-1.05914509296
7082,-0.262936770916,2.17839121819,0.807316541672
7088,1.22911047935,1.02382338047,-0.437414377928
7099,-0.804978847504,-0.908777236938,-1.26492404938
7105,0.263092458248,0.0855193585157,-1.58457922935
7106,1.43647658825,1.30907785892,-1.64074587822
7153,-0.0281489640474,-0.629465579987,-2.08114409447
7157,1.31802392006,0.97240537405,1.09985816479
7158,-0.487650543451,-0.473442494869,0.107626616955
7159,0.438005656004,-1.46137034893,1.69904017448
7165,4.17141628265,0.336336553097,1.47786605358
7168,0.782222211361,0.232412695885,-1.07598495483
7264,0.570901870728,0.368014246225,-0.812226891518
727,-0.0629141032696,0.366759121418,0.0130723528564
7296,0.549347996712,2.4335668087,2.66273021698
7319,-0.338231891394,-0.19429384172,0.144439280033
7358,1.35791003704,1.65913128853,1.29742133617
7376,-0.740853130817,-1.05108559132,-0.259003072977
7398,0.0189438983798,0.697296380997,1.38641238213
7416,-0.191189169884,0.783822953701,-1.10030674934
7466,5.634953022,3.39078807831,0.882308244705
7485,0.199205726385,0.721549749374,-1.1352159977
7494,0.549311161041,0.299856007099,0.975822746754
7511,1.21477818489,1.96100103855,1.50381326675
7538,-1.0256819725,-1.12704837322,2.34574270248
7690,4.57617950439,0.287439525127,0.221732094884
7750,3.09083938599,0.811442315578,1.56953001022
780,-0.125713258982,-0.52386200428,-2.39095067978
7849,-0.409615159035,0.386377692223,-2.11124396324
7852,-0.896164238453,-0.771142065525,-0.957226514816
7866,0.0344867706299,-0.0649648010731,-1.43588232994
7867,-0.539500713348,-0.289066016674,1.76742780209
7874,-0.0863029062748,0.94516313076,0.335731744766
79006,0.180696889758,0.361212521791,-0.435104131699
7905,-0.843845963478,0.838337302208,1.60627007484
79071,1.29684650898,-0.226480215788,-0.79942959547
79073,-0.238114774227,0.978777647018,-2.40412068367
79080,-0.0317453369498,0.0259632505476,-0.760246276855
79090,-0.435047984123,-0.335011959076,0.106299757957
79094,-0.57809317112,-0.928321301937,1.14903831482
79143,0.193491354585,0.932737469673,-0.901648759842
79170,-0.363074421883,-0.949065804482,3.65279197693
79174,1.14915847778,0.3158814013,-0.134610667825
79187,-0.209643363953,0.0527064278722,-0.657684266567
79600,0.667069852352,-0.297089606524,-0.987883806229
79643,1.26820015907,0.67136412859,-0.830352306366
79716,-0.681030571461,-0.792779803276,-0.0501005128026
7982,0.819086909294,1.78822696209,2.11381721497
79850,0.651675283909,1.66788756847,2.22316384315
79902,0.959791183472,0.670213699341,-0.762488424778
79921,0.241223543882,0.645951092243,-0.247506469488
7994,0.25209569931,-0.0853077024221,0.474360823631
79947,-0.472598314285,1.41864359379,2.64507484436
79961,-0.701297283173,3.19258356094,1.02649855614
80204,1.09492373466,0.226498395205,2.40165472031
80212,-0.204571589828,0.683184325695,-0.60734385252
80347,0.227952510118,1.36421823502,-0.106949657202
80349,0.233203887939,0.98340678215,0.286209911108
8050,-0.886745035648,0.556413412094,-0.289715975523
8061,1.07815301418,0.83410692215,2.33115291595
80746,-0.0875295475125,-1.23131942749,-0.58128786087
80758,1.27820324898,0.736702620983,-0.542966902256
808,-1.17981231213,-1.19165432453,-4.90897083282
8091,-0.114136993885,-0.0815893560648,-2.94422316551
813,1.54606294632,1.49147522449,0.318995118141
81533,-0.119540214539,-0.0736543014646,-0.00616816617548
81544,0.172070503235,-0.821069180965,-1.29787242413
8202,-1.22626149654,-0.717333137989,-0.675937175751
8204,0.589189887047,-1.95528578758,-0.92256462574
823,-0.0524157807231,-0.082537509501,-2.69533085823
8243,-0.410109609365,-1.66528427601,-0.88861656189
8270,0.177377477288,0.460011869669,-1.02935111523
831,-0.601779937744,-0.493430972099,0.507712841034
8312,0.453502863646,0.884565353394,1.23620188236
8318,-1.17109656334,-0.271609514952,0.179120451212
8321,-1.01097762585,-1.23569583893,-0.716309785843
8324,0.16147595644,-0.157850310206,0.63047426939
8349,-1.16290950775,-1.13378000259,0.99348115921
835,-0.173427000642,0.163784354925,-1.36862337589
836,0.505178868771,-1.0875210762,0.320272505283
83743,1.45729494095,-0.101739116013,0.503908395767
8396,1.74093544483,0.183026999235,-2.22129297256
840,0.89909350872,0.965155959129,0.751659393311
84159,-0.536653518677,-0.871465265751,-1.0490860939
843,-0.848297417164,-0.771560490131,0.167973965406
8440,0.177692621946,-0.661057710648,0.251040577888
8444,-0.094606757164,-0.723838984966,2.53305125237
8446,-1.45628499985,-0.381268948317,1.48483705521
84617,1.77032589912,2.82815337181,4.13683843613
847,-0.736613154411,-0.94785284996,-1.46607351303
84722,-0.636206865311,-1.24431359768,-2.60014677048
8480,0.540064930916,0.76958745718,0.743283212185
84890,1.22501111031,1.34561383724,0.656507492065
8503,-1.81206536293,-1.00918090343,-0.401325285435
8508,1.01528871059,0.495018154383,-3.45246934891
8518,0.0384848751128,-2.38425111771,-0.951870858669
8520,-1.32944989204,1.01504540443,0.305230498314
85236,-0.204586490989,0.570593476295,-0.429284244776
85377,1.23629641533,0.616328597069,4.66100788116
8550,-0.772916197777,0.876535594463,0.990819990635
8553,0.345167994499,2.08302760124,2.1677672863
8569,-0.286112636328,-0.693322837353,0.130329489708
8573,-0.240735292435,0.82208943367,0.432563692331
8574,1.3351752758,1.20143187046,-0.455444186926
8607,0.670544743538,-0.481670856476,-0.519087791443
8624,0.734795451164,1.46332657337,0.305041640997
8678,0.122681543231,1.19963848591,0.574657917023
868,0.295692056417,2.44613599777,1.12525475025
8720,-0.474017500877,0.0101685337722,-0.999440550804
8726,0.25684311986,0.127713099122,-1.09991288185
8727,0.178803414106,1.75793850422,-0.162961065769
873,0.188589856029,-0.874531805515,-1.10319113731
8731,0.699830055237,1.89972937107,1.45362472534
874,0.472138941288,0.0395717993379,-0.056417144835
8800,-0.501007676125,-1.18137788773,-0.829180121422
8804,-1.24121081829,2.01081752777,-0.0497891902924
8821,-0.0276178456843,0.0221055336297,-0.244662314653
8826,-0.525768995285,-0.932734847069,0.399770379066
8835,5.42765665054,-1.1537348032,1.23216605186
8837,1.96645367146,-0.440627217293,0.216360360384
8851,-0.813230216503,0.57847315073,0.964594483376
8869,0.210745587945,-0.38222810626,0.421645730734
8870,0.907977342606,1.18408572674,1.60157084465
8878,0.703976392746,1.29987096786,1.27789950371
8884,1.19656825066,0.96711397171,-0.802283525467
8895,1.49300646782,-0.563042581081,-1.56667971611
890,-0.972323715687,0.288627266884,-0.794159770012
8900,1.96322512627,0.454397112131,-0.173288747668
891,-0.0582352653146,-1.90053737164,-2.63938093185
8914,0.447236657143,-1.37792885303,-3.50236201286
896,1.55987012386,-1.74007236958,-1.84741926193
8974,1.17465031147,2.13131380081,-0.74002790451
8985,1.47086703777,0.655014157295,-1.41249227524
899,-0.0831891819835,0.68374556303,-0.763882875443
89910,-0.115425229073,0.49848151207,-0.311530053616
8996,-1.77044487,-0.925584852695,0.878630280495
9016,0.150616943836,1.27870416641,-0.991192579269
9019,1.31957256794,1.18056917191,-1.07119274139
902,-0.534901559353,-0.664764523506,1.30374062061
9053,-0.606382846832,-0.842598378658,0.995339632034
90861,0.688206851482,0.74262213707,-1.13250422478
9093,0.000690315850079,-2.09040999413,0.183708935976
9097,-0.137320935726,-0.0365390479565,0.370754063129
9112,-0.865371465683,1.78434371948,-0.454364538193
91137,0.645926177502,0.986902952194,1.32870292664
9124,-0.276759207249,1.17301177979,2.02643632889
9126,-0.857360959053,-1.17900085449,-0.828617215157
9128,-0.568857967854,0.330082893372,0.637397170067
9133,0.635244309902,0.520369708538,-0.983797073364
9134,-0.957374095917,-0.9771296978,2.17987585068
9143,-0.693385243416,1.27933728695,0.846044838428
9170,-0.735910058022,-0.216263249516,-0.926458179951
9181,-0.505201816559,2.59977340698,3.04580354691
9183,3.51906991005,-0.39154112339,2.18084526062
91949,1.24024951458,0.0886472612619,-0.163767293096
9212,-0.276275038719,-0.845618486404,-1.12452328205
9217,-0.454135537148,1.2089496851,-0.328749865294
9221,1.23186898232,1.38009262085,1.92013978958
9246,-1.29468762875,-1.30585563183,-3.2562046051
9261,0.192833572626,1.85312318802,1.46334707737
9267,0.293894827366,0.416695296764,-2.19887709618
9270,-0.634375214577,0.748370409012,-0.54088383913
9275,0.791730821133,1.35183846951,1.44497871399
9276,0.493520826101,1.96106731892,0.755753397942
9289,0.470296233892,-0.840249657631,-0.373713165522
93487,0.314696967602,0.0823925435543,0.0349924899638
93594,-0.107457399368,-0.75024497509,0.281422615051
9375,0.956144988537,-0.278573304415,0.797602176666
94239,-1.13690447807,-1.21598994732,-1.37477850914
9448,1.59973835945,1.01530981064,-1.30849802494
9455,-2.76487922668,-1.2484241724,0.000101566314697
9467,-0.485157012939,-1.37166142464,-0.0275267288089
9488,0.0212052743882,0.584596633911,-0.320720016956
949,-0.47354143858,0.671050429344,-2.46527051926
9491,0.0630180165172,-0.584139764309,-0.483817279339
9517,1.52304840088,2.50102186203,2.37791991234
9519,-0.52168738842,0.578918218613,-0.0520367920399
9531,-1.02829515934,0.181507408619,1.2015004158
9533,-0.425297230482,-0.954752206802,1.60092496872
9552,0.761500597,0.388257443905,-2.01030158997
958,-1.16384506226,-1.48929846287,-0.236156582832
960,-1.84374070168,-1.22648978233,0.513516843319
9637,-0.0131202191114,-0.489190816879,0.32692065835
9641,0.599016308784,-0.643075406551,-1.57282853127
965,0.0204393863678,0.687799572945,-0.120642870665
9650,-0.297879099846,-0.406331062317,1.82715678215
9653,0.196966931224,0.224308505654,-1.63545608521
9670,-0.915160298347,-1.64626276493,-1.04473900795
9686,2.38010859489,1.23664700985,-1.39298176765
9688,-0.222767606378,0.627039670944,-0.941466808319
9690,0.700631260872,0.923305690289,0.887444376945
9695,1.37989068031,3.51541233063,1.2686882019
9697,0.330544680357,0.368379473686,-0.468194127083
9702,-0.504383206367,-0.620014965534,2.18919038773
9703,0.433688014746,0.58110076189,-0.891943216324
9709,-1.28539562225,8.43830299377,4.9766831398
9710,0.257687449455,-0.385732352734,3.29631447792
9712,-0.355794340372,0.377405107021,2.30180835724
9738,-0.34670227766,-0.185458272696,0.47548392415
976,1.58332753181,1.39061069489,-0.378428280354
9761,0.529228687286,1.83760595322,-1.45490586758
9797,1.90772604942,1.66437447071,-0.139533519745
9801,0.631245791912,-0.205963626504,-0.932647764683
9805,0.1577026546,-0.0993382558227,0.968389630318
9813,0.175934687257,-0.877789378166,-0.841972589493
9817,0.713148057461,0.442075014114,1.09283316135
983,-0.0911884307861,-0.878949403763,-0.514488935471
9833,0.0764207988977,-0.736513614655,-1.58671069145
9842,-0.458447903395,-1.06913387775,0.0647950544953
9847,1.12813866138,0.804148375988,-0.782909393311
9851,1.170748353,-0.626983702183,-0.467064917088
9854,-0.426557183266,1.79558897018,2.58178710938
9868,0.376097530127,0.64627301693,0.312002152205
9897,-0.432977706194,-0.979273796082,-1.0350304842
9903,0.481136023998,1.18505752087,2.61606621742
991,0.212485253811,1.17704880238,-0.60028731823
9915,-3.58894753456,-1.88308572769,-0.297891616821
9917,-0.917449355125,-0.799087882042,-2.93562984467
9918,-1.0508980751,-0.831872284412,-1.98844468594
9924,1.14143371582,0.291290640831,-2.58466148376
9926,0.748519659042,0.762590527534,-1.59163987637
9928,-0.613912165165,0.957726836205,-1.19632220268
993,0.423293232918,0.452896565199,-0.846387326717
994,-0.300577223301,0.409873455763,-1.83115136623
9943,0.407845556736,-0.307383239269,0.162897109985
9961,0.0796763971448,0.180630013347,-2.36514759064
998,-0.718072235584,-0.369251221418,-0.206286728382
9988,-0.805947601795,0.0777986571193,2.09744691849
