"","ID","Description","GeneRatio","BgRatio","pvalue","p.adjust","qvalue","geneID","Count"
"R-HSA-6804758","R-HSA-6804758","Regulation of TP53 Activity through Acetylation","7/24","14/2914",3.26049397248195e-12,1.00749263749692e-09,6.3493829990438e-10,"AKT1/AKT2/AKT3/HDAC1/HDAC2/PML/TP53",7
"R-HSA-6807070","R-HSA-6807070","PTEN Regulation","9/24","59/2914",3.15170870027305e-10,4.86938994192186e-08,3.06876899763428e-08,"AKT1/AKT2/AKT3/CSNK2A1/HDAC1/HDAC2/PML/TP53/JUN",9
"R-HSA-1257604","R-HSA-1257604","PIP3 activates AKT signaling","11/24","172/2914",2.82270449400897e-08,2.90738562882924e-06,1.83228186453214e-06,"AKT1/AKT2/AKT3/CSNK2A1/ESR1/GSK3A/HDAC1/HDAC2/PML/TP53/JUN",11
"R-HSA-9006925","R-HSA-9006925","Intracellular signaling by second messengers","11/24","201/2914",1.44974762344166e-07,1.11993003910869e-05,7.057981850966e-06,"AKT1/AKT2/AKT3/CSNK2A1/ESR1/GSK3A/HDAC1/HDAC2/PML/TP53/JUN",11
"R-HSA-5633007","R-HSA-5633007","Regulation of TP53 Activity","8/24","95/2914",4.54718855744295e-07,2.81016252849975e-05,1.77101028026726e-05,"AKT1/AKT2/AKT3/CSNK2A1/HDAC1/HDAC2/PML/TP53",8
"R-HSA-6804759","R-HSA-6804759","Regulation of TP53 Activity through Association with Co-factors","4/24","10/2914",7.20058831898954e-07,3.70830298427961e-05,2.33703305090011e-05,"AKT1/AKT2/AKT3/TP53",4
"R-HSA-3700989","R-HSA-3700989","Transcriptional Regulation by TP53","10/24","194/2914",1.17423999091702e-06,4.76522504026962e-05,3.00312257690301e-05,"AKT1/AKT2/AKT3/CSNK2A1/HDAC1/HDAC2/PML/TP53/JUN/BCL6",10
"R-HSA-8939211","R-HSA-8939211","ESR-mediated signaling","8/24","108/2914",1.23371522078178e-06,4.76522504026962e-05,3.00312257690301e-05,"AKT1/AKT2/AKT3/ESR1/HDAC1/SP1/JUN/GATA3",8
"R-HSA-9614085","R-HSA-9614085","FOXO-mediated transcription","6/24","49/2914",1.76828896427788e-06,6.07112544402072e-05,3.82612232036734e-05,"AKT1/AKT2/AKT3/HDAC1/HDAC2/BCL6",6
"R-HSA-198323","R-HSA-198323","AKT phosphorylates targets in the cytosol","4/24","13/2914",2.41139636372043e-06,7.45121476389611e-05,4.6958771293503e-05,"AKT1/AKT2/AKT3/GSK3A",4
"R-HSA-212436","R-HSA-212436","Generic Transcription Pathway","14/24","481/2914",3.67111248531383e-06,0.000103124887087452,6.49909865821109e-05,"AKT1/AKT2/AKT3/CSNK2A1/ESR1/HDAC1/HDAC2/PML/SP1/TP53/JUN/MAX/GATA3/BCL6",14
"R-HSA-73857","R-HSA-73857","RNA Polymerase II Transcription","14/24","499/2914",5.77710862012885e-06,0.000148760546968318,9.37513240985822e-05,"AKT1/AKT2/AKT3/CSNK2A1/ESR1/HDAC1/HDAC2/PML/SP1/TP53/JUN/MAX/GATA3/BCL6",14
"R-HSA-9006931","R-HSA-9006931","Signaling by Nuclear Receptors","8/24","136/2914",7.16095097385277e-06,0.000170210296224654,0.000107269306086054,"AKT1/AKT2/AKT3/ESR1/HDAC1/SP1/JUN/GATA3",8
"R-HSA-397795","R-HSA-397795","G-protein beta:gamma signalling","4/24","21/2914",1.93133799121311e-05,0.000426273885203466,0.00026864475817626,"AKT1/AKT2/AKT3/PAK1",4
"R-HSA-5674400","R-HSA-5674400","Constitutive Signaling by AKT1 E17K in Cancer","4/24","24/2914",3.37266983951697e-05,0.00064938535487768,0.000409253246984741,"AKT1/AKT2/AKT3/GSK3A",4
"R-HSA-109606","R-HSA-109606","Intrinsic Pathway for Apoptosis","5/24","49/2914",3.65076773829301e-05,0.00064938535487768,0.000409253246984741,"AKT1/AKT2/AKT3/TP53/STAT3",5
"R-HSA-9018519","R-HSA-9018519","Estrogen-dependent gene expression","5/24","49/2914",3.65076773829301e-05,0.00064938535487768,0.000409253246984741,"ESR1/HDAC1/SP1/JUN/GATA3",5
"R-HSA-5218920","R-HSA-5218920","VEGFR2 mediated vascular permeability","4/24","25/2914",3.99298438274301e-05,0.00064938535487768,0.000409253246984741,"AKT1/AKT2/AKT3/PAK1",4
"R-HSA-8948751","R-HSA-8948751","Regulation of PTEN stability and activity","4/24","25/2914",3.99298438274301e-05,0.00064938535487768,0.000409253246984741,"AKT1/AKT2/AKT3/CSNK2A1",4
"R-HSA-114452","R-HSA-114452","Activation of BH3-only proteins","4/24","29/2914",7.33331184529147e-05,0.000959399815727789,0.000604629418871201,"AKT1/AKT2/AKT3/TP53",4
"R-HSA-6804757","R-HSA-6804757","Regulation of TP53 Degradation","4/24","29/2914",7.33331184529147e-05,0.000959399815727789,0.000604629418871201,"AKT1/AKT2/AKT3/TP53",4
"R-HSA-6806003","R-HSA-6806003","Regulation of TP53 Expression and Degradation","4/24","29/2914",7.33331184529147e-05,0.000959399815727789,0.000604629418871201,"AKT1/AKT2/AKT3/TP53",4
"R-HSA-1358803","R-HSA-1358803","Downregulation of ERBB2:ERBB3 signaling","3/24","11/2914",7.76213443145461e-05,0.000959399815727789,0.000604629418871201,"AKT1/AKT2/AKT3",3
"R-HSA-210745","R-HSA-210745","Regulation of gene expression in beta cells","3/24","11/2914",7.76213443145461e-05,0.000959399815727789,0.000604629418871201,"AKT1/AKT2/AKT3",3
"R-HSA-9614399","R-HSA-9614399","Regulation of localization of FOXO transcription factors","3/24","11/2914",7.76213443145461e-05,0.000959399815727789,0.000604629418871201,"AKT1/AKT2/AKT3",3
"R-HSA-389356","R-HSA-389356","CD28 co-stimulation","4/24","31/2914",9.60839670041479e-05,0.00112648505869601,0.000709929265402014,"AKT1/AKT2/AKT3/PAK1",4
"R-HSA-69206","R-HSA-69206","G1/S Transition","5/24","60/2914",9.84307332841171e-05,0.00112648505869601,0.000709929265402014,"AKT1/AKT2/AKT3/HDAC1/MAX",5
"R-HSA-8943724","R-HSA-8943724","Regulation of PTEN gene transcription","4/24","32/2914",0.000109205668568675,0.00120516255670431,0.000759513108466349,"HDAC1/HDAC2/TP53/JUN",4
"R-HSA-8876198","R-HSA-8876198","RAB GEFs exchange GTP for GDP on RABs","3/24","13/2914",0.00013309282436661,0.00141812699066491,0.00089372676979393,"AKT1/AKT2/AKT3",3
"R-HSA-5628897","R-HSA-5628897","TP53 Regulates Metabolic Genes","4/24","35/2914",0.000156398090693995,0.00161090033414815,0.00101521567643471,"AKT1/AKT2/AKT3/TP53",4
"R-HSA-111447","R-HSA-111447","Activation of BAD and translocation to mitochondria ","3/24","15/2914",0.000209455755306446,0.00208780091579651,0.00131576620481129,"AKT1/AKT2/AKT3",3
"R-HSA-69202","R-HSA-69202","Cyclin E associated events during G1/S transition ","4/24","39/2914",0.000240314518114249,0.00232053706554071,0.00146244032405053,"AKT1/AKT2/AKT3/MAX",4
"R-HSA-392451","R-HSA-392451","G beta:gamma signalling through PI3Kgamma","3/24","16/2914",0.000256398463129632,0.0024008219729411,0.00151303718274264,"AKT1/AKT2/AKT3",3
"R-HSA-69656","R-HSA-69656","Cyclin A:Cdk2-associated events at S phase entry","4/24","40/2914",0.000265545539050551,0.00241334034019472,0.00152092646205424,"AKT1/AKT2/AKT3/MAX",4
"R-HSA-453279","R-HSA-453279","Mitotic G1-G1/S phases","5/24","77/2914",0.000324288042933283,0.00286300015046813,0.00180430941180924,"AKT1/AKT2/AKT3/HDAC1/MAX",5
"R-HSA-389513","R-HSA-389513","CTLA4 inhibitory signaling","3/24","19/2914",0.000436507819357294,0.00374669211615011,0.00236122650821928,"AKT1/AKT2/AKT3",3
"R-HSA-8878171","R-HSA-8878171","Transcriptional regulation by RUNX1","5/24","86/2914",0.000543949115171847,0.00454271017805678,0.00286289007985183,"CSNK2A1/ESR1/HDAC1/PML/GATA3",5
"R-HSA-389357","R-HSA-389357","CD28 dependent PI3K/Akt signaling","3/24","21/2914",0.00059267277497286,0.00481936545964773,0.003037242752631,"AKT1/AKT2/AKT3",3
"R-HSA-69278","R-HSA-69278","Cell Cycle, Mitotic","7/24","191/2914",0.000618803215828445,0.00490282547925614,0.00308984061884649,"AKT1/AKT2/AKT3/CSNK2A1/HDAC1/TP53/MAX",7
"R-HSA-388841","R-HSA-388841","Costimulation by the CD28 family","4/24","53/2914",0.000791881043470497,0.00611728106080959,0.00385521034321163,"AKT1/AKT2/AKT3/PAK1",4
"R-HSA-6785807","R-HSA-6785807","Interleukin-4 and Interleukin-13 signaling","5/24","94/2914",0.000820324592162154,0.00618244631653916,0.003896278550706,"AKT1/TP53/GATA3/STAT3/BCL6",5
"R-HSA-186712","R-HSA-186712","Regulation of beta-cell development","3/24","24/2914",0.000887397665025297,0.00623195178392766,0.00392747770405933,"AKT1/AKT2/AKT3",3
"R-HSA-8863795","R-HSA-8863795","Downregulation of ERBB2 signaling","3/24","24/2914",0.000887397665025297,0.00623195178392766,0.00392747770405933,"AKT1/AKT2/AKT3",3
"R-HSA-9634638","R-HSA-9634638","Estrogen-dependent nuclear events downstream of ESR-membrane signaling","3/24","24/2914",0.000887397665025297,0.00623195178392766,0.00392747770405933,"AKT1/AKT2/AKT3",3
"R-HSA-5663202","R-HSA-5663202","Diseases of signal transduction","8/24","268/2914",0.000916447311539554,0.00629293820590494,0.00396591234233492,"AKT1/AKT2/AKT3/ESR1/GSK3A/HDAC1/HDAC2/STAT3",8
"R-HSA-2219528","R-HSA-2219528","PI3K/AKT Signaling in Cancer","5/24","97/2914",0.000947302461717861,0.00636340131893085,0.00401031934594518,"AKT1/AKT2/AKT3/ESR1/GSK3A",5
"R-HSA-9007101","R-HSA-9007101","Rab regulation of trafficking","3/24","25/2914",0.00100296145882501,0.00659393810163674,0.00415560738818871,"AKT1/AKT2/AKT3",3
"R-HSA-2559583","R-HSA-2559583","Cellular Senescence","5/24","99/2914",0.00103978413272424,0.00669361035441231,0.00421842246828914,"MAPK9/SP1/TP53/JUN/STAT3",5
"R-HSA-109581","R-HSA-109581","Apoptosis","5/24","101/2914",0.0011388662059777,0.0071818297479002,0.00452610629658163,"AKT1/AKT2/AKT3/TP53/STAT3",5
"R-HSA-5357801","R-HSA-5357801","Programmed Cell Death","5/24","103/2914",0.00124484195517332,0.0076931232829711,0.00484833182541187,"AKT1/AKT2/AKT3/TP53/STAT3",5
"R-HSA-157118","R-HSA-157118","Signaling by NOTCH","5/24","104/2914",0.00130050770060491,0.00787954665660619,0.00496581887743875,"AKT1/HDAC1/HDAC2/TP53/JUN",5
"R-HSA-8878166","R-HSA-8878166","Transcriptional regulation by RUNX2","4/24","62/2914",0.00143537469959218,0.00836850532403745,0.00527396860823345,"AKT1/AKT2/AKT3/ESR1",4
"R-HSA-983231","R-HSA-983231","Factors involved in megakaryocyte development and platelet production","4/24","62/2914",0.00143537469959218,0.00836850532403745,0.00527396860823345,"HDAC1/HDAC2/TP53/GATA3",4
"R-HSA-3108232","R-HSA-3108232","SUMO E3 ligases SUMOylate target proteins","5/24","107/2914",0.00147866723576596,0.00846126251577189,0.0053324257040293,"ESR1/HDAC1/HDAC2/PML/TP53",5
"R-HSA-9009391","R-HSA-9009391","Extra-nuclear estrogen signaling","4/24","63/2914",0.00152424037806534,0.00856345957858526,0.00539683196061411,"AKT1/AKT2/AKT3/ESR1",4
"R-HSA-2990846","R-HSA-2990846","SUMOylation","5/24","109/2914",0.00160712227009694,0.00886787109749917,0.00558867706706641,"ESR1/HDAC1/HDAC2/PML/TP53",5
"R-HSA-2871796","R-HSA-2871796","FCERI mediated MAPK activation","3/24","30/2914",0.0017231749610055,0.00902476377882543,0.00568755339493341,"MAPK9/PAK1/JUN",3
"R-HSA-390466","R-HSA-390466","Chaperonin-mediated protein folding","3/24","30/2914",0.0017231749610055,0.00902476377882543,0.00568755339493341,"CSNK2A1/TP53/STAT3",3
"R-HSA-450282","R-HSA-450282","MAPK targets/ Nuclear events mediated by MAP kinases","3/24","30/2914",0.0017231749610055,0.00902476377882543,0.00568755339493341,"MAPK9/ATF1/JUN",3
"R-HSA-3769402","R-HSA-3769402","Deactivation of the beta-catenin transactivating complex","3/24","31/2914",0.00189750613893422,0.00961195732673237,0.00605761235035084,"AKT1/AKT2/HDAC1",3
"R-HSA-391251","R-HSA-391251","Protein folding","3/24","31/2914",0.00189750613893422,0.00961195732673237,0.00605761235035084,"CSNK2A1/TP53/STAT3",3
"R-HSA-69242","R-HSA-69242","S Phase","4/24","71/2914",0.00237875289206797,0.0118553974782097,0.00747146494113029,"AKT1/AKT2/AKT3/MAX",4
"R-HSA-450341","R-HSA-450341","Activation of the AP-1 family of transcription factors","2/24","10/2914",0.00281061646919343,0.0137854045869963,0.00868778691396464,"MAPK9/JUN",2
"R-HSA-1640170","R-HSA-1640170","Cell Cycle","7/24","249/2914",0.00297721131744803,0.0143743483920538,0.00905894890999811,"AKT1/AKT2/AKT3/CSNK2A1/HDAC1/TP53/MAX",7
"R-HSA-2262752","R-HSA-2262752","Cellular responses to stress","6/24","187/2914",0.00327471194613226,0.0155674767900749,0.00981087789529504,"MAPK9/SP1/TP53/ARNT/JUN/STAT3",6
"R-HSA-1362277","R-HSA-1362277","Transcription of E2F targets under negative control by DREAM complex","2/24","11/2914",0.00341794871916651,0.0159361949080293,0.0100432500697851,"HDAC1/MAX",2
"R-HSA-8953897","R-HSA-8953897","Cellular responses to external stimuli","6/24","189/2914",0.00345542090238823,0.0159361949080293,0.0100432500697851,"MAPK9/SP1/TP53/ARNT/JUN/STAT3",6
"R-HSA-449147","R-HSA-449147","Signaling by Interleukins","8/24","332/2914",0.00370404892942868,0.0168316341057862,0.0106075704635341,"AKT1/MAPK9/TP53/ATF1/JUN/GATA3/STAT3/BCL6",8
"R-HSA-9022699","R-HSA-9022699","MECP2 regulates neuronal receptors and channels","2/24","12/2914",0.0040809513486497,0.0182755647352573,0.0115175591075545,"HDAC1/HDAC2",2
"R-HSA-4420097","R-HSA-4420097","VEGFA-VEGFR2 Pathway","4/24","85/2914",0.00458783352955631,0.0202520080090414,0.012763145909292,"AKT1/AKT2/AKT3/PAK1",4
"R-HSA-2454202","R-HSA-2454202","Fc epsilon receptor (FCERI) signaling","4/24","87/2914",0.00498804332130402,0.0217085265673654,0.0136810676714788,"MAPK9/PAK1/NFATC1/JUN",4
"R-HSA-1227986","R-HSA-1227986","Signaling by ERBB2","3/24","44/2914",0.00521133471484824,0.0220589373546316,0.0139019022674394,"AKT1/AKT2/AKT3",3
"R-HSA-2559580","R-HSA-2559580","Oxidative Stress Induced Senescence","3/24","44/2914",0.00521133471484824,0.0220589373546316,0.0139019022674394,"MAPK9/TP53/JUN",3
"R-HSA-194138","R-HSA-194138","Signaling by VEGF","4/24","92/2914",0.00609070333451067,0.0254328017616729,0.0160281666697649,"AKT1/AKT2/AKT3/PAK1",4
"R-HSA-1643685","R-HSA-1643685","Disease","9/24","443/2914",0.00620922222211641,0.0255819955551196,0.0161221910328637,"AKT1/AKT2/AKT3/ESR1/GSK3A/HDAC1/HDAC2/JUN/STAT3",9
"R-HSA-427413","R-HSA-427413","NoRC negatively regulates rRNA expression","2/24","15/2914",0.00639522439073446,0.0256639524251552,0.0161738415896907,"HDAC1/HDAC2",2
"R-HSA-5250913","R-HSA-5250913","Positive epigenetic regulation of rRNA expression","2/24","15/2914",0.00639522439073446,0.0256639524251552,0.0161738415896907,"HDAC1/HDAC2",2
"R-HSA-3214815","R-HSA-3214815","HDACs deacetylate histones","2/24","16/2914",0.00727219952324945,0.0288090981113343,0.0181559637220128,"HDAC1/HDAC2",2
"R-HSA-199418","R-HSA-199418","Negative regulation of the PI3K/AKT network","4/24","99/2914",0.00789399282830753,0.0308765035942661,0.0194588763922304,"AKT1/AKT2/AKT3/ESR1",4
"R-HSA-5250941","R-HSA-5250941","Negative epigenetic regulation of rRNA expression","2/24","17/2914",0.00820053832467132,0.031674579279043,0.019961836711371,"HDAC1/HDAC2",2
"R-HSA-1538133","R-HSA-1538133","G0 and Early G1","2/24","19/2914",0.0102079842924004,0.0380032186307436,0.0239502484983395,"HDAC1/MAX",2
"R-HSA-73762","R-HSA-73762","RNA Polymerase I Transcription Initiation","2/24","19/2914",0.0102079842924004,0.0380032186307436,0.0239502484983395,"HDAC1/HDAC2",2
"R-HSA-9615017","R-HSA-9615017","FOXO-mediated transcription of oxidative stress, metabolic and neuronal genes","2/24","19/2914",0.0102079842924004,0.0380032186307436,0.0239502484983395,"HDAC1/HDAC2",2
"R-HSA-201681","R-HSA-201681","TCF dependent signaling in response to WNT","4/24","108/2914",0.0106924400661032,0.0393329045288795,0.0247882382484848,"AKT1/AKT2/CSNK2A1/HDAC1",4
"R-HSA-1266738","R-HSA-1266738","Developmental Biology","8/24","397/2914",0.0110950064828514,0.039627329921614,0.0249737899352703,"AKT1/AKT2/AKT3/CSNK2A1/PAK1/PML/JUN/STAT3",8
"R-HSA-445144","R-HSA-445144","Signal transduction by L1","2/24","20/2914",0.01128545318156,0.039627329921614,0.0249737899352703,"CSNK2A1/PAK1",2
"R-HSA-73854","R-HSA-73854","RNA Polymerase I Promoter Clearance","2/24","20/2914",0.01128545318156,0.039627329921614,0.0249737899352703,"HDAC1/HDAC2",2
"R-HSA-73864","R-HSA-73864","RNA Polymerase I Transcription","2/24","20/2914",0.01128545318156,0.039627329921614,0.0249737899352703,"HDAC1/HDAC2",2
"R-HSA-195721","R-HSA-195721","Signaling by WNT","5/24","172/2914",0.0114750689994535,0.0398404080992262,0.0251080752797031,"AKT1/AKT2/CSNK2A1/HDAC1/NFATC1",5
"R-HSA-450294","R-HSA-450294","MAP kinase activation","3/24","60/2914",0.0123511896211207,0.0424057510325144,0.0267247962562261,"MAPK9/ATF1/JUN",3
"R-HSA-9022692","R-HSA-9022692","Regulation of MECP2 expression and activity","2/24","22/2914",0.01358385530978,0.0461253987991429,0.0290689789740809,"HDAC1/HDAC2",2
"R-HSA-448424","R-HSA-448424","Interleukin-17 signaling","3/24","64/2914",0.0147172566280158,0.0481493704319762,0.0303445189232349,"MAPK9/ATF1/JUN",3
"R-HSA-1912408","R-HSA-1912408","Pre-NOTCH Transcription and Translation","2/24","23/2914",0.0148032045017403,0.0481493704319762,0.0303445189232349,"TP53/JUN",2
"R-HSA-2559585","R-HSA-2559585","Oncogene Induced Senescence","2/24","23/2914",0.0148032045017403,0.0481493704319762,0.0303445189232349,"SP1/TP53",2
"R-HSA-4551638","R-HSA-4551638","SUMOylation of chromatin organization proteins","2/24","23/2914",0.0148032045017403,0.0481493704319762,0.0303445189232349,"HDAC1/HDAC2",2
"R-HSA-2173796","R-HSA-2173796","SMAD2/SMAD3:SMAD4 heterotrimer regulates transcription","2/24","24/2914",0.0160682778505326,0.0517197693314017,0.032594642569611,"HDAC1/SP1",2
"R-HSA-9006934","R-HSA-9006934","Signaling by Receptor Tyrosine Kinases","7/24","347/2914",0.0182467801014045,0.0581263407354019,0.0366321684075944,"AKT1/AKT2/AKT3/ESR1/PAK1/ATF1/STAT3",7
"R-HSA-1445148","R-HSA-1445148","Translocation of SLC2A4 (GLUT4) to the plasma membrane","2/24","26/2914",0.0187325257093662,0.0584681863049915,0.0368476050636124,"AKT1/AKT2",2
"R-HSA-350054","R-HSA-350054","Notch-HLH transcription pathway","2/24","26/2914",0.0187325257093662,0.0584681863049915,0.0368476050636124,"HDAC1/HDAC2",2
"R-HSA-165159","R-HSA-165159","mTOR signalling","2/24","27/2914",0.0201301861434471,0.0609826227286779,0.0384322439271177,"AKT1/AKT2",2
"R-HSA-5689896","R-HSA-5689896","Ovarian tumor domain proteases","2/24","27/2914",0.0201301861434471,0.0609826227286779,0.0384322439271177,"ESR1/TP53",2
"R-HSA-9616222","R-HSA-9616222","Transcriptional regulation of granulopoiesis","2/24","27/2914",0.0201301861434471,0.0609826227286779,0.0384322439271177,"PML/STAT3",2
"R-HSA-1912422","R-HSA-1912422","Pre-NOTCH Expression and Processing","2/24","29/2914",0.0230528587187324,0.0691585761561971,0.0435848631882012,"TP53/JUN",2
"R-HSA-5633008","R-HSA-5633008","TP53 Regulates Transcription of Cell Death Genes","2/24","30/2914",0.02457640755857,0.0719714195811439,0.0453575630131549,"TP53/BCL6",2
"R-HSA-168142","R-HSA-168142","Toll Like Receptor 10 (TLR10) Cascade","3/24","78/2914",0.0249221420556064,0.0719714195811439,0.0453575630131549,"MAPK9/ATF1/JUN",3
"R-HSA-168176","R-HSA-168176","Toll Like Receptor 5 (TLR5) Cascade","3/24","78/2914",0.0249221420556064,0.0719714195811439,0.0453575630131549,"MAPK9/ATF1/JUN",3
"R-HSA-975871","R-HSA-975871","MyD88 cascade initiated on plasma membrane","3/24","78/2914",0.0249221420556064,0.0719714195811439,0.0453575630131549,"MAPK9/ATF1/JUN",3
"R-HSA-975138","R-HSA-975138","TRAF6 mediated induction of NFkB and MAP kinases upon TLR7/8 or 9 activation","3/24","83/2914",0.0293015987966269,0.0838351298903493,0.0528342668360232,"MAPK9/ATF1/JUN",3
"R-HSA-168181","R-HSA-168181","Toll Like Receptor 7/8 (TLR7/8) Cascade","3/24","84/2914",0.0302240217834356,0.0849020248280147,0.0535066414347904,"MAPK9/ATF1/JUN",3
"R-HSA-975155","R-HSA-975155","MyD88 dependent cascade initiated on endosome","3/24","84/2914",0.0302240217834356,0.0849020248280147,0.0535066414347904,"MAPK9/ATF1/JUN",3
"R-HSA-5687128","R-HSA-5687128","MAPK6/MAPK4 signaling","2/24","34/2914",0.0310686663763782,0.0857162313419721,0.0540197676656953,"PAK1/JUN",2
"R-HSA-6796648","R-HSA-6796648","TP53 Regulates Transcription of DNA Repair Genes","2/24","34/2914",0.0310686663763782,0.0857162313419721,0.0540197676656953,"TP53/JUN",2
"R-HSA-166058","R-HSA-166058","MyD88:MAL(TIRAP) cascade initiated on plasma membrane","3/24","86/2914",0.0321153106854313,0.0862924434938981,0.0543829059661766,"MAPK9/ATF1/JUN",3
"R-HSA-168138","R-HSA-168138","Toll Like Receptor 9 (TLR9) Cascade","3/24","86/2914",0.0321153106854313,0.0862924434938981,0.0543829059661766,"MAPK9/ATF1/JUN",3
"R-HSA-168188","R-HSA-168188","Toll Like Receptor TLR6:TLR2 Cascade","3/24","86/2914",0.0321153106854313,0.0862924434938981,0.0543829059661766,"MAPK9/ATF1/JUN",3
"R-HSA-168164","R-HSA-168164","Toll Like Receptor 3 (TLR3) Cascade","3/24","87/2914",0.0330841416627216,0.0866355913032286,0.0545991633149286,"MAPK9/ATF1/JUN",3
"R-HSA-168179","R-HSA-168179","Toll Like Receptor TLR1:TLR2 Cascade","3/24","87/2914",0.0330841416627216,0.0866355913032286,0.0545991633149286,"MAPK9/ATF1/JUN",3
"R-HSA-181438","R-HSA-181438","Toll Like Receptor 2 (TLR2) Cascade","3/24","87/2914",0.0330841416627216,0.0866355913032286,0.0545991633149286,"MAPK9/ATF1/JUN",3
"R-HSA-2173793","R-HSA-2173793","Transcriptional activity of SMAD2/SMAD3:SMAD4 heterotrimer","2/24","36/2914",0.0345438766996172,0.0896979655477455,0.0565291215340927,"HDAC1/SP1",2
"R-HSA-166166","R-HSA-166166","MyD88-independent TLR4 cascade ","3/24","90/2914",0.0360831143127242,0.0920322773245062,0.0580002429059229,"MAPK9/ATF1/JUN",3
"R-HSA-937061","R-HSA-937061","TRIF(TICAM1)-mediated TLR4 signaling ","3/24","90/2914",0.0360831143127242,0.0920322773245062,0.0580002429059229,"MAPK9/ATF1/JUN",3
"R-HSA-212165","R-HSA-212165","Epigenetic regulation of gene expression","2/24","37/2914",0.0363363683934944,0.0920322773245062,0.0580002429059229,"HDAC1/HDAC2",2
"R-HSA-2122947","R-HSA-2122947","NOTCH1 Intracellular Domain Regulates Transcription","2/24","40/2914",0.0419254502518145,0.105324911608217,0.066377477933981,"HDAC1/HDAC2",2
"R-HSA-8986944","R-HSA-8986944","Transcriptional Regulation by MECP2","2/24","41/2914",0.0438568521781542,0.109288446153626,0.0688753620794442,"HDAC1/HDAC2",2
"R-HSA-2559582","R-HSA-2559582","Senescence-Associated Secretory Phenotype (SASP)","2/24","45/2914",0.0519074928875084,0.128315322417921,0.0808664099721184,"JUN/STAT3",2
"R-HSA-1989781","R-HSA-1989781","PPARA activates gene expression","2/24","47/2914",0.0561192474881611,0.135475370889389,0.0853787893528767,"SP1/ARNT",2
"R-HSA-8848021","R-HSA-8848021","Signaling by PTK6","2/24","47/2914",0.0561192474881611,0.135475370889389,0.0853787893528767,"AKT1/STAT3",2
"R-HSA-9006927","R-HSA-9006927","Signaling by Non-Receptor Tyrosine Kinases","2/24","47/2914",0.0561192474881611,0.135475370889389,0.0853787893528767,"AKT1/STAT3",2
"R-HSA-400206","R-HSA-400206","Regulation of lipid metabolism by Peroxisome proliferator-activated receptor alpha (PPARalpha)","2/24","48/2914",0.0582696369991088,0.139576107230423,0.0879631403087322,"SP1/ARNT",2
"R-HSA-166016","R-HSA-166016","Toll Like Receptor 4 (TLR4) Cascade","3/24","110/2914",0.0595514853929256,0.141549299895492,0.0892066785238157,"MAPK9/ATF1/JUN",3
"R-HSA-2644602","R-HSA-2644602","Signaling by NOTCH1 PEST Domain Mutants in Cancer","2/24","51/2914",0.0648918768343082,0.148530295865194,0.093606216096273,"HDAC1/HDAC2",2
"R-HSA-2644603","R-HSA-2644603","Signaling by NOTCH1 in Cancer","2/24","51/2914",0.0648918768343082,0.148530295865194,0.093606216096273,"HDAC1/HDAC2",2
"R-HSA-2644606","R-HSA-2644606","Constitutive Signaling by NOTCH1 PEST Domain Mutants","2/24","51/2914",0.0648918768343082,0.148530295865194,0.093606216096273,"HDAC1/HDAC2",2
"R-HSA-2894858","R-HSA-2894858","Signaling by NOTCH1 HD+PEST Domain Mutants in Cancer","2/24","51/2914",0.0648918768343082,0.148530295865194,0.093606216096273,"HDAC1/HDAC2",2
"R-HSA-2894862","R-HSA-2894862","Constitutive Signaling by NOTCH1 HD+PEST Domain Mutants","2/24","51/2914",0.0648918768343082,0.148530295865194,0.093606216096273,"HDAC1/HDAC2",2
"R-HSA-373760","R-HSA-373760","L1CAM interactions","2/24","53/2914",0.0694435849448247,0.157779909911403,0.099435473798704,"CSNK2A1/PAK1",2
"R-HSA-556833","R-HSA-556833","Metabolism of lipids","3/24","119/2914",0.0720072337795407,0.162410476188891,0.102353732226009,"CSNK2A1/SP1/ARNT",3
"R-HSA-6804756","R-HSA-6804756","Regulation of TP53 Activity through Phosphorylation","2/24","56/2914",0.0764654149138115,0.168241853218703,0.106028761183649,"CSNK2A1/TP53",2
"R-HSA-5688426","R-HSA-5688426","Deubiquitination","3/24","124/2914",0.0794069854247698,0.168241853218703,0.106028761183649,"ESR1/TP53/GATA3",3
"R-HSA-1362300","R-HSA-1362300","Transcription of E2F targets under negative control by p107 (RBL1) and p130 (RBL2) in complex with HDAC1","1/24","10/2914",0.079492914465795,0.168241853218703,0.106028761183649,"HDAC1",1
"R-HSA-2025928","R-HSA-2025928","Calcineurin activates NFAT","1/24","10/2914",0.079492914465795,0.168241853218703,0.106028761183649,"NFATC1",1
"R-HSA-211945","R-HSA-211945","Phase I - Functionalization of compounds","1/24","10/2914",0.079492914465795,0.168241853218703,0.106028761183649,"ARNT",1
"R-HSA-381038","R-HSA-381038","XBP1(S) activates chaperone genes","1/24","10/2914",0.079492914465795,0.168241853218703,0.106028761183649,"GSK3A",1
"R-HSA-8934903","R-HSA-8934903","Receptor Mediated Mitophagy","1/24","10/2914",0.079492914465795,0.168241853218703,0.106028761183649,"CSNK2A1",1
"R-HSA-9020956","R-HSA-9020956","Interleukin-27 signaling","1/24","10/2914",0.079492914465795,0.168241853218703,0.106028761183649,"STAT3",1
"R-HSA-9020958","R-HSA-9020958","Interleukin-21 signaling","1/24","10/2914",0.079492914465795,0.168241853218703,0.106028761183649,"STAT3",1
"R-HSA-168898","R-HSA-168898","Toll-like Receptor Cascades","3/24","127/2914",0.0840056070513943,0.171426923640136,0.108036044535599,"MAPK9/ATF1/JUN",3
"R-HSA-1059683","R-HSA-1059683","Interleukin-6 signaling","1/24","11/2914",0.0871004110404576,0.171426923640136,0.108036044535599,"STAT3",1
"R-HSA-2586552","R-HSA-2586552","Signaling by Leptin","1/24","11/2914",0.0871004110404576,0.171426923640136,0.108036044535599,"STAT3",1
"R-HSA-349425","R-HSA-349425","Autodegradation of the E3 ubiquitin ligase COP1","1/24","11/2914",0.0871004110404576,0.171426923640136,0.108036044535599,"TP53",1
"R-HSA-452723","R-HSA-452723","Transcriptional regulation of pluripotent stem cells","1/24","11/2914",0.0871004110404576,0.171426923640136,0.108036044535599,"STAT3",1
"R-HSA-5607763","R-HSA-5607763","CLEC7A (Dectin-1) induces NFAT activation","1/24","11/2914",0.0871004110404576,0.171426923640136,0.108036044535599,"NFATC1",1
"R-HSA-5627117","R-HSA-5627117","RHO GTPases Activate ROCKs","1/24","11/2914",0.0871004110404576,0.171426923640136,0.108036044535599,"PAK1",1
"R-HSA-6803207","R-HSA-6803207","TP53 Regulates Transcription of Caspase Activators and Caspases","1/24","11/2914",0.0871004110404576,0.171426923640136,0.108036044535599,"TP53",1
"R-HSA-6804116","R-HSA-6804116","TP53 Regulates Transcription of Genes Involved in G1 Cell Cycle Arrest","1/24","11/2914",0.0871004110404576,0.171426923640136,0.108036044535599,"TP53",1
"R-HSA-8866910","R-HSA-8866910","TFAP2 (AP-2) family regulates transcription of growth factors and their receptors","1/24","11/2914",0.0871004110404576,0.171426923640136,0.108036044535599,"ESR1",1
"R-HSA-8984722","R-HSA-8984722","Interleukin-35 Signalling","1/24","11/2914",0.0871004110404576,0.171426923640136,0.108036044535599,"STAT3",1
"R-HSA-1280218","R-HSA-1280218","Adaptive Immune System","5/24","296/2914",0.0888261050839281,0.173716876398315,0.109479210130091,"AKT1/AKT2/AKT3/PAK1/NFATC1",5
"R-HSA-109582","R-HSA-109582","Hemostasis","5/24","298/2914",0.0908652348304317,0.174084042300479,0.109710604072862,"AKT1/HDAC1/HDAC2/TP53/GATA3",5
"R-HSA-597592","R-HSA-597592","Post-translational protein modification","6/24","393/2914",0.0935176173658914,0.174084042300479,0.109710604072862,"ESR1/HDAC1/HDAC2/PML/TP53/GATA3",6
"R-HSA-170834","R-HSA-170834","Signaling by TGF-beta Receptor Complex","2/24","63/2914",0.0936822929103934,0.174084042300479,0.109710604072862,"HDAC1/SP1",2
"R-HSA-1483206","R-HSA-1483206","Glycerophospholipid biosynthesis","1/24","12/2914",0.094647634648804,0.174084042300479,0.109710604072862,"CSNK2A1",1
"R-HSA-1839117","R-HSA-1839117","Signaling by cytosolic FGFR1 fusion mutants","1/24","12/2914",0.094647634648804,0.174084042300479,0.109710604072862,"STAT3",1
"R-HSA-381070","R-HSA-381070","IRE1alpha activates chaperones","1/24","12/2914",0.094647634648804,0.174084042300479,0.109710604072862,"GSK3A",1
"R-HSA-389359","R-HSA-389359","CD28 dependent Vav1 pathway","1/24","12/2914",0.094647634648804,0.174084042300479,0.109710604072862,"PAK1",1
"R-HSA-399954","R-HSA-399954","Sema3A PAK dependent Axon repulsion","1/24","12/2914",0.094647634648804,0.174084042300479,0.109710604072862,"PAK1",1
"R-HSA-9005891","R-HSA-9005891","Loss of function of MECP2 in Rett syndrome","1/24","12/2914",0.094647634648804,0.174084042300479,0.109710604072862,"HDAC1",1
"R-HSA-9005895","R-HSA-9005895","Pervasive developmental disorders","1/24","12/2914",0.094647634648804,0.174084042300479,0.109710604072862,"HDAC1",1
"R-HSA-1980143","R-HSA-1980143","Signaling by NOTCH1","2/24","64/2914",0.0962295521453088,0.175946340904736,0.110884255041309,"HDAC1/HDAC2",2
"R-HSA-428540","R-HSA-428540","Activation of RAC1","1/24","13/2914",0.102135042218904,0.181377747388743,0.114307216034466,"PAK1",1
"R-HSA-6804760","R-HSA-6804760","Regulation of TP53 Activity through Methylation","1/24","13/2914",0.102135042218904,0.181377747388743,0.114307216034466,"TP53",1
"R-HSA-6807505","R-HSA-6807505","RNA polymerase II transcribes snRNA genes","1/24","13/2914",0.102135042218904,0.181377747388743,0.114307216034466,"SP1",1
"R-HSA-8964616","R-HSA-8964616","G beta:gamma signalling through CDC42","1/24","13/2914",0.102135042218904,0.181377747388743,0.114307216034466,"PAK1",1
"R-HSA-9614657","R-HSA-9614657","FOXO-mediated transcription of cell death genes","1/24","13/2914",0.102135042218904,0.181377747388743,0.114307216034466,"BCL6",1
"R-HSA-211859","R-HSA-211859","Biological oxidations","1/24","14/2914",0.109563087371177,0.190196595492662,0.119864998011046,"ARNT",1
"R-HSA-2426168","R-HSA-2426168","Activation of gene expression by SREBF (SREBP)","1/24","14/2914",0.109563087371177,0.190196595492662,0.119864998011046,"SP1",1
"R-HSA-445355","R-HSA-445355","Smooth Muscle Contraction","1/24","14/2914",0.109563087371177,0.190196595492662,0.119864998011046,"PAK1",1
"R-HSA-8983432","R-HSA-8983432","Interleukin-15 signaling","1/24","14/2914",0.109563087371177,0.190196595492662,0.119864998011046,"STAT3",1
"R-HSA-187037","R-HSA-187037","Signaling by NTRK1 (TRKA)","2/24","70/2914",0.11192630450678,0.191784285288993,0.12086558602781,"ATF1/STAT3",2
"R-HSA-199991","R-HSA-199991","Membrane Trafficking","3/24","144/2914",0.112180843034546,0.191784285288993,0.12086558602781,"AKT1/AKT2/AKT3",3
"R-HSA-6803204","R-HSA-6803204","TP53 Regulates Transcription of Genes Involved in Cytochrome C Release","1/24","15/2914",0.116932220441209,0.191784285288993,0.12086558602781,"TP53",1
"R-HSA-6804114","R-HSA-6804114","TP53 Regulates Transcription of Genes Involved in G2 Cell Cycle Arrest","1/24","15/2914",0.116932220441209,0.191784285288993,0.12086558602781,"TP53",1
"R-HSA-69205","R-HSA-69205","G1/S-Specific Transcription","1/24","15/2914",0.116932220441209,0.191784285288993,0.12086558602781,"HDAC1",1
"R-HSA-69541","R-HSA-69541","Stabilization of p53","1/24","15/2914",0.116932220441209,0.191784285288993,0.12086558602781,"TP53",1
"R-HSA-8862803","R-HSA-8862803","Deregulated CDK5 triggers multiple neurodegenerative pathways in Alzheimer's disease models","1/24","15/2914",0.116932220441209,0.191784285288993,0.12086558602781,"JUN",1
"R-HSA-8863678","R-HSA-8863678","Neurodegenerative Diseases","1/24","15/2914",0.116932220441209,0.191784285288993,0.12086558602781,"JUN",1
"R-HSA-9008059","R-HSA-9008059","Interleukin-37 signaling","1/24","15/2914",0.116932220441209,0.191784285288993,0.12086558602781,"STAT3",1
"R-HSA-9604323","R-HSA-9604323","Negative regulation of NOTCH4 signaling","1/24","15/2914",0.116932220441209,0.191784285288993,0.12086558602781,"AKT1",1
"R-HSA-5621481","R-HSA-5621481","C-type lectin receptors (CLRs)","2/24","72/2914",0.11730495119618,0.191784285288993,0.12086558602781,"PAK1/NFATC1",2
"R-HSA-3232118","R-HSA-3232118","SUMOylation of transcription factors","1/24","16/2914",0.124242888502406,0.1978920234394,0.12471478227317,"TP53",1
"R-HSA-3928664","R-HSA-3928664","Ephrin signaling","1/24","16/2914",0.124242888502406,0.1978920234394,0.12471478227317,"PAK1",1
"R-HSA-5205647","R-HSA-5205647","Mitophagy","1/24","16/2914",0.124242888502406,0.1978920234394,0.12471478227317,"CSNK2A1",1
"R-HSA-5627123","R-HSA-5627123","RHO GTPases activate PAKs","1/24","16/2914",0.124242888502406,0.1978920234394,0.12471478227317,"PAK1",1
"R-HSA-8852276","R-HSA-8852276","The role of GTSE1 in G2/M progression after G2 checkpoint","1/24","16/2914",0.124242888502406,0.1978920234394,0.12471478227317,"TP53",1
"R-HSA-193704","R-HSA-193704","p75 NTR receptor-mediated signalling","2/24","76/2914",0.128260688618477,0.203243860426202,0.128087597270814,"HDAC1/HDAC2",2
"R-HSA-3232142","R-HSA-3232142","SUMOylation of ubiquitinylation proteins","1/24","17/2914",0.131495535388515,0.207306736913526,0.130648088329083,"PML",1
"R-HSA-202433","R-HSA-202433","Generation of second messenger molecules","1/24","18/2914",0.138690601715983,0.21535374839316,0.1357194462706,"PAK1",1
"R-HSA-8939243","R-HSA-8939243","RUNX1 interacts with co-factors whose precise effect on RUNX1 targets is not known","1/24","18/2914",0.138690601715983,0.21535374839316,0.1357194462706,"CSNK2A1",1
"R-HSA-8953750","R-HSA-8953750","Transcriptional Regulation by E2F6","1/24","18/2914",0.138690601715983,0.21535374839316,0.1357194462706,"MAX",1
"R-HSA-5689880","R-HSA-5689880","Ub-specific processing proteases","2/24","80/2914",0.139458675277329,0.215463653303473,0.135788710138452,"TP53/GATA3",2
"R-HSA-5653656","R-HSA-5653656","Vesicle-mediated transport","3/24","160/2914",0.141663234338495,0.217780793087537,0.13724900944028,"AKT1/AKT2/AKT3",3
"R-HSA-5621575","R-HSA-5621575","CD209 (DC-SIGN) signaling","1/24","19/2914",0.145828524906182,0.221975439389213,0.139892543985707,"PAK1",1
"R-HSA-6814122","R-HSA-6814122","Cooperation of PDCL (PhLP1) and TRiC/CCT in G-protein beta folding","1/24","19/2914",0.145828524906182,0.221975439389213,0.139892543985707,"CSNK2A1",1
"R-HSA-1655829","R-HSA-1655829","Regulation of cholesterol biosynthesis by SREBP (SREBF)","1/24","20/2914",0.152909739207478,0.228256567222757,0.143851013238665,"SP1",1
"R-HSA-2173795","R-HSA-2173795","Downregulation of SMAD2/3:SMAD4 transcriptional activity","1/24","20/2914",0.152909739207478,0.228256567222757,0.143851013238665,"HDAC1",1
"R-HSA-450321","R-HSA-450321","JNK (c-Jun kinases) phosphorylation and  activation mediated by activated human TAK1","1/24","20/2914",0.152909739207478,0.228256567222757,0.143851013238665,"MAPK9",1
"R-HSA-8936459","R-HSA-8936459","RUNX1 regulates genes involved in megakaryocyte differentiation and platelet function","1/24","20/2914",0.152909739207478,0.228256567222757,0.143851013238665,"HDAC1",1
"R-HSA-9006936","R-HSA-9006936","Signaling by TGF-beta family members","2/24","86/2914",0.156654129038925,0.232721759004941,0.146665049960532,"HDAC1/SP1",2
"R-HSA-166520","R-HSA-166520","Signaling by NTRKs","2/24","89/2914",0.165409118304285,0.242127993345525,0.152593012328129,"ATF1/STAT3",2
"R-HSA-1266695","R-HSA-1266695","Interleukin-7 signaling","1/24","22/2914",0.166903762403226,0.242127993345525,0.152593012328129,"STAT3",1
"R-HSA-201722","R-HSA-201722","Formation of the beta-catenin:TCF transactivating complex","1/24","22/2914",0.166903762403226,0.242127993345525,0.152593012328129,"HDAC1",1
"R-HSA-69563","R-HSA-69563","p53-Dependent G1 DNA Damage Response","1/24","22/2914",0.166903762403226,0.242127993345525,0.152593012328129,"TP53",1
"R-HSA-69580","R-HSA-69580","p53-Dependent G1/S DNA damage checkpoint","1/24","22/2914",0.166903762403226,0.242127993345525,0.152593012328129,"TP53",1
"R-HSA-6783589","R-HSA-6783589","Interleukin-6 family signaling","1/24","23/2914",0.173817424126021,0.250353854447798,0.15777708422021,"STAT3",1
"R-HSA-6811558","R-HSA-6811558","PI5P, PP2A and IER3 Regulate PI3K/AKT Signaling","2/24","92/2914",0.174256070258927,0.250353854447798,0.15777708422021,"AKT1/ESR1",2
"R-HSA-1234174","R-HSA-1234174","Cellular response to hypoxia","1/24","24/2914",0.180676082659738,0.250353854447798,0.15777708422021,"ARNT",1
"R-HSA-1839124","R-HSA-1839124","FGFR1 mutant receptor activation","1/24","24/2914",0.180676082659738,0.250353854447798,0.15777708422021,"STAT3",1
"R-HSA-198725","R-HSA-198725","Nuclear Events (kinase and transcription factor activation)","1/24","24/2914",0.180676082659738,0.250353854447798,0.15777708422021,"ATF1",1
"R-HSA-2559586","R-HSA-2559586","DNA Damage/Telomere Stress Induced Senescence","1/24","24/2914",0.180676082659738,0.250353854447798,0.15777708422021,"TP53",1
"R-HSA-5625740","R-HSA-5625740","RHO GTPases activate PKNs","1/24","24/2914",0.180676082659738,0.250353854447798,0.15777708422021,"PAK1",1
"R-HSA-69615","R-HSA-69615","G1/S DNA Damage Checkpoints","1/24","24/2914",0.180676082659738,0.250353854447798,0.15777708422021,"TP53",1
"R-HSA-8854691","R-HSA-8854691","Interleukin-20 family signaling","1/24","24/2914",0.180676082659738,0.250353854447798,0.15777708422021,"STAT3",1
"R-HSA-982772","R-HSA-982772","Growth hormone receptor signaling","1/24","24/2914",0.180676082659738,0.250353854447798,0.15777708422021,"STAT3",1
"R-HSA-354192","R-HSA-354192","Integrin alphaIIb beta3 signaling","1/24","25/2914",0.187480156713775,0.256333488604232,0.161545547238232,"AKT1",1
"R-HSA-8864260","R-HSA-8864260","Transcriptional regulation by the AP-2 (TFAP2) family of transcription factors","1/24","25/2914",0.187480156713775,0.256333488604232,0.161545547238232,"ESR1",1
"R-HSA-9006921","R-HSA-9006921","Integrin signaling","1/24","25/2914",0.187480156713775,0.256333488604232,0.161545547238232,"AKT1",1
"R-HSA-8939902","R-HSA-8939902","Regulation of RUNX2 expression and activity","1/24","26/2914",0.194230061953951,0.264392463188418,0.166624444523445,"ESR1",1
"R-HSA-1251985","R-HSA-1251985","Nuclear signaling by ERBB4","1/24","27/2914",0.200926211023585,0.268771425135445,0.169384137796142,"ESR1",1
"R-HSA-5617472","R-HSA-5617472","Activation of anterior HOX genes in hindbrain development during early embryogenesis","1/24","27/2914",0.200926211023585,0.268771425135445,0.169384137796142,"JUN",1
"R-HSA-5619507","R-HSA-5619507","Activation of HOX genes during differentiation","1/24","27/2914",0.200926211023585,0.268771425135445,0.169384137796142,"JUN",1
"R-HSA-8939236","R-HSA-8939236","RUNX1 regulates transcription of genes involved in differentiation of HSCs","1/24","27/2914",0.200926211023585,0.268771425135445,0.169384137796142,"GATA3",1
"R-HSA-4090294","R-HSA-4090294","SUMOylation of intracellular receptors","1/24","28/2914",0.207569013564436,0.275273927860132,0.17348212111778,"ESR1",1
"R-HSA-8957322","R-HSA-8957322","Metabolism of steroids","1/24","28/2914",0.207569013564436,0.275273927860132,0.17348212111778,"SP1",1
"R-HSA-1430728","R-HSA-1430728","Metabolism","4/24","289/2914",0.209381791135334,0.276491339576146,0.174249353846319,"AKT1/CSNK2A1/SP1/ARNT",4
"R-HSA-186763","R-HSA-186763","Downstream signal transduction","1/24","29/2914",0.214158876237496,0.279219800664078,0.175968874545578,"STAT3",1
"R-HSA-2871809","R-HSA-2871809","FCERI mediated Ca+2 mobilization","1/24","29/2914",0.214158876237496,0.279219800664078,0.175968874545578,"NFATC1",1
"R-HSA-381119","R-HSA-381119","Unfolded Protein Response (UPR)","1/24","29/2914",0.214158876237496,0.279219800664078,0.175968874545578,"GSK3A",1
"R-HSA-73887","R-HSA-73887","Death Receptor Signalling","2/24","106/2914",0.21649726453166,0.281082582942366,0.177142830333291,"HDAC1/HDAC2",2
"R-HSA-1483257","R-HSA-1483257","Phospholipid metabolism","1/24","30/2914",0.220696202743666,0.28414636103247,0.179073673278852,"CSNK2A1",1
"R-HSA-6791312","R-HSA-6791312","TP53 Regulates Transcription of Cell Cycle Genes","1/24","30/2914",0.220696202743666,0.28414636103247,0.179073673278852,"TP53",1
"R-HSA-3247509","R-HSA-3247509","Chromatin modifying enzymes","2/24","109/2914",0.22570201147821,0.286526737542369,0.180573825397167,"HDAC1/HDAC2",2
"R-HSA-4839726","R-HSA-4839726","Chromatin organization","2/24","109/2914",0.22570201147821,0.286526737542369,0.180573825397167,"HDAC1/HDAC2",2
"R-HSA-196854","R-HSA-196854","Metabolism of vitamins and cofactors","1/24","31/2914",0.227181393844273,0.286526737542369,0.180573825397167,"AKT1",1
"R-HSA-450531","R-HSA-450531","Regulation of mRNA stability by proteins that bind AU-rich elements","1/24","31/2914",0.227181393844273,0.286526737542369,0.180573825397167,"AKT1",1
"R-HSA-5655302","R-HSA-5655302","Signaling by FGFR1 in disease","1/24","31/2914",0.227181393844273,0.286526737542369,0.180573825397167,"STAT3",1
"R-HSA-447115","R-HSA-447115","Interleukin-12 family signaling","1/24","32/2914",0.23361484738147,0.293443040003554,0.184932592064921,"STAT3",1
"R-HSA-76009","R-HSA-76009","Platelet Aggregation (Plug Formation)","1/24","33/2914",0.239996958298488,0.300239109774221,0.189215586129215,"AKT1",1
"R-HSA-3928662","R-HSA-3928662","EPHB-mediated forward signaling","1/24","34/2914",0.246328118659764,0.305684291830792,0.192647228712984,"PAK1",1
"R-HSA-5693565","R-HSA-5693565","Recruitment and ATM-mediated phosphorylation of repair and signaling proteins at DNA double strand breaks","1/24","34/2914",0.246328118659764,0.305684291830792,0.192647228712984,"TP53",1
"R-HSA-373752","R-HSA-373752","Netrin-1 signaling","1/24","35/2914",0.252608717670932,0.310980453228359,0.195984956045806,"PAK1",1
"R-HSA-5693606","R-HSA-5693606","DNA Double Strand Break Response","1/24","35/2914",0.252608717670932,0.310980453228359,0.195984956045806,"TP53",1
"R-HSA-195253","R-HSA-195253","Degradation of beta-catenin by the destruction complex","1/24","37/2914",0.265019774290495,0.324964723237155,0.204798071193574,"HDAC1",1
"R-HSA-168249","R-HSA-168249","Innate Immune System","5/24","428/2914",0.270884796740933,0.328571207153001,0.207070936206115,"MAPK9/PAK1/ATF1/NFATC1/JUN",5
"R-HSA-3108214","R-HSA-3108214","SUMOylation of DNA damage response and repair proteins","1/24","38/2914",0.271150996194224,0.328571207153001,0.207070936206115,"PML",1
"R-HSA-373755","R-HSA-373755","Semaphorin interactions","1/24","38/2914",0.271150996194224,0.328571207153001,0.207070936206115,"PAK1",1
"R-HSA-1168372","R-HSA-1168372","Downstream signaling events of B Cell Receptor (BCR)","1/24","39/2914",0.277233185377583,0.334629118287785,0.210888730653178,"NFATC1",1
"R-HSA-4086398","R-HSA-4086398","Ca2+ pathway","1/24","40/2914",0.283266717047474,0.339261300649882,0.213808007563373,"NFATC1",1
"R-HSA-9013694","R-HSA-9013694","Signaling by NOTCH4","1/24","40/2914",0.283266717047474,0.339261300649882,0.213808007563373,"AKT1",1
"R-HSA-1433557","R-HSA-1433557","Signaling by SCF-KIT","1/24","41/2914",0.289251963669207,0.343764833745326,0.216646207606491,"STAT3",1
"R-HSA-451927","R-HSA-451927","Interleukin-2 family signaling","1/24","41/2914",0.289251963669207,0.343764833745326,0.216646207606491,"STAT3",1
"R-HSA-109704","R-HSA-109704","PI3K Cascade","1/24","42/2914",0.29518929498558,0.348143099811237,0.219405462323553,"AKT2",1
"R-HSA-6783783","R-HSA-6783783","Interleukin-10 signaling","1/24","42/2914",0.29518929498558,0.348143099811237,0.219405462323553,"STAT3",1
"R-HSA-2029482","R-HSA-2029482","Regulation of actin dynamics for phagocytic cup formation","1/24","43/2914",0.301079078035839,0.353739297007887,0.222932277112789,"PAK1",1
"R-HSA-1236394","R-HSA-1236394","Signaling by ERBB4","1/24","44/2914",0.306921677174516,0.359237872147445,0.226397568888698,"ESR1",1
"R-HSA-1226099","R-HSA-1226099","Signaling by FGFR in disease","1/24","45/2914",0.31271745409013,0.364640352127736,0.229802299927206,"STAT3",1
"R-HSA-112399","R-HSA-112399","IRS-mediated signalling","1/24","46/2914",0.318466767823778,0.367187430065475,0.231407510005495,"AKT2",1
"R-HSA-383280","R-HSA-383280","Nuclear Receptor transcription pathway","1/24","46/2914",0.318466767823778,0.367187430065475,0.231407510005495,"ESR1",1
"R-HSA-69473","R-HSA-69473","G2/M DNA damage checkpoint","1/24","46/2914",0.318466767823778,0.367187430065475,0.231407510005495,"TP53",1
"R-HSA-877300","R-HSA-877300","Interferon gamma signaling","1/24","47/2914",0.324169974787596,0.372373688510658,0.234675974704384,"PML",1
"R-HSA-186797","R-HSA-186797","Signaling by PDGF","1/24","49/2914",0.335439481019385,0.383891850499963,0.241934908337568,"STAT3",1
"R-HSA-2428928","R-HSA-2428928","IRS-related events triggered by IGF1R","1/24","50/2914",0.341006480131265,0.388822886939339,0.245042527963814,"AKT2",1
"R-HSA-2404192","R-HSA-2404192","Signaling by Type 1 Insulin-like Growth Factor 1 Receptor (IGF1R)","1/24","51/2914",0.346528772197203,0.392224874025406,0.247186515737353,"AKT2",1
"R-HSA-2428924","R-HSA-2428924","IGF1R signaling cascade","1/24","51/2914",0.346528772197203,0.392224874025406,0.247186515737353,"AKT2",1
"R-HSA-74751","R-HSA-74751","Insulin receptor signalling cascade","1/24","52/2914",0.352006700757199,0.395527529214453,0.249267902928543,"AKT2",1
"R-HSA-74752","R-HSA-74752","Signaling by Insulin receptor","1/24","52/2914",0.352006700757199,0.395527529214453,0.249267902928543,"AKT2",1
"R-HSA-1632852","R-HSA-1632852","Macroautophagy","1/24","53/2914",0.357440606830514,0.395875080683257,0.249486935535352,"CSNK2A1",1
"R-HSA-397014","R-HSA-397014","Muscle contraction","1/24","53/2914",0.357440606830514,0.395875080683257,0.249486935535352,"PAK1",1
"R-HSA-5607764","R-HSA-5607764","CLEC7A (Dectin-1) signaling","1/24","53/2914",0.357440606830514,0.395875080683257,0.249486935535352,"NFATC1",1
"R-HSA-8878159","R-HSA-8878159","Transcriptional regulation by RUNX3","1/24","53/2914",0.357440606830514,0.395875080683257,0.249486935535352,"TP53",1
"R-HSA-68877","R-HSA-68877","Mitotic Prometaphase","1/24","56/2914",0.373481562881229,0.412163581893928,0.259752214785817,"CSNK2A1",1
"R-HSA-202403","R-HSA-202403","TCR signaling","1/24","59/2914",0.389138354932474,0.42791370702539,0.269678200646217,"PAK1",1
"R-HSA-9612973","R-HSA-9612973","Autophagy","1/24","61/2914",0.399367150214484,0.437604430554168,0.275785452742365,"CSNK2A1",1
"R-HSA-2029480","R-HSA-2029480","Fcgamma receptor (FCGR) dependent phagocytosis","1/24","62/2914",0.404419792483973,0.438476196061571,0.276334853590157,"PAK1",1
"R-HSA-6806834","R-HSA-6806834","Signaling by MET","1/24","62/2914",0.404419792483973,0.438476196061571,0.276334853590157,"STAT3",1
"R-HSA-69481","R-HSA-69481","G2/M Checkpoints","1/24","62/2914",0.404419792483973,0.438476196061571,0.276334853590157,"TP53",1
"R-HSA-983705","R-HSA-983705","Signaling by the B Cell Receptor (BCR)","1/24","63/2914",0.409431687638385,0.442358012168745,0.278781237442404,"NFATC1",1
"R-HSA-376176","R-HSA-376176","Signaling by ROBO receptors","1/24","64/2914",0.414403150106529,0.446169245236647,0.281183138711564,"PAK1",1
"R-HSA-69275","R-HSA-69275","G2/M Transition","1/24","66/2914",0.424226023131289,0.455159170651279,0.286848736400908,"TP53",1
"R-HSA-2682334","R-HSA-2682334","EPH-Ephrin signaling","1/24","68/2914",0.433890880943837,0.462318214522916,0.29136048266646,"PAK1",1
"R-HSA-453274","R-HSA-453274","Mitotic G2-G2/M phases","1/24","68/2914",0.433890880943837,0.462318214522916,0.29136048266646,"TP53",1
"R-HSA-2219530","R-HSA-2219530","Constitutive Signaling by Aberrant PI3K in Cancer","1/24","72/2914",0.452756247508694,0.480761788591706,0.302983923997498,"ESR1",1
"R-HSA-3858494","R-HSA-3858494","Beta-catenin independent WNT signaling","1/24","76/2914",0.47101828809248,0.498440585686905,0.314125390400536,"NFATC1",1
"R-HSA-5693532","R-HSA-5693532","DNA Double-Strand Break Repair","1/24","81/2914",0.493025515480549,0.518619764049211,0.326842637878058,"TP53",1
"R-HSA-388396","R-HSA-388396","GPCR downstream signalling","4/24","436/2914",0.493444047347793,0.518619764049211,0.326842637878058,"AKT1/AKT2/AKT3/PAK1",4
"R-HSA-446652","R-HSA-446652","Interleukin-1 family signaling","1/24","82/2914",0.497320392864406,0.520922038627463,0.328293568884621,"STAT3",1
"R-HSA-5683057","R-HSA-5683057","MAPK family signaling cascades","2/24","202/2914",0.50371632492447,0.525839001356964,0.331392319029257,"PAK1/JUN",2
"R-HSA-913531","R-HSA-913531","Interferon Signaling","1/24","97/2914",0.557706063176705,0.580239641486875,0.365676490121178,"PML",1
"R-HSA-372790","R-HSA-372790","Signaling by GPCR","4/24","486/2914",0.585812800804801,0.606635562066496,0.382311629985698,"AKT1/AKT2/AKT3/PAK1",4
"R-HSA-68886","R-HSA-68886","M Phase","1/24","105/2914",0.587003343229393,0.606635562066496,0.382311629985698,"CSNK2A1",1
"R-HSA-8953854","R-HSA-8953854","Metabolism of RNA","1/24","109/2914",0.600945349376136,0.61897370985742,0.390087332051176,"AKT1",1
"R-HSA-69620","R-HSA-69620","Cell Cycle Checkpoints","1/24","114/2914",0.617739329903272,0.634157650963824,0.399656499500281,"TP53",1
"R-HSA-422475","R-HSA-422475","Axon guidance","2/24","254/2914",0.632283307771183,0.646938881130118,0.40771143930871,"CSNK2A1/PAK1",2
"R-HSA-195258","R-HSA-195258","RHO GTPase Effectors","1/24","130/2914",0.667048489972483,0.680257370962037,0.428709295275002,"PAK1",1
"R-HSA-76002","R-HSA-76002","Platelet activation, signaling and aggregation","1/24","153/2914",0.727383270242867,0.739346810871862,0.465948424497682,"AKT1",1
"R-HSA-73894","R-HSA-73894","DNA Repair","1/24","157/2914",0.736744299480899,0.74640651980196,0.470397568262179,"TP53",1
"R-HSA-9607240","R-HSA-9607240","FLT3 Signaling","1/24","188/2914",0.799544224383399,0.807382893249903,0.508825873790605,"AKT2",1
"R-HSA-194315","R-HSA-194315","Signaling by Rho GTPases","1/24","228/2914",0.859626960994485,0.865227136636143,0.545280259845636,"PAK1",1
"R-HSA-380994","R-HSA-380994","ATF4 activates genes in response to endoplasmic reticulum  stress","0/24","11/2914",1,1,0.630216317492761,"",0
"R-HSA-381042","R-HSA-381042","PERK regulates gene expression","0/24","14/2914",1,1,0.630216317492761,"",0
