"","ID","Description","GeneRatio","BgRatio","pvalue","p.adjust","qvalue","geneID","Count"
"R-HSA-212436","R-HSA-212436","Generic Transcription Pathway","24/36","481/2914",1.78196557721708e-11,7.75155026089429e-09,5.60850218513586e-09,"ABL1/AKT1/AR/ATR/BRCA1/CDKN2A/CTNNB1/ESR1/GATA1/MAPK14/PARP1/PPP2R5C/PRKACA/RB1/SMAD3/KMT2A/SREBF1/LEF1/ESR2/GATA2/MAX/MYBL2/TAF1/FOS",24
"R-HSA-73857","R-HSA-73857","RNA Polymerase II Transcription","24/36","499/2914",4.03945339756713e-11,8.78581113970851e-09,6.35682403090827e-09,"ABL1/AKT1/AR/ATR/BRCA1/CDKN2A/CTNNB1/ESR1/GATA1/MAPK14/PARP1/PPP2R5C/PRKACA/RB1/SMAD3/KMT2A/SREBF1/LEF1/ESR2/GATA2/MAX/MYBL2/TAF1/FOS",24
"R-HSA-5633007","R-HSA-5633007","Regulation of TP53 Activity","7/36","95/2914",0.000120695949326942,0.0175009126524066,0.0126624873153529,"AKT1/ATR/BRCA1/CDKN2A/MAPK14/PPP2R5C/TAF1",7
"R-HSA-8939236","R-HSA-8939236","RUNX1 regulates transcription of genes involved in differentiation of HSCs","4/36","27/2914",0.000281451613557831,0.0252195154216423,0.0182471509039832,"ABL1/GATA1/KMT2A/GATA2",4
"R-HSA-453279","R-HSA-453279","Mitotic G1-G1/S phases","6/36","77/2914",0.000289879487605084,0.0252195154216423,0.0182471509039832,"ABL1/AKT1/CDKN2A/RB1/MAX/MYBL2",6
"R-HSA-4420097","R-HSA-4420097","VEGFA-VEGFR2 Pathway","6/36","85/2914",0.000497789527702254,0.0334093781706657,0.0241727866255996,"AKT1/BCAR1/CTNNB1/MAPK14/PAK2/PRKACA",6
"R-HSA-1640170","R-HSA-1640170","Cell Cycle","10/36","249/2914",0.000597481907574348,0.0334093781706657,0.0241727866255996,"ABL1/AKT1/ATR/BRCA1/CDKN2A/PPP2R5C/PRKACA/RB1/MAX/MYBL2",10
"R-HSA-1834949","R-HSA-1834949","Cytosolic sensors of pathogen-associated DNA ","4/36","34/2914",0.000699239684723044,0.0334093781706657,0.0241727866255996,"CTNNB1/IKBKB/PRKDC/RELA",4
"R-HSA-194138","R-HSA-194138","Signaling by VEGF","6/36","92/2914",0.000762307166761736,0.0334093781706657,0.0241727866255996,"AKT1/BCAR1/CTNNB1/MAPK14/PAK2/PRKACA",6
"R-HSA-8878166","R-HSA-8878166","Transcriptional regulation by RUNX2","5/36","62/2914",0.000840534548509743,0.0334093781706657,0.0241727866255996,"ABL1/AKT1/AR/ESR1/RB1",5
"R-HSA-195258","R-HSA-195258","RHO GTPase Effectors","7/36","130/2914",0.000844834850292695,0.0334093781706657,0.0241727866255996,"ABL1/AR/CTNNB1/MAPK14/PAK2/PKN1/PPP2R5C",7
"R-HSA-5621575","R-HSA-5621575","CD209 (DC-SIGN) signaling","3/36","19/2914",0.00146540024264294,0.0439507561882814,0.0317998211743403,"PAK2/PRKACA/RELA",3
"R-HSA-8940973","R-HSA-8940973","RUNX2 regulates osteoblast differentiation","3/36","19/2914",0.00146540024264294,0.0439507561882814,0.0317998211743403,"ABL1/AR/RB1",3
"R-HSA-3108232","R-HSA-3108232","SUMO E3 ligases SUMOylate target proteins","6/36","107/2914",0.00168909708884236,0.0439507561882814,0.0317998211743403,"AR/BRCA1/CDKN2A/ESR1/PARP1/RELA",6
"R-HSA-69278","R-HSA-69278","Cell Cycle, Mitotic","8/36","191/2914",0.00180866627390674,0.0439507561882814,0.0317998211743403,"ABL1/AKT1/CDKN2A/PPP2R5C/PRKACA/RB1/MAX/MYBL2",8
"R-HSA-2990846","R-HSA-2990846","SUMOylation","6/36","109/2914",0.00185900951044072,0.0439507561882814,0.0317998211743403,"AR/BRCA1/CDKN2A/ESR1/PARP1/RELA",6
"R-HSA-1266738","R-HSA-1266738","Developmental Biology","12/36","397/2914",0.00197311913898329,0.0439507561882814,0.0317998211743403,"ABL1/AKT1/CTNNB1/MAPK14/PAK2/PRKACA/RELA/SMAD3/KMT2A/SREBF1/LEF1/GATA2",12
"R-HSA-3700989","R-HSA-3700989","Transcriptional Regulation by TP53","8/36","194/2914",0.00199953641142975,0.0439507561882814,0.0317998211743403,"AKT1/ATR/BRCA1/CDKN2A/MAPK14/PPP2R5C/TAF1/FOS",8
"R-HSA-525793","R-HSA-525793","Myogenesis","3/36","22/2914",0.00227032262858261,0.0439507561882814,0.0317998211743403,"ABL1/CTNNB1/MAPK14",3
"R-HSA-168142","R-HSA-168142","Toll Like Receptor 10 (TLR10) Cascade","5/36","78/2914",0.00237712132137654,0.0439507561882814,0.0317998211743403,"IKBKB/MAPK14/RELA/ATF1/FOS",5
"R-HSA-168176","R-HSA-168176","Toll Like Receptor 5 (TLR5) Cascade","5/36","78/2914",0.00237712132137654,0.0439507561882814,0.0317998211743403,"IKBKB/MAPK14/RELA/ATF1/FOS",5
"R-HSA-975871","R-HSA-975871","MyD88 cascade initiated on plasma membrane","5/36","78/2914",0.00237712132137654,0.0439507561882814,0.0317998211743403,"IKBKB/MAPK14/RELA/ATF1/FOS",5
"R-HSA-5685938","R-HSA-5685938","HDR through Single Strand Annealing (SSA)","3/36","23/2914",0.00258880487565312,0.0439507561882814,0.0317998211743403,"ABL1/ATR/BRCA1",3
"R-HSA-5693532","R-HSA-5693532","DNA Double-Strand Break Repair","5/36","81/2914",0.00280876386033569,0.0439507561882814,0.0317998211743403,"ABL1/ATR/BRCA1/PARP1/PRKDC",5
"R-HSA-8941326","R-HSA-8941326","RUNX2 regulates bone development","3/36","24/2914",0.00293363714705257,0.0439507561882814,0.0317998211743403,"ABL1/AR/RB1",3
"R-HSA-975138","R-HSA-975138","TRAF6 mediated induction of NFkB and MAP kinases upon TLR7/8 or 9 activation","5/36","83/2914",0.00312656740412835,0.0439507561882814,0.0317998211743403,"IKBKB/MAPK14/RELA/ATF1/FOS",5
"R-HSA-168181","R-HSA-168181","Toll Like Receptor 7/8 (TLR7/8) Cascade","5/36","84/2914",0.00329490645607041,0.0439507561882814,0.0317998211743403,"IKBKB/MAPK14/RELA/ATF1/FOS",5
"R-HSA-975155","R-HSA-975155","MyD88 dependent cascade initiated on endosome","5/36","84/2914",0.00329490645607041,0.0439507561882814,0.0317998211743403,"IKBKB/MAPK14/RELA/ATF1/FOS",5
"R-HSA-5218920","R-HSA-5218920","VEGFR2 mediated vascular permeability","3/36","25/2914",0.00330552231825922,0.0439507561882814,0.0317998211743403,"AKT1/CTNNB1/PAK2",3
"R-HSA-166058","R-HSA-166058","MyD88:MAL(TIRAP) cascade initiated on plasma membrane","5/36","86/2914",0.00365116888414463,0.0439507561882814,0.0317998211743403,"IKBKB/MAPK14/RELA/ATF1/FOS",5
"R-HSA-168138","R-HSA-168138","Toll Like Receptor 9 (TLR9) Cascade","5/36","86/2914",0.00365116888414463,0.0439507561882814,0.0317998211743403,"IKBKB/MAPK14/RELA/ATF1/FOS",5
"R-HSA-168188","R-HSA-168188","Toll Like Receptor TLR6:TLR2 Cascade","5/36","86/2914",0.00365116888414463,0.0439507561882814,0.0317998211743403,"IKBKB/MAPK14/RELA/ATF1/FOS",5
"R-HSA-8878171","R-HSA-8878171","Transcriptional regulation by RUNX1","5/36","86/2914",0.00365116888414463,0.0439507561882814,0.0317998211743403,"ABL1/ESR1/GATA1/KMT2A/GATA2",5
"R-HSA-75153","R-HSA-75153","Apoptotic execution phase","3/36","26/2914",0.00370512803746632,0.0439507561882814,0.0317998211743403,"CASP3/CTNNB1/PAK2",3
"R-HSA-8878159","R-HSA-8878159","Transcriptional regulation by RUNX3","4/36","53/2914",0.00373534194389283,0.0439507561882814,0.0317998211743403,"CDKN2A/CTNNB1/SMAD3/LEF1",4
"R-HSA-168164","R-HSA-168164","Toll Like Receptor 3 (TLR3) Cascade","5/36","87/2914",0.00383937640265446,0.0439507561882814,0.0317998211743403,"IKBKB/MAPK14/RELA/ATF1/FOS",5
"R-HSA-168179","R-HSA-168179","Toll Like Receptor TLR1:TLR2 Cascade","5/36","87/2914",0.00383937640265446,0.0439507561882814,0.0317998211743403,"IKBKB/MAPK14/RELA/ATF1/FOS",5
"R-HSA-181438","R-HSA-181438","Toll Like Receptor 2 (TLR2) Cascade","5/36","87/2914",0.00383937640265446,0.0439507561882814,0.0317998211743403,"IKBKB/MAPK14/RELA/ATF1/FOS",5
"R-HSA-9616222","R-HSA-9616222","Transcriptional regulation of granulopoiesis","3/36","27/2914",0.00413308759045488,0.0460998231243045,0.033354741958057,"KMT2A/LEF1/GATA2",3
"R-HSA-166166","R-HSA-166166","MyD88-independent TLR4 cascade ","5/36","90/2914",0.00444600841699159,0.047171064911984,0.0341298207106672,"IKBKB/MAPK14/RELA/ATF1/FOS",5
"R-HSA-937061","R-HSA-937061","TRIF(TICAM1)-mediated TLR4 signaling ","5/36","90/2914",0.00444600841699159,0.047171064911984,0.0341298207106672,"IKBKB/MAPK14/RELA/ATF1/FOS",5
"R-HSA-6804756","R-HSA-6804756","Regulation of TP53 Activity through Phosphorylation","4/36","56/2914",0.00456334608937674,0.0472632273542591,0.0341965032762818,"ATR/BRCA1/MAPK14/TAF1",4
"R-HSA-1643685","R-HSA-1643685","Disease","12/36","443/2914",0.00505013036671446,0.0490722011782104,0.0355053554804233,"AKT1/CDKN2A/CTNNB1/ESR1/IKBKB/PAK2/PPP2R5C/PRKACA/RELA/SMAD3/ESR2/TAF1",12
"R-HSA-6804757","R-HSA-6804757","Regulation of TP53 Degradation","3/36","29/2914",0.00507643460464245,0.0490722011782104,0.0355053554804233,"AKT1/CDKN2A/PPP2R5C",3
"R-HSA-6806003","R-HSA-6806003","Regulation of TP53 Expression and Degradation","3/36","29/2914",0.00507643460464245,0.0490722011782104,0.0355053554804233,"AKT1/CDKN2A/PPP2R5C",3
"R-HSA-449147","R-HSA-449147","Signaling by Interleukins","10/36","332/2914",0.00538574918965878,0.0509304542935123,0.0368498628766127,"AKT1/CASP3/IKBKB/MAPK14/PAK2/PRKACA/RELA/SMAD3/ATF1/FOS",10
"R-HSA-450282","R-HSA-450282","MAPK targets/ Nuclear events mediated by MAP kinases","3/36","30/2914",0.00559292438336913,0.0513152362194786,0.0371282652864467,"MAPK14/ATF1/FOS",3
"R-HSA-9006931","R-HSA-9006931","Signaling by Nuclear Receptors","6/36","136/2914",0.00566237089318384,0.0513152362194786,0.0371282652864467,"AKT1/ESR1/SREBF1/ESR2/FOS/FOXA1",6
"R-HSA-450294","R-HSA-450294","MAP kinase activation","4/36","60/2914",0.0058494232197608,0.0515093646334041,0.0372687235944049,"IKBKB/MAPK14/ATF1/FOS",4
"R-HSA-3769402","R-HSA-3769402","Deactivation of the beta-catenin transactivating complex","3/36","31/2914",0.00613997424931043,0.0515093646334041,0.0372687235944049,"AKT1/CTNNB1/LEF1",3
"R-HSA-1221632","R-HSA-1221632","Meiotic synapsis","2/36","10/2914",0.00627585362200096,0.0515093646334041,0.0372687235944049,"ATR/BRCA1",2
"R-HSA-209560","R-HSA-209560","NF-kB is activated and signals survival","2/36","10/2914",0.00627585362200096,0.0515093646334041,0.0372687235944049,"IKBKB/RELA",2
"R-HSA-450341","R-HSA-450341","Activation of the AP-1 family of transcription factors","2/36","10/2914",0.00627585362200096,0.0515093646334041,0.0372687235944049,"MAPK14/FOS",2
"R-HSA-983231","R-HSA-983231","Factors involved in megakaryocyte development and platelet production","4/36","62/2914",0.0065751711926973,0.0521969837223607,0.0377662386763118,"ABL1/GATA1/PRKACA/GATA2",4
"R-HSA-2559583","R-HSA-2559583","Cellular Senescence","5/36","99/2914",0.00667703317629004,0.0521969837223607,0.0377662386763118,"CDKN2A/MAPK14/RB1/RELA/FOS",5
"R-HSA-2262752","R-HSA-2262752","Cellular responses to stress","7/36","187/2914",0.00679806217400744,0.0521969837223607,0.0377662386763118,"AR/ATR/CDKN2A/MAPK14/RB1/RELA/FOS",7
"R-HSA-5693538","R-HSA-5693538","Homology Directed Repair","4/36","63/2914",0.00695959782964809,0.0521969837223607,0.0377662386763118,"ABL1/ATR/BRCA1/PARP1",4
"R-HSA-9009391","R-HSA-9009391","Extra-nuclear estrogen signaling","4/36","63/2914",0.00695959782964809,0.0521969837223607,0.0377662386763118,"AKT1/ESR1/ESR2/FOS",4
"R-HSA-8953897","R-HSA-8953897","Cellular responses to external stimuli","7/36","189/2914",0.00720198756343717,0.0524760838062032,0.0379681767890012,"AR/ATR/CDKN2A/MAPK14/RB1/RELA/FOS",7
"R-HSA-109581","R-HSA-109581","Apoptosis","5/36","101/2914",0.00726373552377258,0.0524760838062032,0.0379681767890012,"AKT1/CASP3/CDKN2A/CTNNB1/PAK2",5
"R-HSA-448424","R-HSA-448424","Interleukin-17 signaling","4/36","64/2914",0.0073587152004101,0.0524760838062032,0.0379681767890012,"IKBKB/MAPK14/ATF1/FOS",4
"R-HSA-5357801","R-HSA-5357801","Programmed Cell Death","5/36","103/2914",0.0078858797247799,0.0550245756567489,0.039812094667557,"AKT1/CASP3/CDKN2A/CTNNB1/PAK2",5
"R-HSA-6796648","R-HSA-6796648","TP53 Regulates Transcription of DNA Repair Genes","3/36","34/2914",0.0079690764744257,0.0550245756567489,0.039812094667557,"ATR/BRCA1/FOS",3
"R-HSA-5610787","R-HSA-5610787","Hedgehog 'off' state","3/36","35/2914",0.00864281427847138,0.0587441282989851,0.0425033136391931,"PRKACA/PTCH1/SMO",3
"R-HSA-5635838","R-HSA-5635838","Activation of SMO","2/36","12/2914",0.00906273497511956,0.0606506109873386,0.0438827167216316,"PTCH1/SMO",2
"R-HSA-8939211","R-HSA-8939211","ESR-mediated signaling","5/36","108/2914",0.00960331831399457,0.0632945979786006,0.0457957284830044,"AKT1/ESR1/ESR2/FOS/FOXA1",5
"R-HSA-195253","R-HSA-195253","Degradation of beta-catenin by the destruction complex","3/36","37/2914",0.0100885495622339,0.0655002844712198,0.0473916153826853,"CTNNB1/PPP2R5C/LEF1",3
"R-HSA-166016","R-HSA-166016","Toll Like Receptor 4 (TLR4) Cascade","5/36","110/2914",0.0103578755583943,0.0662599392338458,0.047941250649534,"IKBKB/MAPK14/RELA/ATF1/FOS",5
"R-HSA-193639","R-HSA-193639","p75NTR signals via NF-kB","2/36","13/2914",0.0106277489798622,0.0670010261773919,0.0484774514870906,"IKBKB/RELA",2
"R-HSA-3108214","R-HSA-3108214","SUMOylation of DNA damage response and repair proteins","3/36","38/2914",0.0108611887415919,0.0671695021569107,0.0485993494129856,"BRCA1/CDKN2A/PARP1",3
"R-HSA-5621481","R-HSA-5621481","C-type lectin receptors (CLRs)","4/36","72/2914",0.0111079169927806,0.0671695021569107,0.0485993494129856,"IKBKB/PAK2/PRKACA/RELA",4
"R-HSA-69202","R-HSA-69202","Cyclin E associated events during G1/S transition ","3/36","39/2914",0.011667394323252,0.0671695021569107,0.0485993494129856,"AKT1/RB1/MAX",3
"R-HSA-4839743","R-HSA-4839743","phosphorylation site mutants of CTNNB1 are not targeted to the proteasome by the destruction complex","2/36","14/2914",0.012303310193546,0.0671695021569107,0.0485993494129856,"CTNNB1/PPP2R5C",2
"R-HSA-5339716","R-HSA-5339716","Misspliced GSK3beta mutants stabilize beta-catenin","2/36","14/2914",0.012303310193546,0.0671695021569107,0.0485993494129856,"CTNNB1/PPP2R5C",2
"R-HSA-5358747","R-HSA-5358747","S33 mutants of beta-catenin aren't phosphorylated","2/36","14/2914",0.012303310193546,0.0671695021569107,0.0485993494129856,"CTNNB1/PPP2R5C",2
"R-HSA-5358749","R-HSA-5358749","S37 mutants of beta-catenin aren't phosphorylated","2/36","14/2914",0.012303310193546,0.0671695021569107,0.0485993494129856,"CTNNB1/PPP2R5C",2
"R-HSA-5358751","R-HSA-5358751","S45 mutants of beta-catenin aren't phosphorylated","2/36","14/2914",0.012303310193546,0.0671695021569107,0.0485993494129856,"CTNNB1/PPP2R5C",2
"R-HSA-5358752","R-HSA-5358752","T41 mutants of beta-catenin aren't phosphorylated","2/36","14/2914",0.012303310193546,0.0671695021569107,0.0485993494129856,"CTNNB1/PPP2R5C",2
"R-HSA-69231","R-HSA-69231","Cyclin D associated events in G1","3/36","40/2914",0.0125074245395627,0.0671695021569107,0.0485993494129856,"ABL1/CDKN2A/RB1",3
"R-HSA-69236","R-HSA-69236","G1 Phase","3/36","40/2914",0.0125074245395627,0.0671695021569107,0.0485993494129856,"ABL1/CDKN2A/RB1",3
"R-HSA-69656","R-HSA-69656","Cyclin A:Cdk2-associated events at S phase entry","3/36","40/2914",0.0125074245395627,0.0671695021569107,0.0485993494129856,"AKT1/RB1/MAX",3
"R-HSA-432142","R-HSA-432142","Platelet sensitization by LDL","2/36","15/2914",0.0140866051043643,0.0747277221999812,0.0540679708113597,"MAPK14/PPP2R5C",2
"R-HSA-1852241","R-HSA-1852241","Organelle biogenesis and maintenance","4/36","80/2914",0.0159210647625468,0.0808031189864397,0.0584637206943629,"MAPK14/PRKACA/SMO/NRF1",4
"R-HSA-111471","R-HSA-111471","Apoptotic factor-mediated response","2/36","16/2914",0.0159748695007674,0.0808031189864397,0.0584637206943629,"CASP3/CDKN2A",2
"R-HSA-1810476","R-HSA-1810476","RIP-mediated NFkB activation via ZBP1","2/36","16/2914",0.0159748695007674,0.0808031189864397,0.0584637206943629,"IKBKB/RELA",2
"R-HSA-196299","R-HSA-196299","Beta-catenin phosphorylation cascade","2/36","16/2914",0.0159748695007674,0.0808031189864397,0.0584637206943629,"CTNNB1/PPP2R5C",2
"R-HSA-2559580","R-HSA-2559580","Oxidative Stress Induced Senescence","3/36","44/2914",0.016210135284576,0.0810506764228799,0.0586428366616845,"CDKN2A/MAPK14/FOS",3
"R-HSA-2559582","R-HSA-2559582","Senescence-Associated Secretory Phenotype (SASP)","3/36","45/2914",0.0172223499264735,0.0851332070229086,0.0615966821532963,"CDKN2A/RELA/FOS",3
"R-HSA-383280","R-HSA-383280","Nuclear Receptor transcription pathway","3/36","46/2914",0.018269460033706,0.0892945518501362,0.0646075523368197,"AR/ESR1/ESR2",3
"R-HSA-168898","R-HSA-168898","Toll-like Receptor Cascades","5/36","127/2914",0.0184897123733902,0.0893669431380526,0.0646599298203938,"IKBKB/MAPK14/RELA/ATF1/FOS",5
"R-HSA-194315","R-HSA-194315","Signaling by Rho GTPases","7/36","228/2914",0.0192208644036684,0.0918799562153379,0.0664781776367478,"ABL1/AR/CTNNB1/MAPK14/PAK2/PKN1/PPP2R5C",7
"R-HSA-8953750","R-HSA-8953750","Transcriptional Regulation by E2F6","2/36","18/2914",0.0200554920046457,0.0948275980654442,0.0686108937001036,"BRCA1/MAX",2
"R-HSA-168643","R-HSA-168643","Nucleotide-binding domain, leucine rich repeat containing receptor (NLR) signaling pathways","3/36","48/2914",0.0204687649026527,0.0957409971253112,0.0692717680350104,"IKBKB/MAPK14/RELA",3
"R-HSA-2454202","R-HSA-2454202","Fc epsilon receptor (FCERI) signaling","4/36","87/2914",0.0210765207146098,0.0957971713496197,0.0693124119383818,"IKBKB/PAK2/RELA/FOS",4
"R-HSA-109606","R-HSA-109606","Intrinsic Pathway for Apoptosis","3/36","49/2914",0.021621110413644,0.0957971713496197,0.0693124119383818,"AKT1/CASP3/CDKN2A",3
"R-HSA-9018519","R-HSA-9018519","Estrogen-dependent gene expression","3/36","49/2914",0.021621110413644,0.0957971713496197,0.0693124119383818,"ESR1/FOS/FOXA1",3
"R-HSA-9614085","R-HSA-9614085","FOXO-mediated transcription","3/36","49/2914",0.021621110413644,0.0957971713496197,0.0693124119383818,"AKT1/SMAD3/SREBF1",3
"R-HSA-1538133","R-HSA-1538133","G0 and Early G1","2/36","19/2914",0.0222425616237048,0.0957971713496197,0.0693124119383818,"MAX/MYBL2",2
"R-HSA-1606322","R-HSA-1606322","ZBP1(DAI) mediated induction of type I IFNs","2/36","19/2914",0.0222425616237048,0.0957971713496197,0.0693124119383818,"IKBKB/RELA",2
"R-HSA-389513","R-HSA-389513","CTLA4 inhibitory signaling","2/36","19/2914",0.0222425616237048,0.0957971713496197,0.0693124119383818,"AKT1/PPP2R5C",2
"R-HSA-9615017","R-HSA-9615017","FOXO-mediated transcription of oxidative stress, metabolic and neuronal genes","2/36","19/2914",0.0222425616237048,0.0957971713496197,0.0693124119383818,"SMAD3/SREBF1",2
"R-HSA-2173795","R-HSA-2173795","Downregulation of SMAD2/3:SMAD4 transcriptional activity","2/36","20/2914",0.0245240223303338,0.101599521082811,0.0735106032758877,"PARP1/SMAD3",2
"R-HSA-5260271","R-HSA-5260271","Diseases of Immune System","2/36","20/2914",0.0245240223303338,0.101599521082811,0.0735106032758877,"IKBKB/RELA",2
"R-HSA-5602358","R-HSA-5602358","Diseases associated with the TLR signaling cascade","2/36","20/2914",0.0245240223303338,0.101599521082811,0.0735106032758877,"IKBKB/RELA",2
"R-HSA-8936459","R-HSA-8936459","RUNX1 regulates genes involved in megakaryocyte differentiation and platelet function","2/36","20/2914",0.0245240223303338,0.101599521082811,0.0735106032758877,"GATA1/KMT2A",2
"R-HSA-6811558","R-HSA-6811558","PI5P, PP2A and IER3 Regulate PI3K/AKT Signaling","4/36","92/2914",0.0253265095755066,0.103934260993824,0.0751998645787139,"AKT1/ESR1/PPP2R5C/ESR2",4
"R-HSA-109582","R-HSA-109582","Hemostasis","8/36","298/2914",0.0256967781266331,0.104468210140985,0.0755861943911786,"ABL1/AKT1/BCAR1/GATA1/MAPK14/PPP2R5C/PRKACA/GATA2",8
"R-HSA-388841","R-HSA-388841","Costimulation by the CD28 family","3/36","53/2914",0.0265826815748701,0.106366775718048,0.0769598691825685,"AKT1/PAK2/PPP2R5C",3
"R-HSA-111465","R-HSA-111465","Apoptotic cleavage of cellular proteins","2/36","21/2914",0.0268973455838743,0.106366775718048,0.0769598691825685,"CASP3/CTNNB1",2
"R-HSA-933542","R-HSA-933542","TRAF6 mediated NF-kB activation","2/36","21/2914",0.0268973455838743,0.106366775718048,0.0769598691825685,"IKBKB/RELA",2
"R-HSA-5358351","R-HSA-5358351","Signaling by Hedgehog","3/36","55/2914",0.0292747768964434,0.113023193164075,0.081776006669228,"PRKACA/PTCH1/SMO",3
"R-HSA-1500620","R-HSA-1500620","Meiosis","2/36","22/2914",0.0293600478794034,0.113023193164075,0.081776006669228,"ATR/BRCA1",2
"R-HSA-201722","R-HSA-201722","Formation of the beta-catenin:TCF transactivating complex","2/36","22/2914",0.0293600478794034,0.113023193164075,0.081776006669228,"CTNNB1/LEF1",2
"R-HSA-168249","R-HSA-168249","Innate Immune System","10/36","428/2914",0.0300141840867364,0.114527807699389,0.0828646448932058,"ABL1/CTNNB1/IKBKB/MAPK14/PAK2/PRKACA/PRKDC/RELA/ATF1/FOS",10
"R-HSA-2559585","R-HSA-2559585","Oncogene Induced Senescence","2/36","23/2914",0.0319096900702368,0.119342465416639,0.0863482084926196,"CDKN2A/RB1",2
"R-HSA-5693616","R-HSA-5693616","Presynaptic phase of homologous DNA pairing and strand exchange","2/36","23/2914",0.0319096900702368,0.119342465416639,0.0863482084926196,"ATR/BRCA1",2
"R-HSA-199418","R-HSA-199418","Negative regulation of the PI3K/AKT network","4/36","99/2914",0.0320990079396477,0.119342465416639,0.0863482084926196,"AKT1/ESR1/PPP2R5C/ESR2",4
"R-HSA-1169091","R-HSA-1169091","Activation of NF-kappaB in B cells","2/36","24/2914",0.0345438766996172,0.122077767737913,0.0883272899059552,"IKBKB/RELA",2
"R-HSA-1474165","R-HSA-1474165","Reproduction","2/36","24/2914",0.0345438766996172,0.122077767737913,0.0883272899059552,"ATR/BRCA1",2
"R-HSA-198725","R-HSA-198725","Nuclear Events (kinase and transcription factor activation)","2/36","24/2914",0.0345438766996172,0.122077767737913,0.0883272899059552,"MAPK14/ATF1",2
"R-HSA-5625740","R-HSA-5625740","RHO GTPases activate PKNs","2/36","24/2914",0.0345438766996172,0.122077767737913,0.0883272899059552,"AR/PKN1",2
"R-HSA-5693579","R-HSA-5693579","Homologous DNA Pairing and Strand Exchange","2/36","24/2914",0.0345438766996172,0.122077767737913,0.0883272899059552,"ATR/BRCA1",2
"R-HSA-9634638","R-HSA-9634638","Estrogen-dependent nuclear events downstream of ESR-membrane signaling","2/36","24/2914",0.0345438766996172,0.122077767737913,0.0883272899059552,"AKT1/FOS",2
"R-HSA-202403","R-HSA-202403","TCR signaling","3/36","59/2914",0.0350798183154922,0.122077767737913,0.0883272899059552,"IKBKB/PAK2/RELA",3
"R-HSA-5693567","R-HSA-5693567","HDR through Homologous Recombination (HRR) or Single Strand Annealing (SSA)","3/36","59/2914",0.0350798183154922,0.122077767737913,0.0883272899059552,"ABL1/ATR/BRCA1",3
"R-HSA-69206","R-HSA-69206","G1/S Transition","3/36","60/2914",0.036618260162636,0.125645047081716,0.09090833412567,"AKT1/RB1/MAX",3
"R-HSA-354192","R-HSA-354192","Integrin alphaIIb beta3 signaling","2/36","25/2914",0.0372602553414744,0.125645047081716,0.09090833412567,"AKT1/BCAR1",2
"R-HSA-8864260","R-HSA-8864260","Transcriptional regulation by the AP-2 (TFAP2) family of transcription factors","2/36","25/2914",0.0372602553414744,0.125645047081716,0.09090833412567,"ESR1/MYBL2",2
"R-HSA-9006921","R-HSA-9006921","Integrin signaling","2/36","25/2914",0.0372602553414744,0.125645047081716,0.09090833412567,"AKT1/BCAR1",2
"R-HSA-73894","R-HSA-73894","DNA Repair","5/36","157/2914",0.0415068959235475,0.138888459436486,0.100490379604378,"ABL1/ATR/BRCA1/PARP1/PRKDC",5
"R-HSA-201681","R-HSA-201681","TCF dependent signaling in response to WNT","4/36","108/2914",0.0422513509203228,0.139969670059878,0.101272671138303,"AKT1/CTNNB1/PPP2R5C/LEF1",4
"R-HSA-445989","R-HSA-445989","TAK1 activates NFkB by phosphorylation and activation of IKKs complex","2/36","27/2914",0.0429303902189167,0.139969670059878,0.101272671138303,"IKBKB/RELA",2
"R-HSA-5693571","R-HSA-5693571","Nonhomologous End-Joining (NHEJ)","2/36","27/2914",0.0429303902189167,0.139969670059878,0.101272671138303,"BRCA1/PRKDC",2
"R-HSA-376176","R-HSA-376176","Signaling by ROBO receptors","3/36","64/2914",0.0431170937655716,0.139969670059878,0.101272671138303,"ABL1/PAK2/PRKACA",3
"R-HSA-4090294","R-HSA-4090294","SUMOylation of intracellular receptors","2/36","28/2914",0.0458796509473545,0.147834430830365,0.106963084859719,"AR/ESR1",2
"R-HSA-69620","R-HSA-69620","Cell Cycle Checkpoints","4/36","114/2914",0.0499343186068099,0.159716386720311,0.115560071698422,"ATR/BRCA1/CDKN2A/PPP2R5C",4
"R-HSA-2871796","R-HSA-2871796","FCERI mediated MAPK activation","2/36","30/2914",0.0519956247767434,0.163899252013648,0.118586512648713,"PAK2/FOS",2
"R-HSA-4641262","R-HSA-4641262","Disassembly of the destruction complex and recruitment of AXIN to the membrane","2/36","30/2914",0.0519956247767434,0.163899252013648,0.118586512648713,"CTNNB1/PPP2R5C",2
"R-HSA-3214841","R-HSA-3214841","PKMTs methylate histone lysines","2/36","31/2914",0.0551580834338077,0.168970185166946,0.1222554999756,"RELA/KMT2A",2
"R-HSA-389356","R-HSA-389356","CD28 co-stimulation","2/36","31/2914",0.0551580834338077,0.168970185166946,0.1222554999756,"AKT1/PAK2",2
"R-HSA-450531","R-HSA-450531","Regulation of mRNA stability by proteins that bind AU-rich elements","2/36","31/2914",0.0551580834338077,0.168970185166946,0.1222554999756,"AKT1/MAPK14",2
"R-HSA-4791275","R-HSA-4791275","Signaling by WNT in cancer","2/36","31/2914",0.0551580834338077,0.168970185166946,0.1222554999756,"CTNNB1/PPP2R5C",2
"R-HSA-69242","R-HSA-69242","S Phase","3/36","71/2914",0.0557924175915592,0.169718193372925,0.122796708574723,"AKT1/RB1/MAX",3
"R-HSA-9006934","R-HSA-9006934","Signaling by Receptor Tyrosine Kinases","8/36","347/2914",0.0565242455400438,0.170750325068882,0.123543489886499,"AKT1/BCAR1/CTNNB1/ESR1/MAPK14/PAK2/PRKACA/ATF1",8
"R-HSA-168638","R-HSA-168638","NOD1/2 Signaling Pathway","2/36","33/2914",0.0616815989838118,0.181293888905123,0.131172105947082,"IKBKB/MAPK14",2
"R-HSA-5632684","R-HSA-5632684","Hedgehog 'on' state","2/36","33/2914",0.0616815989838118,0.181293888905123,0.131172105947082,"PTCH1/SMO",2
"R-HSA-5685942","R-HSA-5685942","HDR through Homologous Recombination (HRR)","2/36","33/2914",0.0616815989838118,0.181293888905123,0.131172105947082,"ATR/BRCA1",2
"R-HSA-76009","R-HSA-76009","Platelet Aggregation (Plug Formation)","2/36","33/2914",0.0616815989838118,0.181293888905123,0.131172105947082,"AKT1/BCAR1",2
"R-HSA-5688426","R-HSA-5688426","Deubiquitination","4/36","124/2914",0.0643641022882512,0.187362945454848,0.135563268459769,"AR/BRCA1/ESR1/SMAD3",4
"R-HSA-5687128","R-HSA-5687128","MAPK6/MAPK4 signaling","2/36","34/2914",0.0650386316406484,0.187362945454848,0.135563268459769,"PAK2/PRKACA",2
"R-HSA-5693565","R-HSA-5693565","Recruitment and ATM-mediated phosphorylation of repair and signaling proteins at DNA double strand breaks","2/36","34/2914",0.0650386316406484,0.187362945454848,0.135563268459769,"ABL1/BRCA1",2
"R-HSA-193704","R-HSA-193704","p75 NTR receptor-mediated signalling","3/36","76/2914",0.0658268854319269,0.188386152387422,0.136303592410984,"CASP3/IKBKB/RELA",3
"R-HSA-5693606","R-HSA-5693606","DNA Double Strand Break Response","2/36","35/2914",0.0684565599656288,0.194631395980709,0.140822232058638,"ABL1/BRCA1",2
"R-HSA-2173793","R-HSA-2173793","Transcriptional activity of SMAD2/SMAD3:SMAD4 heterotrimer","2/36","36/2914",0.0719334638432,0.203188680336312,0.147013709426636,"PARP1/SMAD3",2
"R-HSA-446652","R-HSA-446652","Interleukin-1 family signaling","3/36","82/2914",0.0788952452293896,0.219042438456327,0.158484426130531,"IKBKB/RELA/SMAD3",3
"R-HSA-1592230","R-HSA-1592230","Mitochondrial biogenesis","2/36","38/2914",0.0790566961784905,0.219042438456327,0.158484426130531,"MAPK14/NRF1",2
"R-HSA-2871837","R-HSA-2871837","FCERI mediated NF-kB activation","2/36","38/2914",0.0790566961784905,0.219042438456327,0.158484426130531,"IKBKB/RELA",2
"R-HSA-1168372","R-HSA-1168372","Downstream signaling events of B Cell Receptor (BCR)","2/36","39/2914",0.0826993611436384,0.227684949984068,0.164737568167541,"IKBKB/RELA",2
"R-HSA-381340","R-HSA-381340","Transcriptional regulation of white adipocyte differentiation","2/36","40/2914",0.0863936735964845,0.233423900710999,0.168889888233729,"RELA/SREBF1",2
"R-HSA-4086398","R-HSA-4086398","Ca2+ pathway","2/36","40/2914",0.0863936735964845,0.233423900710999,0.168889888233729,"CTNNB1/LEF1",2
"R-HSA-9013694","R-HSA-9013694","Signaling by NOTCH4","2/36","40/2914",0.0863936735964845,0.233423900710999,0.168889888233729,"AKT1/SMAD3",2
"R-HSA-418346","R-HSA-418346","Platelet homeostasis","2/36","42/2914",0.0939302876054808,0.25067285342567,0.181370074226921,"MAPK14/PPP2R5C",2
"R-HSA-5617833","R-HSA-5617833","Cilium Assembly","2/36","42/2914",0.0939302876054808,0.25067285342567,0.181370074226921,"PRKACA/SMO",2
"R-HSA-202424","R-HSA-202424","Downstream TCR signaling","2/36","43/2914",0.097769194732653,0.258412090316654,0.186969667282951,"IKBKB/RELA",2
"R-HSA-9006925","R-HSA-9006925","Intracellular signaling by second messengers","5/36","201/2914",0.0980183790856273,0.258412090316654,0.186969667282951,"AKT1/ESR1/PPP2R5C/PRKACA/ESR2",5
"R-HSA-597592","R-HSA-597592","Post-translational protein modification","8/36","393/2914",0.101758362085485,0.266655948838469,0.192934370726443,"AR/BRCA1/CDKN2A/ESR1/PARP1/PRKDC/RELA/SMAD3",8
"R-HSA-5663202","R-HSA-5663202","Diseases of signal transduction","6/36","268/2914",0.107065803528772,0.278883979251592,0.201781753892864,"AKT1/CTNNB1/ESR1/PPP2R5C/SMAD3/ESR2",6
"R-HSA-69473","R-HSA-69473","G2/M DNA damage checkpoint","2/36","46/2914",0.10954862386004,0.283652686780462,0.20523207101599,"ATR/BRCA1",2
"R-HSA-1989781","R-HSA-1989781","PPARA activates gene expression","2/36","47/2914",0.113557381806481,0.285799162819289,0.206785117200163,"NRF1/SREBF1",2
"R-HSA-8848021","R-HSA-8848021","Signaling by PTK6","2/36","47/2914",0.113557381806481,0.285799162819289,0.206785117200163,"AKT1/BCAR1",2
"R-HSA-9006927","R-HSA-9006927","Signaling by Non-Receptor Tyrosine Kinases","2/36","47/2914",0.113557381806481,0.285799162819289,0.206785117200163,"AKT1/BCAR1",2
"R-HSA-2219528","R-HSA-2219528","PI3K/AKT Signaling in Cancer","3/36","97/2914",0.116038864417959,0.285799162819289,0.206785117200163,"AKT1/ESR1/ESR2",3
"R-HSA-113501","R-HSA-113501","Inhibition of replication initiation of damaged DNA by RB1/E2F1","1/36","10/2914",0.11706578632441,0.285799162819289,0.206785117200163,"RB1",1
"R-HSA-1362300","R-HSA-1362300","Transcription of E2F targets under negative control by p107 (RBL1) and p130 (RBL2) in complex with HDAC1","1/36","10/2914",0.11706578632441,0.285799162819289,0.206785117200163,"MYBL2",1
"R-HSA-169911","R-HSA-169911","Regulation of Apoptosis","1/36","10/2914",0.11706578632441,0.285799162819289,0.206785117200163,"PAK2",1
"R-HSA-4755510","R-HSA-4755510","SUMOylation of immune response proteins","1/36","10/2914",0.11706578632441,0.285799162819289,0.206785117200163,"RELA",1
"R-HSA-6804759","R-HSA-6804759","Regulation of TP53 Activity through Association with Co-factors","1/36","10/2914",0.11706578632441,0.285799162819289,0.206785117200163,"AKT1",1
"R-HSA-400206","R-HSA-400206","Regulation of lipid metabolism by Peroxisome proliferator-activated receptor alpha (PPARalpha)","2/36","48/2914",0.117604712976213,0.285799162819289,0.206785117200163,"NRF1/SREBF1",2
"R-HSA-5693607","R-HSA-5693607","Processing of DNA double-strand break ends","2/36","48/2914",0.117604712976213,0.285799162819289,0.206785117200163,"ATR/BRCA1",2
"R-HSA-110373","R-HSA-110373","Resolution of AP sites via the multiple-nucleotide patch replacement pathway","1/36","11/2914",0.128011251783198,0.28904848487727,0.20913610884042,"PARP1",1
"R-HSA-113510","R-HSA-113510","E2F mediated regulation of DNA replication","1/36","11/2914",0.128011251783198,0.28904848487727,0.20913610884042,"RB1",1
"R-HSA-1358803","R-HSA-1358803","Downregulation of ERBB2:ERBB3 signaling","1/36","11/2914",0.128011251783198,0.28904848487727,0.20913610884042,"AKT1",1
"R-HSA-1362277","R-HSA-1362277","Transcription of E2F targets under negative control by DREAM complex","1/36","11/2914",0.128011251783198,0.28904848487727,0.20913610884042,"MAX",1
"R-HSA-163615","R-HSA-163615","PKA activation","1/36","11/2914",0.128011251783198,0.28904848487727,0.20913610884042,"PRKACA",1
"R-HSA-1834941","R-HSA-1834941","STING mediated induction of host immune responses","1/36","11/2914",0.128011251783198,0.28904848487727,0.20913610884042,"PRKDC",1
"R-HSA-193692","R-HSA-193692","Regulated proteolysis of p75NTR","1/36","11/2914",0.128011251783198,0.28904848487727,0.20913610884042,"RELA",1
"R-HSA-209543","R-HSA-209543","p75NTR recruits signalling complexes","1/36","11/2914",0.128011251783198,0.28904848487727,0.20913610884042,"IKBKB",1
"R-HSA-210745","R-HSA-210745","Regulation of gene expression in beta cells","1/36","11/2914",0.128011251783198,0.28904848487727,0.20913610884042,"AKT1",1
"R-HSA-8866910","R-HSA-8866910","TFAP2 (AP-2) family regulates transcription of growth factors and their receptors","1/36","11/2914",0.128011251783198,0.28904848487727,0.20913610884042,"ESR1",1
"R-HSA-9614399","R-HSA-9614399","Regulation of localization of FOXO transcription factors","1/36","11/2914",0.128011251783198,0.28904848487727,0.20913610884042,"AKT1",1
"R-HSA-68886","R-HSA-68886","M Phase","3/36","105/2914",0.138149535030822,0.28904848487727,0.20913610884042,"PPP2R5C/PRKACA/RB1",3
"R-HSA-397014","R-HSA-397014","Muscle contraction","2/36","53/2914",0.138368627035776,0.28904848487727,0.20913610884042,"PAK2/PRKACA",2
"R-HSA-5607764","R-HSA-5607764","CLEC7A (Dectin-1) signaling","2/36","53/2914",0.138368627035776,0.28904848487727,0.20913610884042,"IKBKB/RELA",2
"R-HSA-111461","R-HSA-111461","Cytochrome c-mediated apoptotic response","1/36","12/2914",0.138824753311206,0.28904848487727,0.20913610884042,"CASP3",1
"R-HSA-1502540","R-HSA-1502540","Signaling by Activin","1/36","12/2914",0.138824753311206,0.28904848487727,0.20913610884042,"SMAD3",1
"R-HSA-381771","R-HSA-381771","Synthesis, secretion, and inactivation of Glucagon-like Peptide-1 (GLP-1)","1/36","12/2914",0.138824753311206,0.28904848487727,0.20913610884042,"CTNNB1",1
"R-HSA-389359","R-HSA-389359","CD28 dependent Vav1 pathway","1/36","12/2914",0.138824753311206,0.28904848487727,0.20913610884042,"PAK2",1
"R-HSA-399954","R-HSA-399954","Sema3A PAK dependent Axon repulsion","1/36","12/2914",0.138824753311206,0.28904848487727,0.20913610884042,"PAK2",1
"R-HSA-418990","R-HSA-418990","Adherens junctions interactions","1/36","12/2914",0.138824753311206,0.28904848487727,0.20913610884042,"CTNNB1",1
"R-HSA-442720","R-HSA-442720","CREB1 phosphorylation through the activation of Adenylate Cyclase","1/36","12/2914",0.138824753311206,0.28904848487727,0.20913610884042,"PRKACA",1
"R-HSA-5620920","R-HSA-5620920","Cargo trafficking to the periciliary membrane","1/36","12/2914",0.138824753311206,0.28904848487727,0.20913610884042,"SMO",1
"R-HSA-844456","R-HSA-844456","The NLRP3 inflammasome","1/36","12/2914",0.138824753311206,0.28904848487727,0.20913610884042,"RELA",1
"R-HSA-8963898","R-HSA-8963898","Plasma lipoprotein assembly","1/36","12/2914",0.138824753311206,0.28904848487727,0.20913610884042,"PRKACA",1
"R-HSA-9005891","R-HSA-9005891","Loss of function of MECP2 in Rett syndrome","1/36","12/2914",0.138824753311206,0.28904848487727,0.20913610884042,"PRKACA",1
"R-HSA-9005895","R-HSA-9005895","Pervasive developmental disorders","1/36","12/2914",0.138824753311206,0.28904848487727,0.20913610884042,"PRKACA",1
"R-HSA-933543","R-HSA-933543","NF-kB activation through FADD/RIP-1 pathway mediated by caspase-8 and -10","1/36","12/2914",0.138824753311206,0.28904848487727,0.20913610884042,"IKBKB",1
"R-HSA-937039","R-HSA-937039","IRAK1 recruits IKK complex","1/36","12/2914",0.138824753311206,0.28904848487727,0.20913610884042,"IKBKB",1
"R-HSA-975144","R-HSA-975144","IRAK1 recruits IKK complex upon TLR7/8 or 9 stimulation","1/36","12/2914",0.138824753311206,0.28904848487727,0.20913610884042,"IKBKB",1
"R-HSA-73887","R-HSA-73887","Death Receptor Signalling","3/36","106/2914",0.141012531359892,0.28904848487727,0.20913610884042,"CASP3/IKBKB/RELA",3
"R-HSA-111931","R-HSA-111931","PKA-mediated phosphorylation of CREB","1/36","13/2914",0.149507837005484,0.28904848487727,0.20913610884042,"PRKACA",1
"R-HSA-1368082","R-HSA-1368082","RORA activates gene expression","1/36","13/2914",0.149507837005484,0.28904848487727,0.20913610884042,"SREBF1",1
"R-HSA-171007","R-HSA-171007","p38MAPK events","1/36","13/2914",0.149507837005484,0.28904848487727,0.20913610884042,"MAPK14",1
"R-HSA-198323","R-HSA-198323","AKT phosphorylates targets in the cytosol","1/36","13/2914",0.149507837005484,0.28904848487727,0.20913610884042,"AKT1",1
"R-HSA-372708","R-HSA-372708","p130Cas linkage to MAPK signaling for integrins","1/36","13/2914",0.149507837005484,0.28904848487727,0.20913610884042,"BCAR1",1
"R-HSA-428540","R-HSA-428540","Activation of RAC1","1/36","13/2914",0.149507837005484,0.28904848487727,0.20913610884042,"PAK2",1
"R-HSA-4839735","R-HSA-4839735","AXIN mutants destabilize the destruction complex, activating WNT signaling","1/36","13/2914",0.149507837005484,0.28904848487727,0.20913610884042,"PPP2R5C",1
"R-HSA-4839744","R-HSA-4839744","truncated APC mutants destabilize the destruction complex","1/36","13/2914",0.149507837005484,0.28904848487727,0.20913610884042,"PPP2R5C",1
"R-HSA-4839748","R-HSA-4839748","AMER1 mutants destabilize the destruction complex","1/36","13/2914",0.149507837005484,0.28904848487727,0.20913610884042,"PPP2R5C",1
"R-HSA-5467337","R-HSA-5467337","APC truncation mutants have impaired AXIN binding","1/36","13/2914",0.149507837005484,0.28904848487727,0.20913610884042,"PPP2R5C",1
"R-HSA-5467340","R-HSA-5467340","AXIN missense mutants destabilize the destruction complex","1/36","13/2914",0.149507837005484,0.28904848487727,0.20913610884042,"PPP2R5C",1
"R-HSA-5467348","R-HSA-5467348","Truncations of AMER1 destabilize the destruction complex","1/36","13/2914",0.149507837005484,0.28904848487727,0.20913610884042,"PPP2R5C",1
"R-HSA-5626467","R-HSA-5626467","RHO GTPases activate IQGAPs","1/36","13/2914",0.149507837005484,0.28904848487727,0.20913610884042,"CTNNB1",1
"R-HSA-5689901","R-HSA-5689901","Metalloprotease DUBs","1/36","13/2914",0.149507837005484,0.28904848487727,0.20913610884042,"BRCA1",1
"R-HSA-8876198","R-HSA-8876198","RAB GEFs exchange GTP for GDP on RABs","1/36","13/2914",0.149507837005484,0.28904848487727,0.20913610884042,"AKT1",1
"R-HSA-912446","R-HSA-912446","Meiotic recombination","1/36","13/2914",0.149507837005484,0.28904848487727,0.20913610884042,"BRCA1",1
"R-HSA-68877","R-HSA-68877","Mitotic Prometaphase","2/36","56/2914",0.151198520287729,0.291023700553814,0.210565242505966,"PPP2R5C/PRKACA",2
"R-HSA-1280218","R-HSA-1280218","Adaptive Immune System","6/36","296/2914",0.152048302685142,0.291370095453907,0.210815870636947,"AKT1/IKBKB/PAK2/PPP2R5C/PRKACA/RELA",6
"R-HSA-9020702","R-HSA-9020702","Interleukin-1 signaling","2/36","57/2914",0.155529108142365,0.292550351463868,0.211669824773615,"IKBKB/RELA",2
"R-HSA-1257604","R-HSA-1257604","PIP3 activates AKT signaling","4/36","172/2914",0.159742383260255,0.292550351463868,0.211669824773615,"AKT1/ESR1/PPP2R5C/ESR2",4
"R-HSA-195721","R-HSA-195721","Signaling by WNT","4/36","172/2914",0.159742383260255,0.292550351463868,0.211669824773615,"AKT1/CTNNB1/PPP2R5C/LEF1",4
"R-HSA-2426168","R-HSA-2426168","Activation of gene expression by SREBF (SREBP)","1/36","14/2914",0.160062031375634,0.292550351463868,0.211669824773615,"SREBF1",1
"R-HSA-400508","R-HSA-400508","Incretin synthesis, secretion, and inactivation","1/36","14/2914",0.160062031375634,0.292550351463868,0.211669824773615,"CTNNB1",1
"R-HSA-445355","R-HSA-445355","Smooth Muscle Contraction","1/36","14/2914",0.160062031375634,0.292550351463868,0.211669824773615,"PAK2",1
"R-HSA-5684264","R-HSA-5684264","MAP3K8 (TPL2)-dependent MAPK1/3 activation","1/36","14/2914",0.160062031375634,0.292550351463868,0.211669824773615,"IKBKB",1
"R-HSA-5693554","R-HSA-5693554","Resolution of D-loop Structures through Synthesis-Dependent Strand Annealing (SDSA)","1/36","14/2914",0.160062031375634,0.292550351463868,0.211669824773615,"BRCA1",1
"R-HSA-6804758","R-HSA-6804758","Regulation of TP53 Activity through Acetylation","1/36","14/2914",0.160062031375634,0.292550351463868,0.211669824773615,"AKT1",1
"R-HSA-8849471","R-HSA-8849471","PTK6 Regulates RHO GTPases, RAS GTPase and MAP kinases","1/36","14/2914",0.160062031375634,0.292550351463868,0.211669824773615,"BCAR1",1
"R-HSA-9617828","R-HSA-9617828","FOXO-mediated transcription of cell cycle genes","1/36","14/2914",0.160062031375634,0.292550351463868,0.211669824773615,"SMAD3",1
"R-HSA-111447","R-HSA-111447","Activation of BAD and translocation to mitochondria ","1/36","15/2914",0.170488847537867,0.297841962566153,0.215498479872425,"AKT1",1
"R-HSA-1181150","R-HSA-1181150","Signaling by NODAL","1/36","15/2914",0.170488847537867,0.297841962566153,0.215498479872425,"SMAD3",1
"R-HSA-2028269","R-HSA-2028269","Signaling by Hippo","1/36","15/2914",0.170488847537867,0.297841962566153,0.215498479872425,"CASP3",1
"R-HSA-3371497","R-HSA-3371497","HSP90 chaperone cycle for steroid hormone receptors (SHR)","1/36","15/2914",0.170488847537867,0.297841962566153,0.215498479872425,"AR",1
"R-HSA-392517","R-HSA-392517","Rap1 signalling","1/36","15/2914",0.170488847537867,0.297841962566153,0.215498479872425,"PRKACA",1
"R-HSA-5693537","R-HSA-5693537","Resolution of D-Loop Structures","1/36","15/2914",0.170488847537867,0.297841962566153,0.215498479872425,"BRCA1",1
"R-HSA-5693568","R-HSA-5693568","Resolution of D-loop Structures through Holliday Junction Intermediates","1/36","15/2914",0.170488847537867,0.297841962566153,0.215498479872425,"BRCA1",1
"R-HSA-69541","R-HSA-69541","Stabilization of p53","1/36","15/2914",0.170488847537867,0.297841962566153,0.215498479872425,"CDKN2A",1
"R-HSA-8876384","R-HSA-8876384","Listeria monocytogenes entry into host cells","1/36","15/2914",0.170488847537867,0.297841962566153,0.215498479872425,"CTNNB1",1
"R-HSA-9008059","R-HSA-9008059","Interleukin-37 signaling","1/36","15/2914",0.170488847537867,0.297841962566153,0.215498479872425,"SMAD3",1
"R-HSA-9604323","R-HSA-9604323","Negative regulation of NOTCH4 signaling","1/36","15/2914",0.170488847537867,0.297841962566153,0.215498479872425,"AKT1",1
"R-HSA-69481","R-HSA-69481","G2/M Checkpoints","2/36","62/2914",0.177531067149658,0.299898099309113,0.216986162597519,"ATR/BRCA1",2
"R-HSA-556833","R-HSA-556833","Metabolism of lipids","3/36","119/2914",0.17998121572746,0.299898099309113,0.216986162597519,"PRKACA/NRF1/SREBF1",3
"R-HSA-176187","R-HSA-176187","Activation of ATR in response to replication stress","1/36","16/2914",0.180789779407007,0.299898099309113,0.216986162597519,"ATR",1
"R-HSA-3232118","R-HSA-3232118","SUMOylation of transcription factors","1/36","16/2914",0.180789779407007,0.299898099309113,0.216986162597519,"CDKN2A",1
"R-HSA-392451","R-HSA-392451","G beta:gamma signalling through PI3Kgamma","1/36","16/2914",0.180789779407007,0.299898099309113,0.216986162597519,"AKT1",1
"R-HSA-3928664","R-HSA-3928664","Ephrin signaling","1/36","16/2914",0.180789779407007,0.299898099309113,0.216986162597519,"PAK2",1
"R-HSA-5627123","R-HSA-5627123","RHO GTPases activate PAKs","1/36","16/2914",0.180789779407007,0.299898099309113,0.216986162597519,"PAK2",1
"R-HSA-5668599","R-HSA-5668599","RHO GTPases Activate NADPH Oxidases","1/36","16/2914",0.180789779407007,0.299898099309113,0.216986162597519,"MAPK14",1
"R-HSA-622312","R-HSA-622312","Inflammasomes","1/36","16/2914",0.180789779407007,0.299898099309113,0.216986162597519,"RELA",1
"R-HSA-73933","R-HSA-73933","Resolution of Abasic Sites (AP sites)","1/36","16/2914",0.180789779407007,0.299898099309113,0.216986162597519,"PARP1",1
"R-HSA-8941858","R-HSA-8941858","Regulation of RUNX3 expression and activity","1/36","16/2914",0.180789779407007,0.299898099309113,0.216986162597519,"CDKN2A",1
"R-HSA-8950505","R-HSA-8950505","Gene and protein expression by JAK-STAT signaling after Interleukin-12 stimulation","1/36","16/2914",0.180789779407007,0.299898099309113,0.216986162597519,"PAK2",1
"R-HSA-170834","R-HSA-170834","Signaling by TGF-beta Receptor Complex","2/36","63/2914",0.181993039194882,0.299898099309113,0.216986162597519,"PARP1/SMAD3",2
"R-HSA-983705","R-HSA-983705","Signaling by the B Cell Receptor (BCR)","2/36","63/2914",0.181993039194882,0.299898099309113,0.216986162597519,"IKBKB/RELA",2
"R-HSA-163359","R-HSA-163359","Glucagon signaling in metabolic regulation","1/36","17/2914",0.190966303886423,0.299898099309113,0.216986162597519,"PRKACA",1
"R-HSA-164952","R-HSA-164952","The role of Nef in HIV-1 replication and disease pathogenesis","1/36","17/2914",0.190966303886423,0.299898099309113,0.216986162597519,"PAK2",1
"R-HSA-167161","R-HSA-167161","HIV Transcription Initiation","1/36","17/2914",0.190966303886423,0.299898099309113,0.216986162597519,"TAF1",1
"R-HSA-167162","R-HSA-167162","RNA Polymerase II HIV Promoter Escape","1/36","17/2914",0.190966303886423,0.299898099309113,0.216986162597519,"TAF1",1
"R-HSA-168927","R-HSA-168927","TICAM1, RIP1-mediated IKK complex recruitment","1/36","17/2914",0.190966303886423,0.299898099309113,0.216986162597519,"IKBKB",1
"R-HSA-418592","R-HSA-418592","ADP signalling through P2Y purinoceptor 1","1/36","17/2914",0.190966303886423,0.299898099309113,0.216986162597519,"MAPK14",1
"R-HSA-5607761","R-HSA-5607761","Dectin-1 mediated noncanonical NF-kB signaling","1/36","17/2914",0.190966303886423,0.299898099309113,0.216986162597519,"RELA",1
"R-HSA-5696394","R-HSA-5696394","DNA Damage Recognition in GG-NER","1/36","17/2914",0.190966303886423,0.299898099309113,0.216986162597519,"PARP1",1
"R-HSA-73776","R-HSA-73776","RNA Polymerase II Promoter Escape","1/36","17/2914",0.190966303886423,0.299898099309113,0.216986162597519,"TAF1",1
"R-HSA-73779","R-HSA-73779","RNA Polymerase II Transcription Pre-Initiation And Promoter Opening","1/36","17/2914",0.190966303886423,0.299898099309113,0.216986162597519,"TAF1",1
"R-HSA-75953","R-HSA-75953","RNA Polymerase II Transcription Initiation","1/36","17/2914",0.190966303886423,0.299898099309113,0.216986162597519,"TAF1",1
"R-HSA-76042","R-HSA-76042","RNA Polymerase II Transcription Initiation And Promoter Clearance","1/36","17/2914",0.190966303886423,0.299898099309113,0.216986162597519,"TAF1",1
"R-HSA-9013695","R-HSA-9013695","NOTCH4 Intracellular Domain Regulates Transcription","1/36","17/2914",0.190966303886423,0.299898099309113,0.216986162597519,"SMAD3",1
"R-HSA-373080","R-HSA-373080","Class B/2 (Secretin family receptors)","2/36","65/2914",0.1909695942727,0.299898099309113,0.216986162597519,"PTCH1/SMO",2
"R-HSA-168928","R-HSA-168928","DDX58/IFIH1-mediated induction of interferon-alpha/beta","2/36","66/2914",0.195482038864772,0.304783824036473,0.220521145521852,"IKBKB/RELA",2
"R-HSA-69275","R-HSA-69275","G2/M Transition","2/36","66/2914",0.195482038864772,0.304783824036473,0.220521145521852,"PRKACA/MYBL2",2
"R-HSA-202433","R-HSA-202433","Generation of second messenger molecules","1/36","18/2914",0.201019881055939,0.308988156393405,0.223563118600431,"PAK2",1
"R-HSA-449836","R-HSA-449836","Other interleukin signaling","1/36","18/2914",0.201019881055939,0.308988156393405,0.223563118600431,"CASP3",1
"R-HSA-5610780","R-HSA-5610780","Degradation of GLI1 by the proteasome","1/36","18/2914",0.201019881055939,0.308988156393405,0.223563118600431,"PRKACA",1
"R-HSA-5610783","R-HSA-5610783","Degradation of GLI2 by the proteasome","1/36","18/2914",0.201019881055939,0.308988156393405,0.223563118600431,"PRKACA",1
"R-HSA-5663205","R-HSA-5663205","Infectious disease","3/36","126/2914",0.202122714999291,0.309589369805252,0.223998116326123,"CTNNB1/PAK2/TAF1",3
"R-HSA-453274","R-HSA-453274","Mitotic G2-G2/M phases","2/36","68/2914",0.204550083044745,0.312208021489347,0.225892797157447,"PRKACA/MYBL2",2
"R-HSA-421270","R-HSA-421270","Cell-cell junction organization","1/36","19/2914",0.21095195435773,0.319735540577047,0.231339205402389,"CTNNB1",1
"R-HSA-5610785","R-HSA-5610785","GLI3 is processed to GLI3R by the proteasome","1/36","19/2914",0.21095195435773,0.319735540577047,0.231339205402389,"PRKACA",1
"R-HSA-187037","R-HSA-187037","Signaling by NTRK1 (TRKA)","2/36","70/2914",0.21366901477755,0.322729241070258,0.233505246412601,"MAPK14/ATF1",2
"R-HSA-1655829","R-HSA-1655829","Regulation of cholesterol biosynthesis by SREBP (SREBF)","1/36","20/2914",0.220763950780225,0.324433508747965,0.234738340267735,"SREBF1",1
"R-HSA-167044","R-HSA-167044","Signalling to RAS","1/36","20/2914",0.220763950780225,0.324433508747965,0.234738340267735,"MAPK14",1
"R-HSA-5357905","R-HSA-5357905","Regulation of TNFR1 signaling","1/36","20/2914",0.220763950780225,0.324433508747965,0.234738340267735,"IKBKB",1
"R-HSA-5578775","R-HSA-5578775","Ion homeostasis","1/36","20/2914",0.220763950780225,0.324433508747965,0.234738340267735,"PRKACA",1
"R-HSA-6783310","R-HSA-6783310","Fanconi Anemia Pathway","1/36","20/2914",0.220763950780225,0.324433508747965,0.234738340267735,"ATR",1
"R-HSA-70171","R-HSA-70171","Glycolysis","1/36","20/2914",0.220763950780225,0.324433508747965,0.234738340267735,"PRKACA",1
"R-HSA-70326","R-HSA-70326","Glucose metabolism","1/36","20/2914",0.220763950780225,0.324433508747965,0.234738340267735,"PRKACA",1
"R-HSA-937041","R-HSA-937041","IKK complex recruitment mediated by RIP1","1/36","20/2914",0.220763950780225,0.324433508747965,0.234738340267735,"IKBKB",1
"R-HSA-2219530","R-HSA-2219530","Constitutive Signaling by Aberrant PI3K in Cancer","2/36","72/2914",0.222831145916858,0.326368850080247,0.236138623530535,"ESR1/ESR2",2
"R-HSA-198753","R-HSA-198753","ERK/MAPK targets","1/36","21/2914",0.230457281040042,0.331950057127213,0.240176810843404,"MAPK14",1
"R-HSA-389357","R-HSA-389357","CD28 dependent PI3K/Akt signaling","1/36","21/2914",0.230457281040042,0.331950057127213,0.240176810843404,"AKT1",1
"R-HSA-397795","R-HSA-397795","G-protein beta:gamma signalling","1/36","21/2914",0.230457281040042,0.331950057127213,0.240176810843404,"AKT1",1
"R-HSA-450302","R-HSA-450302","activated TAK1 mediates p38 MAPK activation","1/36","21/2914",0.230457281040042,0.331950057127213,0.240176810843404,"MAPK14",1
"R-HSA-73884","R-HSA-73884","Base Excision Repair","1/36","21/2914",0.230457281040042,0.331950057127213,0.240176810843404,"PARP1",1
"R-HSA-167172","R-HSA-167172","Transcription of the HIV genome","1/36","22/2914",0.240033339761977,0.332530263682994,0.240596609416129,"TAF1",1
"R-HSA-180024","R-HSA-180024","DARPP-32 events","1/36","22/2914",0.240033339761977,0.332530263682994,0.240596609416129,"PRKACA",1
"R-HSA-2173788","R-HSA-2173788","Downregulation of TGF-beta receptor signaling","1/36","22/2914",0.240033339761977,0.332530263682994,0.240596609416129,"SMAD3",1
"R-HSA-432040","R-HSA-432040","Vasopressin regulates renal water homeostasis via Aquaporins","1/36","22/2914",0.240033339761977,0.332530263682994,0.240596609416129,"PRKACA",1
"R-HSA-445717","R-HSA-445717","Aquaporin-mediated transport","1/36","22/2914",0.240033339761977,0.332530263682994,0.240596609416129,"PRKACA",1
"R-HSA-5357956","R-HSA-5357956","TNFR1-induced NFkappaB signaling pathway","1/36","22/2914",0.240033339761977,0.332530263682994,0.240596609416129,"IKBKB",1
"R-HSA-5696400","R-HSA-5696400","Dual Incision in GG-NER","1/36","22/2914",0.240033339761977,0.332530263682994,0.240596609416129,"PARP1",1
"R-HSA-69563","R-HSA-69563","p53-Dependent G1 DNA Damage Response","1/36","22/2914",0.240033339761977,0.332530263682994,0.240596609416129,"CDKN2A",1
"R-HSA-69580","R-HSA-69580","p53-Dependent G1/S DNA damage checkpoint","1/36","22/2914",0.240033339761977,0.332530263682994,0.240596609416129,"CDKN2A",1
"R-HSA-8866654","R-HSA-8866654","E3 ubiquitin ligases ubiquitinate target proteins","1/36","22/2914",0.240033339761977,0.332530263682994,0.240596609416129,"PRKDC",1
"R-HSA-9022692","R-HSA-9022692","Regulation of MECP2 expression and activity","1/36","22/2914",0.240033339761977,0.332530263682994,0.240596609416129,"PRKACA",1
"R-HSA-9024446","R-HSA-9024446","NR1H2 and NR1H3-mediated signaling","1/36","22/2914",0.240033339761977,0.332530263682994,0.240596609416129,"SREBF1",1
"R-HSA-3858494","R-HSA-3858494","Beta-catenin independent WNT signaling","2/36","76/2914",0.241255878303618,0.33316287956214,0.241054327862262,"CTNNB1/LEF1",2
"R-HSA-392518","R-HSA-392518","Signal amplification","1/36","23/2914",0.249493505657056,0.341288286040313,0.246933327346772,"MAPK14",1
"R-HSA-5357769","R-HSA-5357769","Caspase activation via extrinsic apoptotic signalling pathway","1/36","23/2914",0.249493505657056,0.341288286040313,0.246933327346772,"CASP3",1
"R-HSA-9020591","R-HSA-9020591","Interleukin-12 signaling","1/36","23/2914",0.249493505657056,0.341288286040313,0.246933327346772,"PAK2",1
"R-HSA-186712","R-HSA-186712","Regulation of beta-cell development","1/36","24/2914",0.258839141698684,0.346624446729331,0.250794215540399,"AKT1",1
"R-HSA-2173796","R-HSA-2173796","SMAD2/SMAD3:SMAD4 heterotrimer regulates transcription","1/36","24/2914",0.258839141698684,0.346624446729331,0.250794215540399,"SMAD3",1
"R-HSA-2559586","R-HSA-2559586","DNA Damage/Telomere Stress Induced Senescence","1/36","24/2914",0.258839141698684,0.346624446729331,0.250794215540399,"RB1",1
"R-HSA-5674400","R-HSA-5674400","Constitutive Signaling by AKT1 E17K in Cancer","1/36","24/2914",0.258839141698684,0.346624446729331,0.250794215540399,"AKT1",1
"R-HSA-69615","R-HSA-69615","G1/S DNA Damage Checkpoints","1/36","24/2914",0.258839141698684,0.346624446729331,0.250794215540399,"CDKN2A",1
"R-HSA-8863795","R-HSA-8863795","Downregulation of ERBB2 signaling","1/36","24/2914",0.258839141698684,0.346624446729331,0.250794215540399,"AKT1",1
"R-HSA-162906","R-HSA-162906","HIV Infection","2/36","80/2914",0.259769125594855,0.346624446729331,0.250794215540399,"PAK2/TAF1",2
"R-HSA-5689880","R-HSA-5689880","Ub-specific processing proteases","2/36","80/2914",0.259769125594855,0.346624446729331,0.250794215540399,"AR/SMAD3",2
"R-HSA-111933","R-HSA-111933","Calmodulin induced events","1/36","25/2914",0.268071595296901,0.350183615477934,0.253369391477077,"PRKACA",1
"R-HSA-111997","R-HSA-111997","CaM pathway","1/36","25/2914",0.268071595296901,0.350183615477934,0.253369391477077,"PRKACA",1
"R-HSA-380259","R-HSA-380259","Loss of Nlp from mitotic centrosomes","1/36","25/2914",0.268071595296901,0.350183615477934,0.253369391477077,"PRKACA",1
"R-HSA-380284","R-HSA-380284","Loss of proteins required for interphase microtubule organization from the centrosome","1/36","25/2914",0.268071595296901,0.350183615477934,0.253369391477077,"PRKACA",1
"R-HSA-5663213","R-HSA-5663213","RHO GTPases Activate WASPs and WAVEs","1/36","25/2914",0.268071595296901,0.350183615477934,0.253369391477077,"ABL1",1
"R-HSA-8948751","R-HSA-8948751","Regulation of PTEN stability and activity","1/36","25/2914",0.268071595296901,0.350183615477934,0.253369391477077,"AKT1",1
"R-HSA-9007101","R-HSA-9007101","Rab regulation of trafficking","1/36","25/2914",0.268071595296901,0.350183615477934,0.253369391477077,"AKT1",1
"R-HSA-111996","R-HSA-111996","Ca-dependent events","1/36","26/2914",0.277192198470772,0.355689104232406,0.257352794108868,"PRKACA",1
"R-HSA-1445148","R-HSA-1445148","Translocation of SLC2A4 (GLUT4) to the plasma membrane","1/36","26/2914",0.277192198470772,0.355689104232406,0.257352794108868,"AKT1",1
"R-HSA-380320","R-HSA-380320","Recruitment of NuMA to mitotic centrosomes","1/36","26/2914",0.277192198470772,0.355689104232406,0.257352794108868,"PRKACA",1
"R-HSA-674695","R-HSA-674695","RNA Polymerase II Pre-transcription Events","1/36","26/2914",0.277192198470772,0.355689104232406,0.257352794108868,"TAF1",1
"R-HSA-8854518","R-HSA-8854518","AURKA Activation by TPX2","1/36","26/2914",0.277192198470772,0.355689104232406,0.257352794108868,"PRKACA",1
"R-HSA-8939902","R-HSA-8939902","Regulation of RUNX2 expression and activity","1/36","26/2914",0.277192198470772,0.355689104232406,0.257352794108868,"ESR1",1
"R-HSA-1251985","R-HSA-1251985","Nuclear signaling by ERBB4","1/36","27/2914",0.28620226801892,0.359820770486214,0.260342190866009,"ESR1",1
"R-HSA-165159","R-HSA-165159","mTOR signalling","1/36","27/2914",0.28620226801892,0.359820770486214,0.260342190866009,"AKT1",1
"R-HSA-380270","R-HSA-380270","Recruitment of mitotic centrosome proteins and complexes","1/36","27/2914",0.28620226801892,0.359820770486214,0.260342190866009,"PRKACA",1
"R-HSA-380287","R-HSA-380287","Centrosome maturation","1/36","27/2914",0.28620226801892,0.359820770486214,0.260342190866009,"PRKACA",1
"R-HSA-5689896","R-HSA-5689896","Ovarian tumor domain proteases","1/36","27/2914",0.28620226801892,0.359820770486214,0.260342190866009,"ESR1",1
"R-HSA-75893","R-HSA-75893","TNF signaling","1/36","27/2914",0.28620226801892,0.359820770486214,0.260342190866009,"IKBKB",1
"R-HSA-8852135","R-HSA-8852135","Protein ubiquitination","1/36","27/2914",0.28620226801892,0.359820770486214,0.260342190866009,"PRKDC",1
"R-HSA-9006936","R-HSA-9006936","Signaling by TGF-beta family members","2/36","86/2914",0.28759589201416,0.360530873274235,0.260855973645484,"PARP1/SMAD3",2
"R-HSA-76002","R-HSA-76002","Platelet activation, signaling and aggregation","3/36","153/2914",0.292467949875647,0.363653968765958,0.263115636203319,"AKT1/BCAR1/MAPK14",3
"R-HSA-1236974","R-HSA-1236974","ER-Phagosome pathway","1/36","28/2914",0.295103105688237,0.363653968765958,0.263115636203319,"IKBKB",1
"R-HSA-2173789","R-HSA-2173789","TGF-beta receptor signaling activates SMADs","1/36","28/2914",0.295103105688237,0.363653968765958,0.263115636203319,"SMAD3",1
"R-HSA-381676","R-HSA-381676","Glucagon-like Peptide-1 (GLP1) regulates insulin secretion","1/36","28/2914",0.295103105688237,0.363653968765958,0.263115636203319,"PRKACA",1
"R-HSA-5620912","R-HSA-5620912","Anchoring of the basal body to the plasma membrane","1/36","28/2914",0.295103105688237,0.363653968765958,0.263115636203319,"PRKACA",1
"R-HSA-8957322","R-HSA-8957322","Metabolism of steroids","1/36","28/2914",0.295103105688237,0.363653968765958,0.263115636203319,"SREBF1",1
"R-HSA-166520","R-HSA-166520","Signaling by NTRKs","2/36","89/2914",0.30149356018685,0.368230527237429,0.266426927148194,"MAPK14/ATF1",2
"R-HSA-114452","R-HSA-114452","Activation of BH3-only proteins","1/36","29/2914",0.303895998340775,0.368230527237429,0.266426927148194,"AKT1",1
"R-HSA-141424","R-HSA-141424","Amplification of signal from the kinetochores","1/36","29/2914",0.303895998340775,0.368230527237429,0.266426927148194,"PPP2R5C",1
"R-HSA-141444","R-HSA-141444","Amplification  of signal from unattached  kinetochores via a MAD2  inhibitory signal","1/36","29/2914",0.303895998340775,0.368230527237429,0.266426927148194,"PPP2R5C",1
"R-HSA-186763","R-HSA-186763","Downstream signal transduction","1/36","29/2914",0.303895998340775,0.368230527237429,0.266426927148194,"BCAR1",1
"R-HSA-5673000","R-HSA-5673000","RAF activation","1/36","29/2914",0.303895998340775,0.368230527237429,0.266426927148194,"PPP2R5C",1
"R-HSA-1489509","R-HSA-1489509","DAG and IP3 signaling","1/36","30/2914",0.312582218118845,0.376657243439605,0.27252393415231,"PRKACA",1
"R-HSA-5696395","R-HSA-5696395","Formation of Incision Complex in GG-NER","1/36","30/2914",0.312582218118845,0.376657243439605,0.27252393415231,"PARP1",1
"R-HSA-174824","R-HSA-174824","Plasma lipoprotein assembly, remodeling, and clearance","1/36","31/2914",0.321163022608346,0.384864779158762,0.278462356850502,"PRKACA",1
"R-HSA-196854","R-HSA-196854","Metabolism of vitamins and cofactors","1/36","31/2914",0.321163022608346,0.384864779158762,0.278462356850502,"AKT1",1
"R-HSA-6785807","R-HSA-6785807","Interleukin-4 and Interleukin-13 signaling","2/36","94/2914",0.324573811662171,0.387883538662209,0.280646528880824,"AKT1/FOS",2
"R-HSA-2151201","R-HSA-2151201","Transcriptional activation of mitochondrial biogenesis","1/36","32/2914",0.329639655000333,0.389655570448764,0.281928652302917,"NRF1",1
"R-HSA-3371453","R-HSA-3371453","Regulation of HSF1-mediated heat shock response","1/36","32/2914",0.329639655000333,0.389655570448764,0.281928652302917,"ATR",1
"R-HSA-447115","R-HSA-447115","Interleukin-12 family signaling","1/36","32/2914",0.329639655000333,0.389655570448764,0.281928652302917,"PAK2",1
"R-HSA-8853659","R-HSA-8853659","RET signaling","1/36","32/2914",0.329639655000333,0.389655570448764,0.281928652302917,"PRKACA",1
"R-HSA-1236975","R-HSA-1236975","Antigen processing-Cross presentation","1/36","33/2914",0.33801334425085,0.396322923852074,0.286752702315233,"IKBKB",1
"R-HSA-187687","R-HSA-187687","Signalling to ERKs","1/36","33/2914",0.33801334425085,0.396322923852074,0.286752702315233,"MAPK14",1
"R-HSA-68875","R-HSA-68875","Mitotic Prophase","1/36","33/2914",0.33801334425085,0.396322923852074,0.286752702315233,"RB1",1
"R-HSA-112040","R-HSA-112040","G-protein mediated events","1/36","34/2914",0.346285305239038,0.401690954077284,0.290636649169045,"PRKACA",1
"R-HSA-112043","R-HSA-112043","PLC beta mediated events","1/36","34/2914",0.346285305239038,0.401690954077284,0.290636649169045,"PRKACA",1
"R-HSA-2500257","R-HSA-2500257","Resolution of Sister Chromatid Cohesion","1/36","34/2914",0.346285305239038,0.401690954077284,0.290636649169045,"PPP2R5C",1
"R-HSA-5675221","R-HSA-5675221","Negative regulation of MAPK pathway","1/36","34/2914",0.346285305239038,0.401690954077284,0.290636649169045,"PPP2R5C",1
"R-HSA-373752","R-HSA-373752","Netrin-1 signaling","1/36","35/2914",0.35445673892355,0.406830294015156,0.294355131059968,"MAPK14",1
"R-HSA-446728","R-HSA-446728","Cell junction organization","1/36","35/2914",0.35445673892355,0.406830294015156,0.294355131059968,"CTNNB1",1
"R-HSA-5576891","R-HSA-5576891","Cardiac conduction","1/36","35/2914",0.35445673892355,0.406830294015156,0.294355131059968,"PRKACA",1
"R-HSA-5628897","R-HSA-5628897","TP53 Regulates Metabolic Genes","1/36","35/2914",0.35445673892355,0.406830294015156,0.294355131059968,"AKT1",1
"R-HSA-157118","R-HSA-157118","Signaling by NOTCH","2/36","104/2914",0.370178145367237,0.423014961679977,0.306065271729735,"AKT1/SMAD3",2
"R-HSA-2565942","R-HSA-2565942","Regulation of PLK1 Activity at G2/M Transition","1/36","37/2914",0.370502759540393,0.423014961679977,0.306065271729735,"PRKACA",1
"R-HSA-373755","R-HSA-373755","Semaphorin interactions","1/36","38/2914",0.378379680171796,0.430877384488826,0.311753993858824,"PAK2",1
"R-HSA-422475","R-HSA-422475","Axon guidance","4/36","254/2914",0.385004770784579,0.437276958985097,0.316384297003131,"ABL1/MAPK14/PAK2/PRKACA",4
"R-HSA-3247509","R-HSA-3247509","Chromatin modifying enzymes","2/36","109/2914",0.392583930746371,0.442419714701221,0.320105250322239,"RELA/KMT2A",2
"R-HSA-4839726","R-HSA-4839726","Chromatin organization","2/36","109/2914",0.392583930746371,0.442419714701221,0.320105250322239,"RELA/KMT2A",2
"R-HSA-8953854","R-HSA-8953854","Metabolism of RNA","2/36","109/2914",0.392583930746371,0.442419714701221,0.320105250322239,"AKT1/MAPK14",2
"R-HSA-8986944","R-HSA-8986944","Transcriptional Regulation by MECP2","1/36","41/2914",0.401439805999206,0.45123078968903,0.326480353580205,"PRKACA",1
"R-HSA-162599","R-HSA-162599","Late Phase of HIV Life Cycle","1/36","42/2914",0.40894003815515,0.456125427173052,0.330021785177841,"TAF1",1
"R-HSA-2980736","R-HSA-2980736","Peptide hormone metabolism","1/36","42/2914",0.40894003815515,0.456125427173052,0.330021785177841,"CTNNB1",1
"R-HSA-69618","R-HSA-69618","Mitotic Spindle Checkpoint","1/36","42/2914",0.40894003815515,0.456125427173052,0.330021785177841,"PPP2R5C",1
"R-HSA-2029482","R-HSA-2029482","Regulation of actin dynamics for phagocytic cup formation","1/36","43/2914",0.416348867760448,0.463201425769296,0.335141503460423,"ABL1",1
"R-HSA-1227986","R-HSA-1227986","Signaling by ERBB2","1/36","44/2914",0.423667377255615,0.467754591640082,0.33843586908744,"AKT1",1
"R-HSA-1236394","R-HSA-1236394","Signaling by ERBB4","1/36","44/2914",0.423667377255615,0.467754591640082,0.33843586908744,"ESR1",1
"R-HSA-71387","R-HSA-71387","Metabolism of carbohydrates","1/36","44/2914",0.423667377255615,0.467754591640082,0.33843586908744,"PRKACA",1
"R-HSA-422356","R-HSA-422356","Regulation of insulin secretion","1/36","45/2914",0.430896636634987,0.473333426606614,0.342472340121906,"PRKACA",1
"R-HSA-512988","R-HSA-512988","Interleukin-3, Interleukin-5 and GM-CSF signaling","1/36","45/2914",0.430896636634987,0.473333426606614,0.342472340121906,"PRKACA",1
"R-HSA-5696399","R-HSA-5696399","Global Genome Nucleotide Excision Repair (GG-NER)","1/36","46/2914",0.438037703585541,0.479965745742344,0.347271041686535,"PARP1",1
"R-HSA-438064","R-HSA-438064","Post NMDA receptor activation events","1/36","47/2914",0.445091623624216,0.485250266357228,0.351094566583935,"PRKACA",1
"R-HSA-5663220","R-HSA-5663220","RHO GTPases Activate Formins","1/36","47/2914",0.445091623624216,0.485250266357228,0.351094566583935,"PPP2R5C",1
"R-HSA-162909","R-HSA-162909","Host Interactions of HIV factors","1/36","49/2914",0.458942144997037,0.495384201175462,0.358426802544375,"PAK2",1
"R-HSA-186797","R-HSA-186797","Signaling by PDGF","1/36","49/2914",0.458942144997037,0.495384201175462,0.358426802544375,"BCAR1",1
"R-HSA-3371556","R-HSA-3371556","Cellular response to heat stress","1/36","49/2914",0.458942144997037,0.495384201175462,0.358426802544375,"ATR",1
"R-HSA-442755","R-HSA-442755","Activation of NMDA receptors and postsynaptic events","1/36","49/2914",0.458942144997037,0.495384201175462,0.358426802544375,"PRKACA",1
"R-HSA-5683057","R-HSA-5683057","MAPK family signaling cascades","3/36","202/2914",0.460300308644603,0.495620381832679,0.358597687036833,"PAK2/PPP2R5C/PRKACA",3
"R-HSA-400253","R-HSA-400253","Circadian Clock","1/36","52/2914",0.479089778322009,0.514577910049565,0.372314083738221,"SREBF1",1
"R-HSA-1430728","R-HSA-1430728","Metabolism","4/36","289/2914",0.485471099636335,0.519052376037297,0.375551507405086,"AKT1/PRKACA/NRF1/SREBF1",4
"R-HSA-162587","R-HSA-162587","HIV Life Cycle","1/36","53/2914",0.485642108154437,0.519052376037297,0.375551507405086,"TAF1",1
"R-HSA-163685","R-HSA-163685","Integration of energy metabolism","1/36","55/2914",0.498507247262372,0.530197194521104,0.383615151026764,"PRKACA",1
"R-HSA-5696398","R-HSA-5696398","Nucleotide Excision Repair","1/36","55/2914",0.498507247262372,0.530197194521104,0.383615151026764,"PARP1",1
"R-HSA-2467813","R-HSA-2467813","Separation of Sister Chromatids","1/36","56/2914",0.504821951389183,0.535603777693402,0.387526992208898,"PPP2R5C",1
"R-HSA-1500931","R-HSA-1500931","Cell-Cell communication","1/36","57/2914",0.511059323590019,0.540902203799655,0.391360578187772,"CTNNB1",1
"R-HSA-111885","R-HSA-111885","Opioid Signalling","1/36","59/2914",0.523305742763829,0.551181593467955,0.398798055527934,"PRKACA",1
"R-HSA-6807070","R-HSA-6807070","PTEN Regulation","1/36","59/2914",0.523305742763829,0.551181593467955,0.398798055527934,"AKT1",1
"R-HSA-68882","R-HSA-68882","Mitotic Anaphase","1/36","60/2914",0.529316598546842,0.556165991226754,0.402404431643798,"PPP2R5C",1
"R-HSA-204998","R-HSA-204998","Cell death signalling via NRAGE, NRIF and NADE","1/36","61/2914",0.535253740261037,0.559700425513344,0.404961711381706,"CASP3",1
"R-HSA-2555396","R-HSA-2555396","Mitotic Metaphase and Anaphase","1/36","61/2914",0.535253740261037,0.559700425513344,0.404961711381706,"PPP2R5C",1
"R-HSA-2029480","R-HSA-2029480","Fcgamma receptor (FCGR) dependent phagocytosis","1/36","62/2914",0.541118046377617,0.564475659890319,0.408416750894629,"ABL1",1
"R-HSA-2682334","R-HSA-2682334","EPH-Ephrin signaling","1/36","68/2914",0.574822263441486,0.598200202385279,0.432817569299935,"PAK2",1
"R-HSA-1474228","R-HSA-1474228","Degradation of the extracellular matrix","1/36","70/2914",0.585512528149773,0.607871001778403,0.439814711510569,"CASP3",1
"R-HSA-112314","R-HSA-112314","Neurotransmitter receptors and postsynaptic signal transmission","1/36","77/2914",0.620909577924788,0.643084919993531,0.465293142354666,"PRKACA",1
"R-HSA-112315","R-HSA-112315","Transmission across Chemical Synapses","1/36","88/2914",0.670674140988995,0.692976844014758,0.501391594338566,"PRKACA",1
"R-HSA-112316","R-HSA-112316","Neuronal System","1/36","105/2914",0.735332954277924,0.75798539125805,0.548427421624094,"PRKACA",1
"R-HSA-983169","R-HSA-983169","Class I MHC mediated antigen processing & presentation","1/36","115/2914",0.767410210786516,0.789180713220176,0.570998265584592,"IKBKB",1
"R-HSA-382551","R-HSA-382551","Transport of small molecules","1/36","121/2914",0.784806970698232,0.805167528900309,0.582565253820187,"PRKACA",1
"R-HSA-6798695","R-HSA-6798695","Neutrophil degranulation","1/36","125/2914",0.795694843388049,0.81441707499718,0.58925760538211,"MAPK14",1
"R-HSA-199991","R-HSA-199991","Membrane Trafficking","1/36","144/2914",0.840512806257539,0.858270119065797,0.620986728616269,"AKT1",1
"R-HSA-1474244","R-HSA-1474244","Extracellular matrix organization","1/36","157/2914",0.865504444280734,0.88171998422042,0.637953479206063,"CASP3",1
"R-HSA-5653656","R-HSA-5653656","Vesicle-mediated transport","1/36","160/2914",0.870706406953635,0.884946932301007,0.640288282535998,"AKT1",1
"R-HSA-372790","R-HSA-372790","Signaling by GPCR","4/36","486/2914",0.874211659767409,0.886438396267653,0.641367405889965,"AKT1/PRKACA/PTCH1/SMO",4
"R-HSA-5673001","R-HSA-5673001","RAF/MAP kinase cascade","1/36","171/2914",0.888158621005364,0.898486046831008,0.650084278287892,"PPP2R5C",1
"R-HSA-5684996","R-HSA-5684996","MAPK1/MAPK3 signaling","1/36","177/2914",0.896689235364379,0.905011177223909,0.654805425263034,"PPP2R5C",1
"R-HSA-9607240","R-HSA-9607240","FLT3 Signaling","1/36","188/2914",0.910715388906481,0.917039801329443,0.663508531391418,"PPP2R5C",1
"R-HSA-500792","R-HSA-500792","GPCR ligand binding","2/36","317/2914",0.915948134443602,0.920178841762048,0.665779730639691,"PTCH1/SMO",2
"R-HSA-418594","R-HSA-418594","G alpha (i) signalling events","1/36","217/2914",0.939400187428595,0.941564703989491,0.681253107060757,"PRKACA",1
"R-HSA-388396","R-HSA-388396","GPCR downstream signalling","2/36","436/2914",0.979104864371483,0.979104864371483,0.708414650809615,"AKT1/PRKACA",2
