"","ID","Description","GeneRatio","BgRatio","pvalue","p.adjust","qvalue","geneID","Count"
"R-HSA-212436","R-HSA-212436","Generic Transcription Pathway","30/47","481/2914",2.62227828953088e-13,1.25082674410623e-10,8.11526123286399e-11,"ABL1/CREBBP/CSNK2A1/ESR1/MAPK14/NOTCH1/NR3C1/PPARG/PTEN/RB1/SP1/STAT1/AKT2/GSK3B/JUN/MAPK1/MAPK3/PRKACA/SMAD3/TP53/YY1/FOS/FOXO3/MEF2C/TWIST1/SPI1/BCL6/MYB/FOXO1/TCF7L2",30
"R-HSA-73857","R-HSA-73857","RNA Polymerase II Transcription","30/47","499/2914",7.23461574886645e-13,1.72545585610465e-10,1.1194615948246e-10,"ABL1/CREBBP/CSNK2A1/ESR1/MAPK14/NOTCH1/NR3C1/PPARG/PTEN/RB1/SP1/STAT1/AKT2/GSK3B/JUN/MAPK1/MAPK3/PRKACA/SMAD3/TP53/YY1/FOS/FOXO3/MEF2C/TWIST1/SPI1/BCL6/MYB/FOXO1/TCF7L2",30
"R-HSA-1266738","R-HSA-1266738","Developmental Biology","26/47","397/2914",1.17426343018146e-11,1.86707885398852e-09,1.21134543323982e-09,"ABL1/CREBBP/CSNK2A1/MAPK14/NOTCH1/NR2F2/PPARG/RPS6KA4/RPS6KA5/STAT3/AKT2/GSK3B/JUN/MAPK1/MAPK3/PRKACA/SMAD3/CEBPB/MYOD1/YY1/FOXO3/MEF2C/SPI1/TCF4/MYB/FOXO1",26
"R-HSA-450282","R-HSA-450282","MAPK targets/ Nuclear events mediated by MAP kinases","9/47","30/2914",3.68510877819685e-10,4.39449221799974e-08,2.85111047576283e-08,"MAPK14/MAPKAPK2/RPS6KA5/JUN/MAPK1/MAPK3/ATF1/FOS/MEF2C",9
"R-HSA-8878166","R-HSA-8878166","Transcriptional regulation by RUNX2","10/47","62/2914",2.5274153897734e-08,2.41115428184383e-06,1.56433710440712e-06,"ABL1/ESR1/NR3C1/RB1/STAT1/AKT2/GSK3B/MAPK1/MAPK3/TWIST1",10
"R-HSA-198725","R-HSA-198725","Nuclear Events (kinase and transcription factor activation)","7/47","24/2914",5.03994335484391e-08,4.00675496710091e-06,2.59954973039318e-06,"MAPK14/MAPKAPK2/RPS6KA5/MAPK1/MAPK3/ATF1/MEF2C",7
"R-HSA-450341","R-HSA-450341","Activation of the AP-1 family of transcription factors","5/47","10/2914",2.08521772230276e-07,1.27013823934233e-05,8.24055262863613e-06,"MAPK14/JUN/MAPK1/MAPK3/FOS",5
"R-HSA-449147","R-HSA-449147","Signaling by Interleukins","19/47","332/2914",2.50752155627836e-07,1.27013823934233e-05,8.24055262863613e-06,"LCK/MAPK14/MAPKAPK2/RPS6KA5/STAT1/STAT3/JUN/MAPK1/MAPK3/PRKACA/SMAD3/TP53/ATF1/FOS/FOXO3/MEF2C/TWIST1/BCL6/FOXO1",19
"R-HSA-2559583","R-HSA-2559583","Cellular Senescence","11/47","99/2914",2.51229741198958e-07,1.27013823934233e-05,8.24055262863613e-06,"MAPK14/MAPKAPK2/RB1/SP1/STAT3/JUN/MAPK1/MAPK3/TP53/CEBPB/FOS",11
"R-HSA-450294","R-HSA-450294","MAP kinase activation","9/47","60/2914",2.66276360449127e-07,1.27013823934233e-05,8.24055262863613e-06,"MAPK14/MAPKAPK2/RPS6KA5/JUN/MAPK1/MAPK3/ATF1/FOS/MEF2C",9
"R-HSA-448424","R-HSA-448424","Interleukin-17 signaling","9/47","64/2914",4.72894388412119e-07,2.05064202975073e-05,1.33043971476711e-05,"MAPK14/MAPKAPK2/RPS6KA5/JUN/MAPK1/MAPK3/ATF1/FOS/MEF2C",9
"R-HSA-8939211","R-HSA-8939211","ESR-mediated signaling","11/47","108/2914",6.18977197680929e-07,2.37962026302295e-05,1.54387809186527e-05,"CREBBP/ESR1/SP1/AKT2/JUN/MAPK1/MAPK3/YY1/FOS/FOXO3/MYB",11
"R-HSA-2262752","R-HSA-2262752","Cellular responses to stress","14/47","187/2914",6.48533824303948e-07,2.37962026302295e-05,1.54387809186527e-05,"CREBBP/MAPK14/MAPKAPK2/NR3C1/RB1/SP1/STAT3/GSK3B/JUN/MAPK1/MAPK3/TP53/CEBPB/FOS",14
"R-HSA-8953897","R-HSA-8953897","Cellular responses to external stimuli","14/47","189/2914",7.40011662197719e-07,2.52132544905937e-05,1.63581525327917e-05,"CREBBP/MAPK14/MAPKAPK2/NR3C1/RB1/SP1/STAT3/GSK3B/JUN/MAPK1/MAPK3/TP53/CEBPB/FOS",14
"R-HSA-9006925","R-HSA-9006925","Intracellular signaling by second messengers","14/47","201/2914",1.57812526669894e-06,4.83370127253144e-05,3.13606570478703e-05,"CSNK2A1/ESR1/LCK/PPARG/PTEN/AKT2/GSK3B/JUN/MAPK1/MAPK3/PRKACA/TP53/FOXO3/FOXO1",14
"R-HSA-1257604","R-HSA-1257604","PIP3 activates AKT signaling","13/47","172/2914",1.6213673031552e-06,4.83370127253144e-05,3.13606570478703e-05,"CSNK2A1/ESR1/LCK/PPARG/PTEN/AKT2/GSK3B/JUN/MAPK1/MAPK3/TP53/FOXO3/FOXO1",13
"R-HSA-5663202","R-HSA-5663202","Diseases of signal transduction","16/47","268/2914",1.84384386752996e-06,5.17360896948111e-05,3.35659502819695e-05,"CREBBP/ESR1/LCK/NOTCH1/PTEN/RAF1/STAT1/STAT3/AKT2/GSK3B/MAPK1/MAPK3/SMAD3/FOXO3/FOXO1/TCF7L2",16
"R-HSA-168142","R-HSA-168142","Toll Like Receptor 10 (TLR10) Cascade","9/47","78/2914",2.647915681979e-06,6.31527890151991e-05,4.09730110790434e-05,"MAPK14/MAPKAPK2/RPS6KA5/JUN/MAPK1/MAPK3/ATF1/FOS/MEF2C",9
"R-HSA-168176","R-HSA-168176","Toll Like Receptor 5 (TLR5) Cascade","9/47","78/2914",2.647915681979e-06,6.31527890151991e-05,4.09730110790434e-05,"MAPK14/MAPKAPK2/RPS6KA5/JUN/MAPK1/MAPK3/ATF1/FOS/MEF2C",9
"R-HSA-975871","R-HSA-975871","MyD88 cascade initiated on plasma membrane","9/47","78/2914",2.647915681979e-06,6.31527890151991e-05,4.09730110790434e-05,"MAPK14/MAPKAPK2/RPS6KA5/JUN/MAPK1/MAPK3/ATF1/FOS/MEF2C",9
"R-HSA-6807070","R-HSA-6807070","PTEN Regulation","8/47","59/2914",2.95372936413426e-06,6.70918526996211e-05,4.3528643260926e-05,"CSNK2A1/PPARG/PTEN/AKT2/JUN/MAPK1/MAPK3/TP53",8
"R-HSA-2559580","R-HSA-2559580","Oxidative Stress Induced Senescence","7/47","44/2914",4.376693290404e-06,9.32164351844055e-05,6.04780579150728e-05,"MAPK14/MAPKAPK2/JUN/MAPK1/MAPK3/TP53/FOS",7
"R-HSA-975138","R-HSA-975138","TRAF6 mediated induction of NFkB and MAP kinases upon TLR7/8 or 9 activation","9/47","83/2914",4.49471280763381e-06,9.32164351844055e-05,6.04780579150728e-05,"MAPK14/MAPKAPK2/RPS6KA5/JUN/MAPK1/MAPK3/ATF1/FOS/MEF2C",9
"R-HSA-168181","R-HSA-168181","Toll Like Receptor 7/8 (TLR7/8) Cascade","9/47","84/2914",4.97401090715479e-06,9.49041281085133e-05,6.15730192296214e-05,"MAPK14/MAPKAPK2/RPS6KA5/JUN/MAPK1/MAPK3/ATF1/FOS/MEF2C",9
"R-HSA-975155","R-HSA-975155","MyD88 dependent cascade initiated on endosome","9/47","84/2914",4.97401090715479e-06,9.49041281085133e-05,6.15730192296214e-05,"MAPK14/MAPKAPK2/RPS6KA5/JUN/MAPK1/MAPK3/ATF1/FOS/MEF2C",9
"R-HSA-166058","R-HSA-166058","MyD88:MAL(TIRAP) cascade initiated on plasma membrane","9/47","86/2914",6.0658358306773e-06,9.96478200912354e-05,6.46506876460846e-05,"MAPK14/MAPKAPK2/RPS6KA5/JUN/MAPK1/MAPK3/ATF1/FOS/MEF2C",9
"R-HSA-168138","R-HSA-168138","Toll Like Receptor 9 (TLR9) Cascade","9/47","86/2914",6.0658358306773e-06,9.96478200912354e-05,6.46506876460846e-05,"MAPK14/MAPKAPK2/RPS6KA5/JUN/MAPK1/MAPK3/ATF1/FOS/MEF2C",9
"R-HSA-168188","R-HSA-168188","Toll Like Receptor TLR6:TLR2 Cascade","9/47","86/2914",6.0658358306773e-06,9.96478200912354e-05,6.46506876460846e-05,"MAPK14/MAPKAPK2/RPS6KA5/JUN/MAPK1/MAPK3/ATF1/FOS/MEF2C",9
"R-HSA-9006931","R-HSA-9006931","Signaling by Nuclear Receptors","11/47","136/2914",6.29062805204316e-06,9.96478200912354e-05,6.46506876460846e-05,"CREBBP/ESR1/SP1/AKT2/JUN/MAPK1/MAPK3/YY1/FOS/FOXO3/MYB",11
"R-HSA-168164","R-HSA-168164","Toll Like Receptor 3 (TLR3) Cascade","9/47","87/2914",6.68496906272439e-06,9.96478200912354e-05,6.46506876460846e-05,"MAPK14/MAPKAPK2/RPS6KA5/JUN/MAPK1/MAPK3/ATF1/FOS/MEF2C",9
"R-HSA-168179","R-HSA-168179","Toll Like Receptor TLR1:TLR2 Cascade","9/47","87/2914",6.68496906272439e-06,9.96478200912354e-05,6.46506876460846e-05,"MAPK14/MAPKAPK2/RPS6KA5/JUN/MAPK1/MAPK3/ATF1/FOS/MEF2C",9
"R-HSA-181438","R-HSA-181438","Toll Like Receptor 2 (TLR2) Cascade","9/47","87/2914",6.68496906272439e-06,9.96478200912354e-05,6.46506876460846e-05,"MAPK14/MAPKAPK2/RPS6KA5/JUN/MAPK1/MAPK3/ATF1/FOS/MEF2C",9
"R-HSA-166166","R-HSA-166166","MyD88-independent TLR4 cascade ","9/47","90/2914",8.87890670710856e-06,0.000122326018873959,7.93641168463952e-05,"MAPK14/MAPKAPK2/RPS6KA5/JUN/MAPK1/MAPK3/ATF1/FOS/MEF2C",9
"R-HSA-937061","R-HSA-937061","TRIF(TICAM1)-mediated TLR4 signaling ","9/47","90/2914",8.87890670710856e-06,0.000122326018873959,7.93641168463952e-05,"MAPK14/MAPKAPK2/RPS6KA5/JUN/MAPK1/MAPK3/ATF1/FOS/MEF2C",9
"R-HSA-9018519","R-HSA-9018519","Estrogen-dependent gene expression","7/47","49/2914",9.23215236784598e-06,0.000122326018873959,7.93641168463952e-05,"CREBBP/ESR1/SP1/JUN/YY1/FOS/MYB",7
"R-HSA-9614085","R-HSA-9614085","FOXO-mediated transcription","7/47","49/2914",9.23215236784598e-06,0.000122326018873959,7.93641168463952e-05,"CREBBP/NR3C1/AKT2/SMAD3/FOXO3/BCL6/FOXO1",7
"R-HSA-187037","R-HSA-187037","Signaling by NTRK1 (TRKA)","8/47","70/2914",1.10075736368161e-05,0.000141908449317873,9.20690369622743e-05,"MAPK14/MAPKAPK2/RPS6KA5/STAT3/MAPK1/MAPK3/ATF1/MEF2C",8
"R-HSA-198753","R-HSA-198753","ERK/MAPK targets","5/47","21/2914",1.47401647471314e-05,0.000185027857483729,0.000120044555004339,"MAPK14/RPS6KA5/MAPK1/MAPK3/MEF2C",5
"R-HSA-525793","R-HSA-525793","Myogenesis","5/47","22/2914",1.88462298687361e-05,0.000230503888394542,0.000149549030537339,"ABL1/MAPK14/MYOD1/MEF2C/TCF4",5
"R-HSA-2559585","R-HSA-2559585","Oncogene Induced Senescence","5/47","23/2914",2.37918707770776e-05,0.00028371805901665,0.000184073947591074,"RB1/SP1/MAPK1/MAPK3/TP53",5
"R-HSA-9634638","R-HSA-9634638","Estrogen-dependent nuclear events downstream of ESR-membrane signaling","5/47","24/2914",2.96917235288276e-05,0.000345437856664653,0.000224117245634797,"AKT2/MAPK1/MAPK3/FOS/FOXO3",5
"R-HSA-9614657","R-HSA-9614657","FOXO-mediated transcription of cell death genes","4/47","13/2914",3.82228708099156e-05,0.000434102604198327,0.000281642205967799,"CREBBP/FOXO3/BCL6/FOXO1",4
"R-HSA-8939902","R-HSA-8939902","Regulation of RUNX2 expression and activity","5/47","26/2914",4.48537794790487e-05,0.000497441049771813,0.000322735669497767,"ESR1/NR3C1/STAT1/GSK3B/TWIST1",5
"R-HSA-166016","R-HSA-166016","Toll Like Receptor 4 (TLR4) Cascade","9/47","110/2914",4.58855475680498e-05,0.000497441049771813,0.000322735669497767,"MAPK14/MAPKAPK2/RPS6KA5/JUN/MAPK1/MAPK3/ATF1/FOS/MEF2C",9
"R-HSA-2559582","R-HSA-2559582","Senescence-Associated Secretory Phenotype (SASP)","6/47","45/2914",6.43219856529245e-05,0.000678225891310368,0.000440027390588653,"STAT3/JUN/MAPK1/MAPK3/CEBPB/FOS",6
"R-HSA-166520","R-HSA-166520","Signaling by NTRKs","8/47","89/2914",6.54054318664087e-05,0.000678225891310368,0.000440027390588653,"MAPK14/MAPKAPK2/RPS6KA5/STAT3/MAPK1/MAPK3/ATF1/MEF2C",8
"R-HSA-1643685","R-HSA-1643685","Disease","18/47","443/2914",8.42093445046198e-05,0.000852110148301069,0.000552842069073186,"CREBBP/ESR1/LCK/NOTCH1/PTEN/RAF1/STAT1/STAT3/AKT2/GSK3B/JUN/MAPK1/MAPK3/PRKACA/SMAD3/FOXO3/FOXO1/TCF7L2",18
"R-HSA-556833","R-HSA-556833","Metabolism of lipids","9/47","119/2914",8.57469331623718e-05,0.000852110148301069,0.000552842069073186,"CREBBP/CSNK2A1/MAPKAPK2/PPARG/PTEN/SP1/ARNTL/PRKACA/CLOCK",9
"R-HSA-6785807","R-HSA-6785807","Interleukin-4 and Interleukin-13 signaling","8/47","94/2914",9.70150545696276e-05,0.000944411857749232,0.000612726660439753,"STAT1/STAT3/TP53/FOS/FOXO3/TWIST1/BCL6/FOXO1",8
"R-HSA-8943724","R-HSA-8943724","Regulation of PTEN gene transcription","5/47","32/2914",0.000127709100241341,0.00121834481630239,0.000790452115177986,"PPARG/JUN/MAPK1/MAPK3/TP53",5
"R-HSA-168898","R-HSA-168898","Toll-like Receptor Cascades","9/47","127/2914",0.000142637058792331,0.00133407602046944,0.000865537570380705,"MAPK14/MAPKAPK2/RPS6KA5/JUN/MAPK1/MAPK3/ATF1/FOS/MEF2C",9
"R-HSA-8878159","R-HSA-8878159","Transcriptional regulation by RUNX3","6/47","53/2914",0.000164473599299364,0.0015087289781884,0.000978850975587309,"CREBBP/NOTCH1/SMAD3/TP53/FOXO3/TCF7L2",6
"R-HSA-5621575","R-HSA-5621575","CD209 (DC-SIGN) signaling","4/47","19/2914",0.0001929717934884,0.00167359173625395,0.00108581257962851,"CREBBP/RAF1/RPS6KA5/PRKACA",4
"R-HSA-8940973","R-HSA-8940973","RUNX2 regulates osteoblast differentiation","4/47","19/2914",0.0001929717934884,0.00167359173625395,0.00108581257962851,"ABL1/RB1/MAPK1/MAPK3",4
"R-HSA-9615017","R-HSA-9615017","FOXO-mediated transcription of oxidative stress, metabolic and neuronal genes","4/47","19/2914",0.0001929717934884,0.00167359173625395,0.00108581257962851,"NR3C1/SMAD3/FOXO3/FOXO1",4
"R-HSA-1912408","R-HSA-1912408","Pre-NOTCH Transcription and Translation","4/47","23/2914",0.000420454063923812,0.00358136765163676,0.00232356193221054,"CREBBP/NOTCH1/JUN/TP53",4
"R-HSA-9009391","R-HSA-9009391","Extra-nuclear estrogen signaling","6/47","63/2914",0.000430987192720419,0.00358682605358381,0.00232710329858466,"ESR1/AKT2/MAPK1/MAPK3/FOS/FOXO3",6
"R-HSA-9617629","R-HSA-9617629","Regulation of FOXO transcriptional activity by acetylation","3/47","10/2914",0.000436133985551071,0.00358682605358381,0.00232710329858466,"CREBBP/FOXO3/FOXO1",3
"R-HSA-186712","R-HSA-186712","Regulation of beta-cell development","4/47","24/2914",0.000498606532002808,0.00383605348008612,0.00248880000694101,"CREBBP/NOTCH1/AKT2/FOXO1",4
"R-HSA-5674400","R-HSA-5674400","Constitutive Signaling by AKT1 E17K in Cancer","4/47","24/2914",0.000498606532002808,0.00383605348008612,0.00248880000694101,"AKT2/GSK3B/FOXO3/FOXO1",4
"R-HSA-8941326","R-HSA-8941326","RUNX2 regulates bone development","4/47","24/2914",0.000498606532002808,0.00383605348008612,0.00248880000694101,"ABL1/RB1/MAPK1/MAPK3",4
"R-HSA-982772","R-HSA-982772","Growth hormone receptor signaling","4/47","24/2914",0.000498606532002808,0.00383605348008612,0.00248880000694101,"STAT1/STAT3/MAPK1/MAPK3",4
"R-HSA-9614399","R-HSA-9614399","Regulation of localization of FOXO transcription factors","3/47","11/2914",0.000592909773950014,0.00448917400276439,0.00291253924045621,"AKT2/FOXO3/FOXO1",3
"R-HSA-69278","R-HSA-69278","Cell Cycle, Mitotic","10/47","191/2914",0.000706779264372652,0.00526771420477742,0.00341764973232829,"ABL1/CSNK2A1/PLK1/RB1/AKT2/GSK3B/MAPK1/MAPK3/PRKACA/TP53",10
"R-HSA-2219528","R-HSA-2219528","PI3K/AKT Signaling in Cancer","7/47","97/2914",0.000769213509764315,0.00564484375627044,0.00366232828940419,"ESR1/LCK/PTEN/AKT2/GSK3B/FOXO3/FOXO1",7
"R-HSA-9616222","R-HSA-9616222","Transcriptional regulation of granulopoiesis","4/47","27/2914",0.000794781155485012,0.00574410016918713,0.00372672503528857,"STAT3/CEBPB/SPI1/MYB",4
"R-HSA-1989781","R-HSA-1989781","PPARA activates gene expression","5/47","47/2914",0.000811653062911085,0.00577848523893414,0.00374903378626644,"CREBBP/PPARG/SP1/ARNTL/CLOCK",5
"R-HSA-400206","R-HSA-400206","Regulation of lipid metabolism by Peroxisome proliferator-activated receptor alpha (PPARalpha)","5/47","48/2914",0.000895166939761923,0.00627933279803584,0.00407397957105272,"CREBBP/PPARG/SP1/ARNTL/CLOCK",5
"R-HSA-109606","R-HSA-109606","Intrinsic Pathway for Apoptosis","5/47","49/2914",0.00098493786720978,0.00671164803798664,0.00435446214976955,"STAT3/AKT2/MAPK1/MAPK3/TP53",5
"R-HSA-3371556","R-HSA-3371556","Cellular response to heat stress","5/47","49/2914",0.00098493786720978,0.00671164803798664,0.00435446214976955,"CREBBP/MAPKAPK2/GSK3B/MAPK1/MAPK3",5
"R-HSA-1912422","R-HSA-1912422","Pre-NOTCH Expression and Processing","4/47","29/2914",0.00105046229138629,0.00705733116889102,0.00457873852731758,"CREBBP/NOTCH1/JUN/TP53",4
"R-HSA-2871796","R-HSA-2871796","FCERI mediated MAPK activation","4/47","30/2914",0.00119782796611064,0.00793561027548299,0.00514855880170363,"JUN/MAPK1/MAPK3/FOS",4
"R-HSA-9617828","R-HSA-9617828","FOXO-mediated transcription of cell cycle genes","3/47","14/2914",0.00126421023829992,0.00826066142012413,0.00535944931593621,"SMAD3/FOXO3/FOXO1",3
"R-HSA-400253","R-HSA-400253","Circadian Clock","5/47","52/2914",0.00129470813364808,0.00834561864527208,0.00541456886618116,"CREBBP/NR3C1/ARNTL/MEF2C/CLOCK",5
"R-HSA-373760","R-HSA-373760","L1CAM interactions","5/47","53/2914",0.00141244089764274,0.0089831241090078,0.0058281771776416,"CSNK2A1/RPS6KA4/RPS6KA5/MAPK1/MAPK3",5
"R-HSA-3371453","R-HSA-3371453","Regulation of HSF1-mediated heat shock response","4/47","32/2914",0.0015350430104376,0.00960082910990429,0.00622893911135797,"MAPKAPK2/GSK3B/MAPK1/MAPK3",4
"R-HSA-1852241","R-HSA-1852241","Organelle biogenesis and maintenance","6/47","80/2914",0.00154981937413549,0.00960082910990429,0.00622893911135797,"CREBBP/MAPK14/PLK1/PRKACA/MEF2C/GABPA",6
"R-HSA-187687","R-HSA-187687","Signalling to ERKs","4/47","33/2914",0.00172626179868556,0.0104231250376331,0.00676243795887483,"MAPK14/MAPKAPK2/MAPK1/MAPK3",4
"R-HSA-68875","R-HSA-68875","Mitotic Prophase","4/47","33/2914",0.00172626179868556,0.0104231250376331,0.00676243795887483,"PLK1/RB1/MAPK1/MAPK3",4
"R-HSA-5668599","R-HSA-5668599","RHO GTPases Activate NADPH Oxidases","3/47","16/2914",0.00190134539831611,0.0113367719374598,0.00735520456717022,"MAPK14/MAPK1/MAPK3",3
"R-HSA-5687128","R-HSA-5687128","MAPK6/MAPK4 signaling","4/47","34/2914",0.00193346305281694,0.0113859490888109,0.00738711029926161,"JUN/PRKACA/FOXO3/FOXO1",4
"R-HSA-8878171","R-HSA-8878171","Transcriptional regulation by RUNX1","6/47","86/2914",0.00225406563168924,0.0131120647111679,0.00850699994501457,"ABL1/CREBBP/CSNK2A1/ESR1/SPI1/MYB",6
"R-HSA-9013695","R-HSA-9013695","NOTCH4 Intracellular Domain Regulates Transcription","3/47","17/2914",0.00228277629006096,0.0131190878356516,0.00851155649052534,"CREBBP/NOTCH1/SMAD3",3
"R-HSA-9006934","R-HSA-9006934","Signaling by Receptor Tyrosine Kinases","13/47","347/2914",0.00245141422852272,0.0139205307976826,0.00903152610508369,"ESR1/LCK/MAPK14/MAPKAPK2/RPS6KA5/STAT1/STAT3/AKT2/MAPK1/MAPK3/PRKACA/ATF1/MEF2C",13
"R-HSA-9013508","R-HSA-9013508","NOTCH3 Intracellular Domain Regulates Transcription","3/47","18/2914",0.00270849898435431,0.0151994590063177,0.00986128422786583,"CREBBP/NOTCH1/STAT1",3
"R-HSA-1592230","R-HSA-1592230","Mitochondrial biogenesis","4/47","38/2914",0.0029355366140545,0.016281987964,0.0105636201289109,"CREBBP/MAPK14/MEF2C/GABPA",4
"R-HSA-3700989","R-HSA-3700989","Transcriptional Regulation by TP53","9/47","194/2914",0.00316890880736632,0.0172379145303418,0.011183817437759,"CREBBP/CSNK2A1/MAPK14/PTEN/AKT2/JUN/TP53/FOS/BCL6",9
"R-HSA-1368108","R-HSA-1368108","BMAL1:CLOCK,NPAS2 activates circadian gene expression","3/47","19/2914",0.00318016033264167,0.0172379145303418,0.011183817437759,"CREBBP/ARNTL/CLOCK",3
"R-HSA-381340","R-HSA-381340","Transcriptional regulation of white adipocyte differentiation","4/47","40/2914",0.00354977058298724,0.0190251749223024,0.012343377308081,"CREBBP/NR2F2/PPARG/CEBPB",4
"R-HSA-437239","R-HSA-437239","Recycling pathway of L1","3/47","20/2914",0.00369929928571243,0.0193908325196135,0.0125806129554593,"RPS6KA4/RPS6KA5/MAPK1",3
"R-HSA-445144","R-HSA-445144","Signal transduction by L1","3/47","20/2914",0.00369929928571243,0.0193908325196135,0.0125806129554593,"CSNK2A1/MAPK1/MAPK3",3
"R-HSA-8986944","R-HSA-8986944","Transcriptional Regulation by MECP2","4/47","41/2914",0.00388744241057031,0.0201555438026308,0.0130767513582113,"PPARG/PTEN/PRKACA/MEF2C",4
"R-HSA-199418","R-HSA-199418","Negative regulation of the PI3K/AKT network","6/47","99/2914",0.00458630236357023,0.0235232927679892,0.0152617192404035,"ESR1/LCK/PTEN/AKT2/MAPK1/MAPK3",6
"R-HSA-1640170","R-HSA-1640170","Cell Cycle","10/47","249/2914",0.0052474240817093,0.0266278860316525,0.0172759538636342,"ABL1/CSNK2A1/PLK1/RB1/AKT2/GSK3B/MAPK1/MAPK3/PRKACA/TP53",10
"R-HSA-168249","R-HSA-168249","Innate Immune System","14/47","428/2914",0.00575701511994663,0.0289062759180478,0.0187541545181641,"ABL1/CREBBP/LCK/MAPK14/MAPKAPK2/RAF1/RPS6KA5/JUN/MAPK1/MAPK3/PRKACA/ATF1/FOS/MEF2C",14
"R-HSA-157118","R-HSA-157118","Signaling by NOTCH","6/47","104/2914",0.00584421830245261,0.0290384596903114,0.0188399142644854,"CREBBP/NOTCH1/STAT1/JUN/SMAD3/TP53",6
"R-HSA-68886","R-HSA-68886","M Phase","6/47","105/2914",0.00612350015275509,0.0301124698233421,0.0195367232220293,"CSNK2A1/PLK1/RB1/MAPK1/MAPK3/PRKACA",6
"R-HSA-5663213","R-HSA-5663213","RHO GTPases Activate WASPs and WAVEs","3/47","25/2914",0.00705390674719191,0.0336471351841054,0.0218299850913097,"ABL1/MAPK1/MAPK3",3
"R-HSA-8864260","R-HSA-8864260","Transcriptional regulation by the AP-2 (TFAP2) family of transcription factors","3/47","25/2914",0.00705390674719191,0.0336471351841054,0.0218299850913097,"CREBBP/ESR1/YY1",3
"R-HSA-8948751","R-HSA-8948751","Regulation of PTEN stability and activity","3/47","25/2914",0.00705390674719191,0.0336471351841054,0.0218299850913097,"CSNK2A1/PTEN/AKT2",3
"R-HSA-5617472","R-HSA-5617472","Activation of anterior HOX genes in hindbrain development during early embryogenesis","3/47","27/2914",0.00877085163032144,0.0402278483429166,0.0260994977663411,"CREBBP/JUN/YY1",3
"R-HSA-5619507","R-HSA-5619507","Activation of HOX genes during differentiation","3/47","27/2914",0.00877085163032144,0.0402278483429166,0.0260994977663411,"CREBBP/JUN/YY1",3
"R-HSA-5689896","R-HSA-5689896","Ovarian tumor domain proteases","3/47","27/2914",0.00877085163032144,0.0402278483429166,0.0260994977663411,"ESR1/PTEN/TP53",3
"R-HSA-8939236","R-HSA-8939236","RUNX1 regulates transcription of genes involved in differentiation of HSCs","3/47","27/2914",0.00877085163032144,0.0402278483429166,0.0260994977663411,"ABL1/SPI1/MYB",3
"R-HSA-4090294","R-HSA-4090294","SUMOylation of intracellular receptors","3/47","28/2914",0.00971339274677285,0.0441265556210538,0.02862894704312,"ESR1/NR3C1/PPARG",3
"R-HSA-111458","R-HSA-111458","Formation of apoptosome","2/47","10/2914",0.0105533981968962,0.045351089548824,0.0294234146030106,"MAPK1/MAPK3",2
"R-HSA-6804759","R-HSA-6804759","Regulation of TP53 Activity through Association with Co-factors","2/47","10/2914",0.0105533981968962,0.045351089548824,0.0294234146030106,"AKT2/TP53",2
"R-HSA-74749","R-HSA-74749","Signal attenuation","2/47","10/2914",0.0105533981968962,0.045351089548824,0.0294234146030106,"MAPK1/MAPK3",2
"R-HSA-9020956","R-HSA-9020956","Interleukin-27 signaling","2/47","10/2914",0.0105533981968962,0.045351089548824,0.0294234146030106,"STAT1/STAT3",2
"R-HSA-9020958","R-HSA-9020958","Interleukin-21 signaling","2/47","10/2914",0.0105533981968962,0.045351089548824,0.0294234146030106,"STAT1/STAT3",2
"R-HSA-9627069","R-HSA-9627069","Regulation of the apoptosome activity","2/47","10/2914",0.0105533981968962,0.045351089548824,0.0294234146030106,"MAPK1/MAPK3",2
"R-HSA-390466","R-HSA-390466","Chaperonin-mediated protein folding","3/47","30/2914",0.0117701987209558,0.0496848211495214,0.0322351040890639,"CSNK2A1/STAT3/TP53",3
"R-HSA-5633008","R-HSA-5633008","TP53 Regulates Transcription of Cell Death Genes","3/47","30/2914",0.0117701987209558,0.0496848211495214,0.0322351040890639,"CREBBP/TP53/BCL6",3
"R-HSA-1059683","R-HSA-1059683","Interleukin-6 signaling","2/47","11/2914",0.012766840068662,0.0520494248953141,0.0337692395878238,"STAT1/STAT3",2
"R-HSA-210745","R-HSA-210745","Regulation of gene expression in beta cells","2/47","11/2914",0.012766840068662,0.0520494248953141,0.0337692395878238,"AKT2/FOXO1",2
"R-HSA-8866910","R-HSA-8866910","TFAP2 (AP-2) family regulates transcription of growth factors and their receptors","2/47","11/2914",0.012766840068662,0.0520494248953141,0.0337692395878238,"ESR1/YY1",2
"R-HSA-8984722","R-HSA-8984722","Interleukin-35 Signalling","2/47","11/2914",0.012766840068662,0.0520494248953141,0.0337692395878238,"STAT1/STAT3",2
"R-HSA-391251","R-HSA-391251","Protein folding","3/47","31/2914",0.0128856707690943,0.0520886860750676,0.0337947119189449,"CSNK2A1/STAT3/TP53",3
"R-HSA-2151201","R-HSA-2151201","Transcriptional activation of mitochondrial biogenesis","3/47","32/2914",0.0140598736406795,0.0554261134430092,0.0359600073976492,"CREBBP/MEF2C/GABPA",3
"R-HSA-375165","R-HSA-375165","NCAM signaling for neurite out-growth","3/47","32/2914",0.0140598736406795,0.0554261134430092,0.0359600073976492,"RPS6KA5/MAPK1/MAPK3",3
"R-HSA-6802948","R-HSA-6802948","Signaling by high-kinase activity BRAF mutants","3/47","32/2914",0.0140598736406795,0.0554261134430092,0.0359600073976492,"RAF1/MAPK1/MAPK3",3
"R-HSA-111461","R-HSA-111461","Cytochrome c-mediated apoptotic response","2/47","12/2914",0.0151638840081925,0.0574061323167289,0.0372446273885431,"MAPK1/MAPK3",2
"R-HSA-170968","R-HSA-170968","Frs2-mediated activation","2/47","12/2914",0.0151638840081925,0.0574061323167289,0.0372446273885431,"MAPK1/MAPK3",2
"R-HSA-1839117","R-HSA-1839117","Signaling by cytosolic FGFR1 fusion mutants","2/47","12/2914",0.0151638840081925,0.0574061323167289,0.0372446273885431,"STAT1/STAT3",2
"R-HSA-202670","R-HSA-202670","ERKs are inactivated","2/47","12/2914",0.0151638840081925,0.0574061323167289,0.0372446273885431,"MAPK1/MAPK3",2
"R-HSA-210744","R-HSA-210744","Regulation of gene expression in late stage (branching morphogenesis) pancreatic bud precursor cells","2/47","12/2914",0.0151638840081925,0.0574061323167289,0.0372446273885431,"CREBBP/NOTCH1",2
"R-HSA-5674135","R-HSA-5674135","MAP2K and MAPK activation","3/47","34/2914",0.0165861159641107,0.0613300567045023,0.0397904373190415,"RAF1/MAPK1/MAPK3",3
"R-HSA-5675221","R-HSA-5675221","Negative regulation of MAPK pathway","3/47","34/2914",0.0165861159641107,0.0613300567045023,0.0397904373190415,"RAF1/MAPK1/MAPK3",3
"R-HSA-6796648","R-HSA-6796648","TP53 Regulates Transcription of DNA Repair Genes","3/47","34/2914",0.0165861159641107,0.0613300567045023,0.0397904373190415,"JUN/TP53/FOS",3
"R-HSA-983231","R-HSA-983231","Factors involved in megakaryocyte development and platelet production","4/47","62/2914",0.0167326818271664,0.0613960710119876,0.0398332668598132,"ABL1/PRKACA/TP53/MYB",4
"R-HSA-169893","R-HSA-169893","Prolonged ERK activation events","2/47","13/2914",0.0177382920785787,0.0630587730040934,0.0409120142628345,"MAPK1/MAPK3",2
"R-HSA-171007","R-HSA-171007","p38MAPK events","2/47","13/2914",0.0177382920785787,0.0630587730040934,0.0409120142628345,"MAPK14/MAPKAPK2",2
"R-HSA-198323","R-HSA-198323","AKT phosphorylates targets in the cytosol","2/47","13/2914",0.0177382920785787,0.0630587730040934,0.0409120142628345,"AKT2/GSK3B",2
"R-HSA-8941856","R-HSA-8941856","RUNX3 regulates NOTCH signaling","2/47","13/2914",0.0177382920785787,0.0630587730040934,0.0409120142628345,"CREBBP/NOTCH1",2
"R-HSA-5628897","R-HSA-5628897","TP53 Regulates Metabolic Genes","3/47","35/2914",0.017938815301885,0.0630587730040934,0.0409120142628345,"PTEN/AKT2/TP53",3
"R-HSA-422475","R-HSA-422475","Axon guidance","9/47","254/2914",0.0179790212338715,0.0630587730040934,0.0409120142628345,"ABL1/CSNK2A1/MAPK14/RPS6KA4/RPS6KA5/GSK3B/MAPK1/MAPK3/PRKACA",9
"R-HSA-1295596","R-HSA-1295596","Spry regulation of FGF signaling","2/47","14/2914",0.0204839723852919,0.0702939196243469,0.0456061179952731,"MAPK1/MAPK3",2
"R-HSA-2426168","R-HSA-2426168","Activation of gene expression by SREBF (SREBP)","2/47","14/2914",0.0204839723852919,0.0702939196243469,0.0456061179952731,"CREBBP/SP1",2
"R-HSA-6804758","R-HSA-6804758","Regulation of TP53 Activity through Acetylation","2/47","14/2914",0.0204839723852919,0.0702939196243469,0.0456061179952731,"AKT2/TP53",2
"R-HSA-9012852","R-HSA-9012852","Signaling by NOTCH3","3/47","37/2914",0.0208245587824102,0.0709522467086406,0.0460332352032226,"CREBBP/NOTCH1/STAT1",3
"R-HSA-109581","R-HSA-109581","Apoptosis","5/47","101/2914",0.0218996956686578,0.0740862044960976,0.0480665212884314,"STAT3/AKT2/MAPK1/MAPK3/TP53",5
"R-HSA-1181150","R-HSA-1181150","Signaling by NODAL","2/47","15/2914",0.0233949761481387,0.0759143103582459,0.0492525813645024,"SMAD3/FOXO3",2
"R-HSA-392517","R-HSA-392517","Rap1 signalling","2/47","15/2914",0.0233949761481387,0.0759143103582459,0.0492525813645024,"RAF1/PRKACA",2
"R-HSA-6803204","R-HSA-6803204","TP53 Regulates Transcription of Genes Involved in Cytochrome C Release","2/47","15/2914",0.0233949761481387,0.0759143103582459,0.0492525813645024,"CREBBP/TP53",2
"R-HSA-8862803","R-HSA-8862803","Deregulated CDK5 triggers multiple neurodegenerative pathways in Alzheimer's disease models","2/47","15/2914",0.0233949761481387,0.0759143103582459,0.0492525813645024,"JUN/FOXO3",2
"R-HSA-8863678","R-HSA-8863678","Neurodegenerative Diseases","2/47","15/2914",0.0233949761481387,0.0759143103582459,0.0492525813645024,"JUN/FOXO3",2
"R-HSA-9008059","R-HSA-9008059","Interleukin-37 signaling","2/47","15/2914",0.0233949761481387,0.0759143103582459,0.0492525813645024,"STAT3/SMAD3",2
"R-HSA-5357801","R-HSA-5357801","Programmed Cell Death","5/47","103/2914",0.0236311729580489,0.0761626317634415,0.0494136902536728,"STAT3/AKT2/MAPK1/MAPK3/TP53",5
"R-HSA-9013694","R-HSA-9013694","Signaling by NOTCH4","3/47","40/2914",0.0256058804119357,0.081973187627472,0.0531835311982275,"CREBBP/NOTCH1/SMAD3",3
"R-HSA-111471","R-HSA-111471","Apoptotic factor-mediated response","2/47","16/2914",0.0264654948266847,0.0836029207438982,0.054240888665356,"MAPK1/MAPK3",2
"R-HSA-8852276","R-HSA-8852276","The role of GTSE1 in G2/M progression after G2 checkpoint","2/47","16/2914",0.0264654948266847,0.0836029207438982,0.054240888665356,"PLK1/TP53",2
"R-HSA-1433557","R-HSA-1433557","Signaling by SCF-KIT","3/47","41/2914",0.0273204939383593,0.0844905152512659,0.0548167526952933,"LCK/STAT1/STAT3",3
"R-HSA-451927","R-HSA-451927","Interleukin-2 family signaling","3/47","41/2914",0.0273204939383593,0.0844905152512659,0.0548167526952933,"LCK/STAT1/STAT3",3
"R-HSA-3108232","R-HSA-3108232","SUMO E3 ligases SUMOylate target proteins","5/47","107/2914",0.0273569985422425,0.0844905152512659,0.0548167526952933,"CREBBP/ESR1/NR3C1/PPARG/TP53",5
"R-HSA-5621481","R-HSA-5621481","C-type lectin receptors (CLRs)","4/47","72/2914",0.0274549892325916,0.0844905152512659,0.0548167526952933,"CREBBP/RAF1/RPS6KA5/PRKACA",4
"R-HSA-201681","R-HSA-201681","TCF dependent signaling in response to WNT","5/47","108/2914",0.0283442207125512,0.0866679056403007,0.056229425705061,"CREBBP/CSNK2A1/AKT2/GSK3B/TCF7L2",5
"R-HSA-6802946","R-HSA-6802946","Signaling by moderate kinase activity BRAF mutants","3/47","42/2914",0.0290954304231946,0.086740751949149,0.0562766877922317,"RAF1/MAPK1/MAPK3",3
"R-HSA-6802949","R-HSA-6802949","Signaling by RAS mutants","3/47","42/2914",0.0290954304231946,0.086740751949149,0.0562766877922317,"RAF1/MAPK1/MAPK3",3
"R-HSA-6802955","R-HSA-6802955","Paradoxical activation of RAF signaling by kinase inactive BRAF","3/47","42/2914",0.0290954304231946,0.086740751949149,0.0562766877922317,"RAF1/MAPK1/MAPK3",3
"R-HSA-9649948","R-HSA-9649948","Signaling downstream of RAS mutants","3/47","42/2914",0.0290954304231946,0.086740751949149,0.0562766877922317,"RAF1/MAPK1/MAPK3",3
"R-HSA-2990846","R-HSA-2990846","SUMOylation","5/47","109/2914",0.029354067964673,0.0869682634729753,0.0564242954012021,"CREBBP/ESR1/NR3C1/PPARG/TP53",5
"R-HSA-2029482","R-HSA-2029482","Regulation of actin dynamics for phagocytic cup formation","3/47","43/2914",0.0309305614810185,0.0910733199163321,0.0590876223224134,"ABL1/MAPK1/MAPK3",3
"R-HSA-5610783","R-HSA-5610783","Degradation of GLI2 by the proteasome","2/47","18/2914",0.0330625270874696,0.0961635696385548,0.062390134555302,"GSK3B/PRKACA",2
"R-HSA-881907","R-HSA-881907","Gastrin-CREB signalling pathway via PKC and MAPK","2/47","18/2914",0.0330625270874696,0.0961635696385548,0.062390134555302,"MAPK1/MAPK3",2
"R-HSA-389513","R-HSA-389513","CTLA4 inhibitory signaling","2/47","19/2914",0.0365780996468611,0.104472049186753,0.0677806078801843,"LCK/AKT2",2
"R-HSA-5610785","R-HSA-5610785","GLI3 is processed to GLI3R by the proteasome","2/47","19/2914",0.0365780996468611,0.104472049186753,0.0677806078801843,"GSK3B/PRKACA",2
"R-HSA-383280","R-HSA-383280","Nuclear Receptor transcription pathway","3/47","46/2914",0.0367951871349572,0.104472049186753,0.0677806078801843,"ESR1/NR3C1/PPARG",3
"R-HSA-6802952","R-HSA-6802952","Signaling by BRAF and RAF fusions","3/47","46/2914",0.0367951871349572,0.104472049186753,0.0677806078801843,"RAF1/MAPK1/MAPK3",3
"R-HSA-1430728","R-HSA-1430728","Metabolism","9/47","289/2914",0.0380288628974848,0.107335902971007,0.0696386527054532,"CREBBP/CSNK2A1/MAPKAPK2/PPARG/PTEN/SP1/ARNTL/PRKACA/CLOCK",9
"R-HSA-438064","R-HSA-438064","Post NMDA receptor activation events","3/47","47/2914",0.0388689572409296,0.10906172119955,0.0707583494045406,"MAPK1/MAPK3/PRKACA",3
"R-HSA-1655829","R-HSA-1655829","Regulation of cholesterol biosynthesis by SREBP (SREBF)","2/47","20/2914",0.0402312996869887,0.111571685759847,0.0723867938064547,"CREBBP/SP1",2
"R-HSA-167044","R-HSA-167044","Signalling to RAS","2/47","20/2914",0.0402312996869887,0.111571685759847,0.0723867938064547,"MAPK14/MAPKAPK2",2
"R-HSA-5683057","R-HSA-5683057","MAPK family signaling cascades","7/47","202/2914",0.0406834414169177,0.112173419398091,0.0727771936511945,"RAF1/JUN/MAPK1/MAPK3/PRKACA/FOXO3/FOXO1",7
"R-HSA-442755","R-HSA-442755","Activation of NMDA receptors and postsynaptic events","3/47","49/2914",0.0431929114083181,0.117731535667244,0.0763832538589204,"MAPK1/MAPK3/PRKACA",3
"R-HSA-6802957","R-HSA-6802957","Oncogenic MAPK signaling","3/47","49/2914",0.0431929114083181,0.117731535667244,0.0763832538589204,"RAF1/MAPK1/MAPK3",3
"R-HSA-389357","R-HSA-389357","CD28 dependent PI3K/Akt signaling","2/47","21/2914",0.0440169785559094,0.118622026955756,0.0769609972966838,"LCK/AKT2",2
"R-HSA-450302","R-HSA-450302","activated TAK1 mediates p38 MAPK activation","2/47","21/2914",0.0440169785559094,0.118622026955756,0.0769609972966838,"MAPK14/MAPKAPK2",2
"R-HSA-109582","R-HSA-109582","Hemostasis","9/47","298/2914",0.0450332711039903,0.120679046722491,0.0782955748348501,"ABL1/LCK/MAPK14/RAF1/MAPK1/MAPK3/PRKACA/TP53/MYB",9
"R-HSA-4420097","R-HSA-4420097","VEGFA-VEGFR2 Pathway","4/47","85/2914",0.0464474582685603,0.123773394380465,0.0803031621932181,"MAPK14/MAPKAPK2/AKT2/PRKACA",4
"R-HSA-5688426","R-HSA-5688426","Deubiquitination","5/47","124/2914",0.0473027666286663,0.125352331565966,0.0813275636773562,"ESR1/PTEN/SMAD3/TP53/YY1",5
"R-HSA-201722","R-HSA-201722","Formation of the beta-catenin:TCF transactivating complex","2/47","22/2914",0.0479301116667357,0.125619028928752,0.0815005947369595,"CREBBP/TCF7L2",2
"R-HSA-442742","R-HSA-442742","CREB1 phosphorylation through NMDA receptor-mediated activation of RAS signaling","2/47","22/2914",0.0479301116667357,0.125619028928752,0.0815005947369595,"MAPK1/MAPK3",2
"R-HSA-2454202","R-HSA-2454202","Fc epsilon receptor (FCERI) signaling","4/47","87/2914",0.0498892671116208,0.129212554034534,0.0838320443256161,"JUN/MAPK1/MAPK3/FOS",4
"R-HSA-74751","R-HSA-74751","Insulin receptor signalling cascade","3/47","52/2914",0.050113883640228,0.129212554034534,0.0838320443256161,"AKT2/MAPK1/MAPK3",3
"R-HSA-74752","R-HSA-74752","Signaling by Insulin receptor","3/47","52/2914",0.050113883640228,0.129212554034534,0.0838320443256161,"AKT2/MAPK1/MAPK3",3
"R-HSA-112409","R-HSA-112409","RAF-independent MAPK1/3 activation","2/47","23/2914",0.0519657959725957,0.13255446352368,0.0860002477677633,"MAPK1/MAPK3",2
"R-HSA-6783589","R-HSA-6783589","Interleukin-6 family signaling","2/47","23/2914",0.0519657959725957,0.13255446352368,0.0860002477677633,"STAT1/STAT3",2
"R-HSA-195258","R-HSA-195258","RHO GTPase Effectors","5/47","130/2914",0.0559942523163939,0.1394212554784,0.0904553660171018,"ABL1/MAPK14/PLK1/MAPK1/MAPK3",5
"R-HSA-1839124","R-HSA-1839124","FGFR1 mutant receptor activation","2/47","24/2914",0.0561192474881611,0.1394212554784,0.0904553660171018,"STAT1/STAT3",2
"R-HSA-2173796","R-HSA-2173796","SMAD2/SMAD3:SMAD4 heterotrimer regulates transcription","2/47","24/2914",0.0561192474881611,0.1394212554784,0.0904553660171018,"SP1/SMAD3",2
"R-HSA-2559586","R-HSA-2559586","DNA Damage/Telomere Stress Induced Senescence","2/47","24/2914",0.0561192474881611,0.1394212554784,0.0904553660171018,"RB1/TP53",2
"R-HSA-8854691","R-HSA-8854691","Interleukin-20 family signaling","2/47","24/2914",0.0561192474881611,0.1394212554784,0.0904553660171018,"STAT1/STAT3",2
"R-HSA-194138","R-HSA-194138","Signaling by VEGF","4/47","92/2914",0.0590998730970723,0.144743849521411,0.0939086213379564,"MAPK14/MAPKAPK2/AKT2/PRKACA",4
"R-HSA-6811558","R-HSA-6811558","PI5P, PP2A and IER3 Regulate PI3K/AKT Signaling","4/47","92/2914",0.0590998730970723,0.144743849521411,0.0939086213379564,"ESR1/LCK/MAPK1/MAPK3",4
"R-HSA-6804756","R-HSA-6804756","Regulation of TP53 Activity through Phosphorylation","3/47","56/2914",0.0601339133028845,0.144743849521411,0.0939086213379564,"CSNK2A1/MAPK14/TP53",3
"R-HSA-68877","R-HSA-68877","Mitotic Prometaphase","3/47","56/2914",0.0601339133028845,0.144743849521411,0.0939086213379564,"CSNK2A1/PLK1/PRKACA",3
"R-HSA-380259","R-HSA-380259","Loss of Nlp from mitotic centrosomes","2/47","25/2914",0.060385798856941,0.144743849521411,0.0939086213379564,"PLK1/PRKACA",2
"R-HSA-380284","R-HSA-380284","Loss of proteins required for interphase microtubule organization from the centrosome","2/47","25/2914",0.060385798856941,0.144743849521411,0.0939086213379564,"PLK1/PRKACA",2
"R-HSA-456926","R-HSA-456926","Thrombin signalling through proteinase activated receptors (PARs)","2/47","25/2914",0.060385798856941,0.144743849521411,0.0939086213379564,"MAPK1/MAPK3",2
"R-HSA-111996","R-HSA-111996","Ca-dependent events","2/47","26/2914",0.0647608969635559,0.152075745642551,0.0986654953523337,"MAPK1/PRKACA",2
"R-HSA-350054","R-HSA-350054","Notch-HLH transcription pathway","2/47","26/2914",0.0647608969635559,0.152075745642551,0.0986654953523337,"CREBBP/NOTCH1",2
"R-HSA-380320","R-HSA-380320","Recruitment of NuMA to mitotic centrosomes","2/47","26/2914",0.0647608969635559,0.152075745642551,0.0986654953523337,"PLK1/PRKACA",2
"R-HSA-8854518","R-HSA-8854518","AURKA Activation by TPX2","2/47","26/2914",0.0647608969635559,0.152075745642551,0.0986654953523337,"PLK1/PRKACA",2
"R-HSA-5633007","R-HSA-5633007","Regulation of TP53 Activity","4/47","95/2914",0.0650386836710281,0.152075745642551,0.0986654953523337,"CSNK2A1/MAPK14/AKT2/TP53",4
"R-HSA-380270","R-HSA-380270","Recruitment of mitotic centrosome proteins and complexes","2/47","27/2914",0.0692401005902147,0.159553275273104,0.103516855192083,"PLK1/PRKACA",2
"R-HSA-380287","R-HSA-380287","Centrosome maturation","2/47","27/2914",0.0692401005902147,0.159553275273104,0.103516855192083,"PLK1/PRKACA",2
"R-HSA-5654732","R-HSA-5654732","Negative regulation of FGFR3 signaling","2/47","27/2914",0.0692401005902147,0.159553275273104,0.103516855192083,"MAPK1/MAPK3",2
"R-HSA-5620912","R-HSA-5620912","Anchoring of the basal body to the plasma membrane","2/47","28/2914",0.0738190781166333,0.167674763150638,0.108786009856091,"PLK1/PRKACA",2
"R-HSA-5654733","R-HSA-5654733","Negative regulation of FGFR4 signaling","2/47","28/2914",0.0738190781166333,0.167674763150638,0.108786009856091,"MAPK1/MAPK3",2
"R-HSA-8957322","R-HSA-8957322","Metabolism of steroids","2/47","28/2914",0.0738190781166333,0.167674763150638,0.108786009856091,"CREBBP/SP1",2
"R-HSA-2029480","R-HSA-2029480","Fcgamma receptor (FCGR) dependent phagocytosis","3/47","62/2914",0.0767865256810771,0.173588496444899,0.112622791470375,"ABL1/MAPK1/MAPK3",3
"R-HSA-114452","R-HSA-114452","Activation of BH3-only proteins","2/47","29/2914",0.0784936052626453,0.174146277722241,0.112984675384175,"AKT2/TP53",2
"R-HSA-186763","R-HSA-186763","Downstream signal transduction","2/47","29/2914",0.0784936052626453,0.174146277722241,0.112984675384175,"STAT1/STAT3",2
"R-HSA-6804757","R-HSA-6804757","Regulation of TP53 Degradation","2/47","29/2914",0.0784936052626453,0.174146277722241,0.112984675384175,"AKT2/TP53",2
"R-HSA-6806003","R-HSA-6806003","Regulation of TP53 Expression and Degradation","2/47","29/2914",0.0784936052626453,0.174146277722241,0.112984675384175,"AKT2/TP53",2
"R-HSA-1483257","R-HSA-1483257","Phospholipid metabolism","2/47","30/2914",0.083259562872766,0.183017564471472,0.118740293400889,"CSNK2A1/PTEN",2
"R-HSA-5654726","R-HSA-5654726","Negative regulation of FGFR1 signaling","2/47","30/2914",0.083259562872766,0.183017564471472,0.118740293400889,"MAPK1/MAPK3",2
"R-HSA-3769402","R-HSA-3769402","Deactivation of the beta-catenin transactivating complex","2/47","31/2914",0.0881129347419847,0.189323738161832,0.122831687122539,"AKT2/TCF7L2",2
"R-HSA-389356","R-HSA-389356","CD28 co-stimulation","2/47","31/2914",0.0881129347419847,0.189323738161832,0.122831687122539,"LCK/AKT2",2
"R-HSA-450531","R-HSA-450531","Regulation of mRNA stability by proteins that bind AU-rich elements","2/47","31/2914",0.0881129347419847,0.189323738161832,0.122831687122539,"MAPK14/MAPKAPK2",2
"R-HSA-4791275","R-HSA-4791275","Signaling by WNT in cancer","2/47","31/2914",0.0881129347419847,0.189323738161832,0.122831687122539,"GSK3B/TCF7L2",2
"R-HSA-5655302","R-HSA-5655302","Signaling by FGFR1 in disease","2/47","31/2914",0.0881129347419847,0.189323738161832,0.122831687122539,"STAT1/STAT3",2
"R-HSA-69275","R-HSA-69275","G2/M Transition","3/47","66/2914",0.0889078579374577,0.19017510419806,0.123384046417808,"PLK1/PRKACA/TP53",3
"R-HSA-447115","R-HSA-447115","Interleukin-12 family signaling","2/47","32/2914",0.0930498054820717,0.197265587621992,0.127984293856042,"STAT1/STAT3",2
"R-HSA-5654727","R-HSA-5654727","Negative regulation of FGFR2 signaling","2/47","32/2914",0.0930498054820717,0.197265587621992,0.127984293856042,"MAPK1/MAPK3",2
"R-HSA-453274","R-HSA-453274","Mitotic G2-G2/M phases","3/47","68/2914",0.0952567935068706,0.201050842932643,0.130440136427666,"PLK1/PRKACA/TP53",3
"R-HSA-76002","R-HSA-76002","Platelet activation, signaling and aggregation","5/47","153/2914",0.0974092041695848,0.204688063387189,0.132799935199898,"LCK/MAPK14/RAF1/MAPK1/MAPK3",5
"R-HSA-112040","R-HSA-112040","G-protein mediated events","2/47","34/2914",0.103158873581671,0.212098201286453,0.13760757183762,"MAPK1/PRKACA",2
"R-HSA-112043","R-HSA-112043","PLC beta mediated events","2/47","34/2914",0.103158873581671,0.212098201286453,0.13760757183762,"MAPK1/PRKACA",2
"R-HSA-1169408","R-HSA-1169408","ISG15 antiviral mechanism","2/47","34/2914",0.103158873581671,0.212098201286453,0.13760757183762,"STAT1/MAPK3",2
"R-HSA-3214847","R-HSA-3214847","HATs acetylate histones","2/47","34/2914",0.103158873581671,0.212098201286453,0.13760757183762,"CREBBP/CLOCK",2
"R-HSA-5693565","R-HSA-5693565","Recruitment and ATM-mediated phosphorylation of repair and signaling proteins at DNA double strand breaks","2/47","34/2914",0.103158873581671,0.212098201286453,0.13760757183762,"ABL1/TP53",2
"R-HSA-69242","R-HSA-69242","S Phase","3/47","71/2914",0.105122917697459,0.215208719921408,0.139625650793102,"RB1/AKT2/GSK3B",3
"R-HSA-1169410","R-HSA-1169410","Antiviral mechanism by IFN-stimulated genes","2/47","35/2914",0.108323725598628,0.218942445383667,0.142048061222108,"STAT1/MAPK3",2
"R-HSA-5610787","R-HSA-5610787","Hedgehog 'off' state","2/47","35/2914",0.108323725598628,0.218942445383667,0.142048061222108,"GSK3B/PRKACA",2
"R-HSA-5693606","R-HSA-5693606","DNA Double Strand Break Response","2/47","35/2914",0.108323725598628,0.218942445383667,0.142048061222108,"ABL1/TP53",2
"R-HSA-2173793","R-HSA-2173793","Transcriptional activity of SMAD2/SMAD3:SMAD4 heterotrimer","2/47","36/2914",0.113557381806481,0.228552198825703,0.148282790366891,"SP1/SMAD3",2
"R-HSA-195253","R-HSA-195253","Degradation of beta-catenin by the destruction complex","2/47","37/2914",0.118856400265,0.236227095526687,0.15326220034171,"GSK3B/TCF7L2",2
"R-HSA-2565942","R-HSA-2565942","Regulation of PLK1 Activity at G2/M Transition","2/47","37/2914",0.118856400265,0.236227095526687,0.15326220034171,"PLK1/PRKACA",2
"R-HSA-5654741","R-HSA-5654741","Signaling by FGFR3","2/47","37/2914",0.118856400265,0.236227095526687,0.15326220034171,"MAPK1/MAPK3",2
"R-HSA-5654743","R-HSA-5654743","Signaling by FGFR4","2/47","38/2914",0.12421742786085,0.245857730662346,0.159510477357894,"MAPK1/MAPK3",2
"R-HSA-112314","R-HSA-112314","Neurotransmitter receptors and postsynaptic signal transmission","3/47","77/2914",0.126007962672116,0.247348963763783,0.160477977152272,"MAPK1/MAPK3/PRKACA",3
"R-HSA-453279","R-HSA-453279","Mitotic G1-G1/S phases","3/47","77/2914",0.126007962672116,0.247348963763783,0.160477977152272,"ABL1/RB1/AKT2",3
"R-HSA-69202","R-HSA-69202","Cyclin E associated events during G1/S transition ","2/47","39/2914",0.129637198438476,0.253430096947349,0.164423366440518,"RB1/AKT2",2
"R-HSA-2122947","R-HSA-2122947","NOTCH1 Intracellular Domain Regulates Transcription","2/47","40/2914",0.135112530966189,0.259873698672871,0.168603922343207,"CREBBP/NOTCH1",2
"R-HSA-69231","R-HSA-69231","Cyclin D associated events in G1","2/47","40/2914",0.135112530966189,0.259873698672871,0.168603922343207,"ABL1/RB1",2
"R-HSA-69236","R-HSA-69236","G1 Phase","2/47","40/2914",0.135112530966189,0.259873698672871,0.168603922343207,"ABL1/RB1",2
"R-HSA-69656","R-HSA-69656","Cyclin A:Cdk2-associated events at S phase entry","2/47","40/2914",0.135112530966189,0.259873698672871,0.168603922343207,"RB1/AKT2",2
"R-HSA-5689880","R-HSA-5689880","Ub-specific processing proteases","3/47","80/2914",0.136981457082812,0.26241026115864,0.170249623260819,"PTEN/SMAD3/TP53",3
"R-HSA-5654736","R-HSA-5654736","Signaling by FGFR1","2/47","41/2914",0.140640327736847,0.267669903520326,0.173662036047613,"MAPK1/MAPK3",2
"R-HSA-195721","R-HSA-195721","Signaling by WNT","5/47","172/2914",0.140849362229773,0.267669903520326,0.173662036047613,"CREBBP/CSNK2A1/AKT2/GSK3B/TCF7L2",5
"R-HSA-5617833","R-HSA-5617833","Cilium Assembly","2/47","42/2914",0.146217572602529,0.27676897671193,0.179565440038194,"PLK1/PRKACA",2
"R-HSA-110056","R-HSA-110056","MAPK3 (ERK1) activation","1/47","10/2914",0.150288945927503,0.278940961896571,0.180974606195723,"MAPK3",1
"R-HSA-113501","R-HSA-113501","Inhibition of replication initiation of damaged DNA by RB1/E2F1","1/47","10/2914",0.150288945927503,0.278940961896571,0.180974606195723,"RB1",1
"R-HSA-164938","R-HSA-164938","Nef-mediates down modulation of cell surface receptors by recruiting them to clathrin adapters","1/47","10/2914",0.150288945927503,0.278940961896571,0.180974606195723,"LCK",1
"R-HSA-5250924","R-HSA-5250924","B-WICH complex positively regulates rRNA expression","1/47","10/2914",0.150288945927503,0.278940961896571,0.180974606195723,"GSK3B",1
"R-HSA-8934903","R-HSA-8934903","Receptor Mediated Mitophagy","1/47","10/2914",0.150288945927503,0.278940961896571,0.180974606195723,"CSNK2A1",1
"R-HSA-202424","R-HSA-202424","Downstream TCR signaling","2/47","43/2914",0.151841329242603,0.28072989941365,0.182135254171054,"LCK/PTEN",2
"R-HSA-1226099","R-HSA-1226099","Signaling by FGFR in disease","2/47","45/2914",0.163217021537313,0.287675116385608,0.18664125392777,"STAT1/STAT3",2
"R-HSA-113510","R-HSA-113510","E2F mediated regulation of DNA replication","1/47","11/2914",0.164041156513387,0.287675116385608,0.18664125392777,"RB1",1
"R-HSA-1358803","R-HSA-1358803","Downregulation of ERBB2:ERBB3 signaling","1/47","11/2914",0.164041156513387,0.287675116385608,0.18664125392777,"AKT2",1
"R-HSA-163615","R-HSA-163615","PKA activation","1/47","11/2914",0.164041156513387,0.287675116385608,0.18664125392777,"PRKACA",1
"R-HSA-210990","R-HSA-210990","PECAM1 interactions","1/47","11/2914",0.164041156513387,0.287675116385608,0.18664125392777,"LCK",1
"R-HSA-2586552","R-HSA-2586552","Signaling by Leptin","1/47","11/2914",0.164041156513387,0.287675116385608,0.18664125392777,"STAT3",1
"R-HSA-3371568","R-HSA-3371568","Attenuation phase","1/47","11/2914",0.164041156513387,0.287675116385608,0.18664125392777,"CREBBP",1
"R-HSA-349425","R-HSA-349425","Autodegradation of the E3 ubiquitin ligase COP1","1/47","11/2914",0.164041156513387,0.287675116385608,0.18664125392777,"TP53",1
"R-HSA-380994","R-HSA-380994","ATF4 activates genes in response to endoplasmic reticulum  stress","1/47","11/2914",0.164041156513387,0.287675116385608,0.18664125392777,"CEBPB",1
"R-HSA-452723","R-HSA-452723","Transcriptional regulation of pluripotent stem cells","1/47","11/2914",0.164041156513387,0.287675116385608,0.18664125392777,"STAT3",1
"R-HSA-6803207","R-HSA-6803207","TP53 Regulates Transcription of Caspase Activators and Caspases","1/47","11/2914",0.164041156513387,0.287675116385608,0.18664125392777,"TP53",1
"R-HSA-6804116","R-HSA-6804116","TP53 Regulates Transcription of Genes Involved in G1 Cell Cycle Arrest","1/47","11/2914",0.164041156513387,0.287675116385608,0.18664125392777,"TP53",1
"R-HSA-75815","R-HSA-75815","Ubiquitin-dependent degradation of Cyclin D","1/47","11/2914",0.164041156513387,0.287675116385608,0.18664125392777,"GSK3B",1
"R-HSA-8978868","R-HSA-8978868","Fatty acid metabolism","1/47","11/2914",0.164041156513387,0.287675116385608,0.18664125392777,"MAPKAPK2",1
"R-HSA-112315","R-HSA-112315","Transmission across Chemical Synapses","3/47","88/2914",0.167760406094712,0.293119830429222,0.190173739702507,"MAPK1/MAPK3/PRKACA",3
"R-HSA-8848021","R-HSA-8848021","Signaling by PTK6","2/47","47/2914",0.174745446836254,0.294109345710454,0.19081572909384,"NR3C1/STAT3",2
"R-HSA-9006927","R-HSA-9006927","Signaling by Non-Receptor Tyrosine Kinases","2/47","47/2914",0.174745446836254,0.294109345710454,0.19081572909384,"NR3C1/STAT3",2
"R-HSA-1483206","R-HSA-1483206","Glycerophospholipid biosynthesis","1/47","12/2914",0.177575454013859,0.294109345710454,0.19081572909384,"CSNK2A1",1
"R-HSA-1502540","R-HSA-1502540","Signaling by Activin","1/47","12/2914",0.177575454013859,0.294109345710454,0.19081572909384,"SMAD3",1
"R-HSA-202427","R-HSA-202427","Phosphorylation of CD3 and TCR zeta chains","1/47","12/2914",0.177575454013859,0.294109345710454,0.19081572909384,"LCK",1
"R-HSA-2691230","R-HSA-2691230","Signaling by NOTCH1 HD Domain Mutants in Cancer","1/47","12/2914",0.177575454013859,0.294109345710454,0.19081572909384,"NOTCH1",1
"R-HSA-2691232","R-HSA-2691232","Constitutive Signaling by NOTCH1 HD Domain Mutants","1/47","12/2914",0.177575454013859,0.294109345710454,0.19081572909384,"NOTCH1",1
"R-HSA-381771","R-HSA-381771","Synthesis, secretion, and inactivation of Glucagon-like Peptide-1 (GLP-1)","1/47","12/2914",0.177575454013859,0.294109345710454,0.19081572909384,"TCF7L2",1
"R-HSA-389359","R-HSA-389359","CD28 dependent Vav1 pathway","1/47","12/2914",0.177575454013859,0.294109345710454,0.19081572909384,"LCK",1
"R-HSA-389948","R-HSA-389948","PD-1 signaling","1/47","12/2914",0.177575454013859,0.294109345710454,0.19081572909384,"LCK",1
"R-HSA-442720","R-HSA-442720","CREB1 phosphorylation through the activation of Adenylate Cyclase","1/47","12/2914",0.177575454013859,0.294109345710454,0.19081572909384,"PRKACA",1
"R-HSA-8963898","R-HSA-8963898","Plasma lipoprotein assembly","1/47","12/2914",0.177575454013859,0.294109345710454,0.19081572909384,"PRKACA",1
"R-HSA-9005891","R-HSA-9005891","Loss of function of MECP2 in Rett syndrome","1/47","12/2914",0.177575454013859,0.294109345710454,0.19081572909384,"PRKACA",1
"R-HSA-9005895","R-HSA-9005895","Pervasive developmental disorders","1/47","12/2914",0.177575454013859,0.294109345710454,0.19081572909384,"PRKACA",1
"R-HSA-9020558","R-HSA-9020558","Interleukin-2 signaling","1/47","12/2914",0.177575454013859,0.294109345710454,0.19081572909384,"LCK",1
"R-HSA-186797","R-HSA-186797","Signaling by PDGF","2/47","49/2914",0.186405819150243,0.302515012463582,0.196269256679451,"STAT1/STAT3",2
"R-HSA-111931","R-HSA-111931","PKA-mediated phosphorylation of CREB","1/47","13/2914",0.190895217508466,0.302515012463582,0.196269256679451,"PRKACA",1
"R-HSA-1368082","R-HSA-1368082","RORA activates gene expression","1/47","13/2914",0.190895217508466,0.302515012463582,0.196269256679451,"CREBBP",1
"R-HSA-3906995","R-HSA-3906995","Diseases associated with O-glycosylation of proteins","1/47","13/2914",0.190895217508466,0.302515012463582,0.196269256679451,"NOTCH1",1
"R-HSA-4839735","R-HSA-4839735","AXIN mutants destabilize the destruction complex, activating WNT signaling","1/47","13/2914",0.190895217508466,0.302515012463582,0.196269256679451,"GSK3B",1
"R-HSA-4839744","R-HSA-4839744","truncated APC mutants destabilize the destruction complex","1/47","13/2914",0.190895217508466,0.302515012463582,0.196269256679451,"GSK3B",1
"R-HSA-4839748","R-HSA-4839748","AMER1 mutants destabilize the destruction complex","1/47","13/2914",0.190895217508466,0.302515012463582,0.196269256679451,"GSK3B",1
"R-HSA-5467337","R-HSA-5467337","APC truncation mutants have impaired AXIN binding","1/47","13/2914",0.190895217508466,0.302515012463582,0.196269256679451,"GSK3B",1
"R-HSA-5467340","R-HSA-5467340","AXIN missense mutants destabilize the destruction complex","1/47","13/2914",0.190895217508466,0.302515012463582,0.196269256679451,"GSK3B",1
"R-HSA-5467348","R-HSA-5467348","Truncations of AMER1 destabilize the destruction complex","1/47","13/2914",0.190895217508466,0.302515012463582,0.196269256679451,"GSK3B",1
"R-HSA-6804760","R-HSA-6804760","Regulation of TP53 Activity through Methylation","1/47","13/2914",0.190895217508466,0.302515012463582,0.196269256679451,"TP53",1
"R-HSA-6807505","R-HSA-6807505","RNA polymerase II transcribes snRNA genes","1/47","13/2914",0.190895217508466,0.302515012463582,0.196269256679451,"SP1",1
"R-HSA-8876198","R-HSA-8876198","RAB GEFs exchange GTP for GDP on RABs","1/47","13/2914",0.190895217508466,0.302515012463582,0.196269256679451,"AKT2",1
"R-HSA-5654738","R-HSA-5654738","Signaling by FGFR2","2/47","50/2914",0.192279297914528,0.303699420878245,0.197037691135836,"MAPK1/MAPK3",2
"R-HSA-2644602","R-HSA-2644602","Signaling by NOTCH1 PEST Domain Mutants in Cancer","2/47","51/2914",0.198178474403996,0.30600566223845,0.198533961597935,"CREBBP/NOTCH1",2
"R-HSA-2644603","R-HSA-2644603","Signaling by NOTCH1 in Cancer","2/47","51/2914",0.198178474403996,0.30600566223845,0.198533961597935,"CREBBP/NOTCH1",2
"R-HSA-2644606","R-HSA-2644606","Constitutive Signaling by NOTCH1 PEST Domain Mutants","2/47","51/2914",0.198178474403996,0.30600566223845,0.198533961597935,"CREBBP/NOTCH1",2
"R-HSA-2894858","R-HSA-2894858","Signaling by NOTCH1 HD+PEST Domain Mutants in Cancer","2/47","51/2914",0.198178474403996,0.30600566223845,0.198533961597935,"CREBBP/NOTCH1",2
"R-HSA-2894862","R-HSA-2894862","Constitutive Signaling by NOTCH1 HD+PEST Domain Mutants","2/47","51/2914",0.198178474403996,0.30600566223845,0.198533961597935,"CREBBP/NOTCH1",2
"R-HSA-381042","R-HSA-381042","PERK regulates gene expression","1/47","14/2914",0.204003774825633,0.30600566223845,0.198533961597935,"CEBPB",1
"R-HSA-400508","R-HSA-400508","Incretin synthesis, secretion, and inactivation","1/47","14/2914",0.204003774825633,0.30600566223845,0.198533961597935,"TCF7L2",1
"R-HSA-4839743","R-HSA-4839743","phosphorylation site mutants of CTNNB1 are not targeted to the proteasome by the destruction complex","1/47","14/2914",0.204003774825633,0.30600566223845,0.198533961597935,"GSK3B",1
"R-HSA-5339716","R-HSA-5339716","Misspliced GSK3beta mutants stabilize beta-catenin","1/47","14/2914",0.204003774825633,0.30600566223845,0.198533961597935,"GSK3B",1
"R-HSA-5358747","R-HSA-5358747","S33 mutants of beta-catenin aren't phosphorylated","1/47","14/2914",0.204003774825633,0.30600566223845,0.198533961597935,"GSK3B",1
"R-HSA-5358749","R-HSA-5358749","S37 mutants of beta-catenin aren't phosphorylated","1/47","14/2914",0.204003774825633,0.30600566223845,0.198533961597935,"GSK3B",1
"R-HSA-5358751","R-HSA-5358751","S45 mutants of beta-catenin aren't phosphorylated","1/47","14/2914",0.204003774825633,0.30600566223845,0.198533961597935,"GSK3B",1
"R-HSA-5358752","R-HSA-5358752","T41 mutants of beta-catenin aren't phosphorylated","1/47","14/2914",0.204003774825633,0.30600566223845,0.198533961597935,"GSK3B",1
"R-HSA-877312","R-HSA-877312","Regulation of IFNG signaling","1/47","14/2914",0.204003774825633,0.30600566223845,0.198533961597935,"STAT1",1
"R-HSA-8983432","R-HSA-8983432","Interleukin-15 signaling","1/47","14/2914",0.204003774825633,0.30600566223845,0.198533961597935,"STAT3",1
"R-HSA-918233","R-HSA-918233","TRAF3-dependent IRF activation pathway","1/47","14/2914",0.204003774825633,0.30600566223845,0.198533961597935,"CREBBP",1
"R-HSA-388841","R-HSA-388841","Costimulation by the CD28 family","2/47","53/2914",0.210044822442664,0.314079562085112,0.203772241538172,"LCK/AKT2",2
"R-HSA-111447","R-HSA-111447","Activation of BAD and translocation to mitochondria ","1/47","15/2914",0.216904403302597,0.315437196266276,0.204653063449818,"AKT2",1
"R-HSA-1433559","R-HSA-1433559","Regulation of KIT signaling","1/47","15/2914",0.216904403302597,0.315437196266276,0.204653063449818,"LCK",1
"R-HSA-1660499","R-HSA-1660499","Synthesis of PIPs at the plasma membrane","1/47","15/2914",0.216904403302597,0.315437196266276,0.204653063449818,"PTEN",1
"R-HSA-176412","R-HSA-176412","Phosphorylation of the APC/C","1/47","15/2914",0.216904403302597,0.315437196266276,0.204653063449818,"PLK1",1
"R-HSA-3371497","R-HSA-3371497","HSP90 chaperone cycle for steroid hormone receptors (SHR)","1/47","15/2914",0.216904403302597,0.315437196266276,0.204653063449818,"NR3C1",1
"R-HSA-432142","R-HSA-432142","Platelet sensitization by LDL","1/47","15/2914",0.216904403302597,0.315437196266276,0.204653063449818,"MAPK14",1
"R-HSA-5250913","R-HSA-5250913","Positive epigenetic regulation of rRNA expression","1/47","15/2914",0.216904403302597,0.315437196266276,0.204653063449818,"GSK3B",1
"R-HSA-6804114","R-HSA-6804114","TP53 Regulates Transcription of Genes Involved in G2 Cell Cycle Arrest","1/47","15/2914",0.216904403302597,0.315437196266276,0.204653063449818,"TP53",1
"R-HSA-69541","R-HSA-69541","Stabilization of p53","1/47","15/2914",0.216904403302597,0.315437196266276,0.204653063449818,"TP53",1
"R-HSA-190236","R-HSA-190236","Signaling by FGFR","2/47","55/2914",0.221987300860466,0.320872553061946,0.208179478318906,"MAPK1/MAPK3",2
"R-HSA-5358351","R-HSA-5358351","Signaling by Hedgehog","2/47","55/2914",0.221987300860466,0.320872553061946,0.208179478318906,"GSK3B/PRKACA",2
"R-HSA-196299","R-HSA-196299","Beta-catenin phosphorylation cascade","1/47","16/2914",0.229600330534324,0.327902268457702,0.212740299959317,"GSK3B",1
"R-HSA-3232118","R-HSA-3232118","SUMOylation of transcription factors","1/47","16/2914",0.229600330534324,0.327902268457702,0.212740299959317,"TP53",1
"R-HSA-392451","R-HSA-392451","G beta:gamma signalling through PI3Kgamma","1/47","16/2914",0.229600330534324,0.327902268457702,0.212740299959317,"AKT2",1
"R-HSA-5205647","R-HSA-5205647","Mitophagy","1/47","16/2914",0.229600330534324,0.327902268457702,0.212740299959317,"CSNK2A1",1
"R-HSA-112316","R-HSA-112316","Neuronal System","3/47","105/2914",0.238789435897135,0.34000764454607,0.220594168589969,"MAPK1/MAPK3/PRKACA",3
"R-HSA-163359","R-HSA-163359","Glucagon signaling in metabolic regulation","1/47","17/2914",0.24209473511158,0.340646574183551,0.221008700893664,"PRKACA",1
"R-HSA-164952","R-HSA-164952","The role of Nef in HIV-1 replication and disease pathogenesis","1/47","17/2914",0.24209473511158,0.340646574183551,0.221008700893664,"LCK",1
"R-HSA-418592","R-HSA-418592","ADP signalling through P2Y purinoceptor 1","1/47","17/2914",0.24209473511158,0.340646574183551,0.221008700893664,"MAPK14",1
"R-HSA-5696394","R-HSA-5696394","DNA Damage Recognition in GG-NER","1/47","17/2914",0.24209473511158,0.340646574183551,0.221008700893664,"YY1",1
"R-HSA-111885","R-HSA-111885","Opioid Signalling","2/47","59/2914",0.246035273172853,0.344160778015986,0.223288687491338,"MAPK1/PRKACA",2
"R-HSA-202403","R-HSA-202403","TCR signaling","2/47","59/2914",0.246035273172853,0.344160778015986,0.223288687491338,"LCK/PTEN",2
"R-HSA-69206","R-HSA-69206","G1/S Transition","2/47","60/2914",0.252070071829821,0.349695638285693,0.226879659397536,"RB1/AKT2",2
"R-HSA-1483255","R-HSA-1483255","PI Metabolism","1/47","18/2914",0.254390747348292,0.349695638285693,0.226879659397536,"PTEN",1
"R-HSA-202433","R-HSA-202433","Generation of second messenger molecules","1/47","18/2914",0.254390747348292,0.349695638285693,0.226879659397536,"LCK",1
"R-HSA-5610780","R-HSA-5610780","Degradation of GLI1 by the proteasome","1/47","18/2914",0.254390747348292,0.349695638285693,0.226879659397536,"PRKACA",1
"R-HSA-69273","R-HSA-69273","Cyclin A/B1/B2 associated events during G2/M transition","1/47","18/2914",0.254390747348292,0.349695638285693,0.226879659397536,"PLK1",1
"R-HSA-8939243","R-HSA-8939243","RUNX1 interacts with co-factors whose precise effect on RUNX1 targets is not known","1/47","18/2914",0.254390747348292,0.349695638285693,0.226879659397536,"CSNK2A1",1
"R-HSA-2980766","R-HSA-2980766","Nuclear Envelope Breakdown","1/47","19/2914",0.266491449998372,0.363189776140638,0.235634545261718,"PLK1",1
"R-HSA-3371571","R-HSA-3371571","HSF1-dependent transactivation","1/47","19/2914",0.266491449998372,0.363189776140638,0.235634545261718,"CREBBP",1
"R-HSA-6814122","R-HSA-6814122","Cooperation of PDCL (PhLP1) and TRiC/CCT in G-protein beta folding","1/47","19/2914",0.266491449998372,0.363189776140638,0.235634545261718,"CSNK2A1",1
"R-HSA-170834","R-HSA-170834","Signaling by TGF-beta Receptor Complex","2/47","63/2914",0.27020080130777,0.367195960751585,0.238233724949721,"SP1/SMAD3",2
"R-HSA-1980143","R-HSA-1980143","Signaling by NOTCH1","2/47","64/2914",0.276247631402807,0.369907360069458,0.239992858568731,"CREBBP/NOTCH1",2
"R-HSA-376176","R-HSA-376176","Signaling by ROBO receptors","2/47","64/2914",0.276247631402807,0.369907360069458,0.239992858568731,"ABL1/PRKACA",2
"R-HSA-2173795","R-HSA-2173795","Downregulation of SMAD2/3:SMAD4 transcriptional activity","1/47","20/2914",0.278399878962129,0.369907360069458,0.239992858568731,"SMAD3",1
"R-HSA-5578775","R-HSA-5578775","Ion homeostasis","1/47","20/2914",0.278399878962129,0.369907360069458,0.239992858568731,"PRKACA",1
"R-HSA-70171","R-HSA-70171","Glycolysis","1/47","20/2914",0.278399878962129,0.369907360069458,0.239992858568731,"PRKACA",1
"R-HSA-70326","R-HSA-70326","Glucose metabolism","1/47","20/2914",0.278399878962129,0.369907360069458,0.239992858568731,"PRKACA",1
"R-HSA-73854","R-HSA-73854","RNA Polymerase I Promoter Clearance","1/47","20/2914",0.278399878962129,0.369907360069458,0.239992858568731,"MAPK3",1
"R-HSA-73864","R-HSA-73864","RNA Polymerase I Transcription","1/47","20/2914",0.278399878962129,0.369907360069458,0.239992858568731,"MAPK3",1
"R-HSA-3781865","R-HSA-3781865","Diseases of glycosylation","1/47","21/2914",0.29011902398244,0.383342865483722,0.248709704186725,"NOTCH1",1
"R-HSA-397795","R-HSA-397795","G-protein beta:gamma signalling","1/47","21/2914",0.29011902398244,0.383342865483722,0.248709704186725,"AKT2",1
"R-HSA-597592","R-HSA-597592","Post-translational protein modification","8/47","393/2914",0.295393757311674,0.388886277272418,0.252306224248242,"CREBBP/ESR1/NR3C1/PPARG/PTEN/SMAD3/TP53/YY1",8
"R-HSA-1266695","R-HSA-1266695","Interleukin-7 signaling","1/47","22/2914",0.301651829330807,0.388886277272418,0.252306224248242,"STAT3",1
"R-HSA-180024","R-HSA-180024","DARPP-32 events","1/47","22/2914",0.301651829330807,0.388886277272418,0.252306224248242,"PRKACA",1
"R-HSA-2173788","R-HSA-2173788","Downregulation of TGF-beta receptor signaling","1/47","22/2914",0.301651829330807,0.388886277272418,0.252306224248242,"SMAD3",1
"R-HSA-432040","R-HSA-432040","Vasopressin regulates renal water homeostasis via Aquaporins","1/47","22/2914",0.301651829330807,0.388886277272418,0.252306224248242,"PRKACA",1
"R-HSA-445717","R-HSA-445717","Aquaporin-mediated transport","1/47","22/2914",0.301651829330807,0.388886277272418,0.252306224248242,"PRKACA",1
"R-HSA-69563","R-HSA-69563","p53-Dependent G1 DNA Damage Response","1/47","22/2914",0.301651829330807,0.388886277272418,0.252306224248242,"TP53",1
"R-HSA-69580","R-HSA-69580","p53-Dependent G1/S DNA damage checkpoint","1/47","22/2914",0.301651829330807,0.388886277272418,0.252306224248242,"TP53",1
"R-HSA-9022692","R-HSA-9022692","Regulation of MECP2 expression and activity","1/47","22/2914",0.301651829330807,0.388886277272418,0.252306224248242,"PRKACA",1
"R-HSA-194315","R-HSA-194315","Signaling by Rho GTPases","5/47","228/2914",0.305067005148511,0.392229006619514,0.254474959607497,"ABL1/MAPK14/PLK1/MAPK1/MAPK3",5
"R-HSA-392518","R-HSA-392518","Signal amplification","1/47","23/2914",0.313001194483453,0.40027230500967,0.259693385573967,"MAPK14",1
"R-HSA-5685938","R-HSA-5685938","HDR through Single Strand Annealing (SSA)","1/47","23/2914",0.313001194483453,0.40027230500967,0.259693385573967,"ABL1",1
"R-HSA-1234174","R-HSA-1234174","Cellular response to hypoxia","1/47","24/2914",0.324169974787596,0.407288792614964,0.264245625132515,"CREBBP",1
"R-HSA-2172127","R-HSA-2172127","DAP12 interactions","1/47","24/2914",0.324169974787596,0.407288792614964,0.264245625132515,"LCK",1
"R-HSA-2424491","R-HSA-2424491","DAP12 signaling","1/47","24/2914",0.324169974787596,0.407288792614964,0.264245625132515,"LCK",1
"R-HSA-69615","R-HSA-69615","G1/S DNA Damage Checkpoints","1/47","24/2914",0.324169974787596,0.407288792614964,0.264245625132515,"TP53",1
"R-HSA-8863795","R-HSA-8863795","Downregulation of ERBB2 signaling","1/47","24/2914",0.324169974787596,0.407288792614964,0.264245625132515,"AKT2",1
"R-HSA-912694","R-HSA-912694","Regulation of IFNA signaling","1/47","24/2914",0.324169974787596,0.407288792614964,0.264245625132515,"STAT1",1
"R-HSA-2219530","R-HSA-2219530","Constitutive Signaling by Aberrant PI3K in Cancer","2/47","72/2914",0.324464866234143,0.407288792614964,0.264245625132515,"ESR1/LCK",2
"R-HSA-111933","R-HSA-111933","Calmodulin induced events","1/47","25/2914",0.33516098211804,0.416332782474753,0.270113291509604,"PRKACA",1
"R-HSA-111997","R-HSA-111997","CaM pathway","1/47","25/2914",0.33516098211804,0.416332782474753,0.270113291509604,"PRKACA",1
"R-HSA-5218920","R-HSA-5218920","VEGFR2 mediated vascular permeability","1/47","25/2914",0.33516098211804,0.416332782474753,0.270113291509604,"AKT2",1
"R-HSA-9007101","R-HSA-9007101","Rab regulation of trafficking","1/47","25/2914",0.33516098211804,0.416332782474753,0.270113291509604,"AKT2",1
"R-HSA-1445148","R-HSA-1445148","Translocation of SLC2A4 (GLUT4) to the plasma membrane","1/47","26/2914",0.345976985524219,0.428652005441695,0.278105902239564,"AKT2",1
"R-HSA-1251985","R-HSA-1251985","Nuclear signaling by ERBB4","1/47","27/2914",0.356620711867835,0.437295834346933,0.283713947474343,"ESR1",1
"R-HSA-165159","R-HSA-165159","mTOR signalling","1/47","27/2914",0.356620711867835,0.437295834346933,0.283713947474343,"AKT2",1
"R-HSA-2122948","R-HSA-2122948","Activated NOTCH1 Transmits Signal to the Nucleus","1/47","27/2914",0.356620711867835,0.437295834346933,0.283713947474343,"NOTCH1",1
"R-HSA-5689603","R-HSA-5689603","UCH proteinases","1/47","27/2914",0.356620711867835,0.437295834346933,0.283713947474343,"YY1",1
"R-HSA-9607240","R-HSA-9607240","FLT3 Signaling","4/47","188/2914",0.360092341574548,0.440420633156563,0.285741291289925,"RAF1/AKT2/MAPK1/MAPK3",4
"R-HSA-114604","R-HSA-114604","GPVI-mediated activation cascade","1/47","28/2914",0.367094846451212,0.443301877866401,0.287610619204947,"LCK",1
"R-HSA-174178","R-HSA-174178","APC/C:Cdh1 mediated degradation of Cdc20 and other APC/C:Cdh1 targeted proteins in late mitosis/early G1","1/47","28/2914",0.367094846451212,0.443301877866401,0.287610619204947,"PLK1",1
"R-HSA-2173789","R-HSA-2173789","TGF-beta receptor signaling activates SMADs","1/47","28/2914",0.367094846451212,0.443301877866401,0.287610619204947,"SMAD3",1
"R-HSA-381676","R-HSA-381676","Glucagon-like Peptide-1 (GLP1) regulates insulin secretion","1/47","28/2914",0.367094846451212,0.443301877866401,0.287610619204947,"PRKACA",1
"R-HSA-933541","R-HSA-933541","TRAF6 mediated IRF7 activation","1/47","28/2914",0.367094846451212,0.443301877866401,0.287610619204947,"CREBBP",1
"R-HSA-141424","R-HSA-141424","Amplification of signal from the kinetochores","1/47","29/2914",0.377402033636518,0.450517011601018,0.292291738741475,"PLK1",1
"R-HSA-141444","R-HSA-141444","Amplification  of signal from unattached  kinetochores via a MAD2  inhibitory signal","1/47","29/2914",0.377402033636518,0.450517011601018,0.292291738741475,"PLK1",1
"R-HSA-381119","R-HSA-381119","Unfolded Protein Response (UPR)","1/47","29/2914",0.377402033636518,0.450517011601018,0.292291738741475,"CEBPB",1
"R-HSA-5673000","R-HSA-5673000","RAF activation","1/47","29/2914",0.377402033636518,0.450517011601018,0.292291738741475,"RAF1",1
"R-HSA-5693532","R-HSA-5693532","DNA Double-Strand Break Repair","2/47","81/2914",0.377792043271294,0.450517011601018,0.292291738741475,"ABL1/TP53",2
"R-HSA-446652","R-HSA-446652","Interleukin-1 family signaling","2/47","82/2914",0.383624892513969,0.456331854686192,0.296064361199913,"STAT3/SMAD3",2
"R-HSA-1489509","R-HSA-1489509","DAG and IP3 signaling","1/47","30/2914",0.387544877455958,0.456441744559239,0.296135656847438,"PRKACA",1
"R-HSA-176814","R-HSA-176814","Activation of APC/C and APC/C:Cdc20 mediated degradation of mitotic proteins","1/47","30/2914",0.387544877455958,0.456441744559239,0.296135656847438,"PLK1",1
"R-HSA-4641262","R-HSA-4641262","Disassembly of the destruction complex and recruitment of AXIN to the membrane","1/47","30/2914",0.387544877455958,0.456441744559239,0.296135656847438,"GSK3B",1
"R-HSA-6791312","R-HSA-6791312","TP53 Regulates Transcription of Cell Cycle Genes","1/47","30/2914",0.387544877455958,0.456441744559239,0.296135656847438,"TP53",1
"R-HSA-174824","R-HSA-174824","Plasma lipoprotein assembly, remodeling, and clearance","1/47","31/2914",0.397525942213091,0.467044025703557,0.303014329817601,"PRKACA",1
"R-HSA-9006936","R-HSA-9006936","Signaling by TGF-beta family members","2/47","86/2914",0.406730150631982,0.476237446610188,0.308978945831172,"SP1/SMAD3",2
"R-HSA-8853659","R-HSA-8853659","RET signaling","1/47","32/2914",0.407347753075381,0.476237446610188,0.308978945831172,"PRKACA",1
"R-HSA-168638","R-HSA-168638","NOD1/2 Signaling Pathway","1/47","33/2914",0.417012796658121,0.486344997569496,0.31553664191864,"MAPK14",1
"R-HSA-176408","R-HSA-176408","Regulation of APC/C activators between G1/S and early anaphase","1/47","34/2914",0.426523521599832,0.492619176278741,0.319607277559196,"PLK1",1
"R-HSA-1834949","R-HSA-1834949","Cytosolic sensors of pathogen-associated DNA ","1/47","34/2914",0.426523521599832,0.492619176278741,0.319607277559196,"CREBBP",1
"R-HSA-2500257","R-HSA-2500257","Resolution of Sister Chromatid Cohesion","1/47","34/2914",0.426523521599832,0.492619176278741,0.319607277559196,"PLK1",1
"R-HSA-2672351","R-HSA-2672351","Stimuli-sensing channels","1/47","34/2914",0.426523521599832,0.492619176278741,0.319607277559196,"RAF1",1
"R-HSA-373752","R-HSA-373752","Netrin-1 signaling","1/47","35/2914",0.435882339129279,0.501002110276304,0.325046056319615,"MAPK14",1
"R-HSA-5576891","R-HSA-5576891","Cardiac conduction","1/47","35/2914",0.435882339129279,0.501002110276304,0.325046056319615,"PRKACA",1
"R-HSA-212165","R-HSA-212165","Epigenetic regulation of gene expression","1/47","37/2914",0.454153713161973,0.519499571170889,0.337047057098624,"GSK3B",1
"R-HSA-3899300","R-HSA-3899300","SUMOylation of transcription cofactors","1/47","37/2914",0.454153713161973,0.519499571170889,0.337047057098624,"CREBBP",1
"R-HSA-373755","R-HSA-373755","Semaphorin interactions","1/47","38/2914",0.463070910062003,0.528432593539654,0.342842728678491,"GSK3B",1
"R-HSA-913531","R-HSA-913531","Interferon Signaling","2/47","97/2914",0.468097353014759,0.532880597786922,0.345728557319552,"STAT1/MAPK3",2
"R-HSA-73894","R-HSA-73894","DNA Repair","3/47","157/2914",0.469203042076535,0.532880597786922,0.345728557319552,"ABL1/TP53/YY1",3
"R-HSA-983712","R-HSA-983712","Ion channel transport","1/47","39/2914",0.471845481420517,0.534608775861251,0.346849785067213,"RAF1",1
"R-HSA-174143","R-HSA-174143","APC/C-mediated degradation of cell cycle proteins","1/47","40/2914",0.480479659637294,0.540539617091956,0.35069766617022,"PLK1",1
"R-HSA-4086398","R-HSA-4086398","Ca2+ pathway","1/47","40/2914",0.480479659637294,0.540539617091956,0.35069766617022,"TCF7L2",1
"R-HSA-453276","R-HSA-453276","Regulation of mitotic cell cycle","1/47","40/2914",0.480479659637294,0.540539617091956,0.35069766617022,"PLK1",1
"R-HSA-109704","R-HSA-109704","PI3K Cascade","1/47","42/2914",0.497335595869739,0.55169553309271,0.357935532890338,"AKT2",1
"R-HSA-2980736","R-HSA-2980736","Peptide hormone metabolism","1/47","42/2914",0.497335595869739,0.55169553309271,0.357935532890338,"TCF7L2",1
"R-HSA-418346","R-HSA-418346","Platelet homeostasis","1/47","42/2914",0.497335595869739,0.55169553309271,0.357935532890338,"MAPK14",1
"R-HSA-6783783","R-HSA-6783783","Interleukin-10 signaling","1/47","42/2914",0.497335595869739,0.55169553309271,0.357935532890338,"STAT3",1
"R-HSA-69618","R-HSA-69618","Mitotic Spindle Checkpoint","1/47","42/2914",0.497335595869739,0.55169553309271,0.357935532890338,"PLK1",1
"R-HSA-909733","R-HSA-909733","Interferon alpha/beta signaling","1/47","42/2914",0.497335595869739,0.55169553309271,0.357935532890338,"STAT1",1
"R-HSA-1227986","R-HSA-1227986","Signaling by ERBB2","1/47","44/2914",0.513655903566644,0.565851884529536,0.367120057490199,"AKT2",1
"R-HSA-1236394","R-HSA-1236394","Signaling by ERBB4","1/47","44/2914",0.513655903566644,0.565851884529536,0.367120057490199,"ESR1",1
"R-HSA-71387","R-HSA-71387","Metabolism of carbohydrates","1/47","44/2914",0.513655903566644,0.565851884529536,0.367120057490199,"PRKACA",1
"R-HSA-422356","R-HSA-422356","Regulation of insulin secretion","1/47","45/2914",0.521620423612765,0.571499777895711,0.370784364341474,"PRKACA",1
"R-HSA-512988","R-HSA-512988","Interleukin-3, Interleukin-5 and GM-CSF signaling","1/47","45/2914",0.521620423612765,0.571499777895711,0.370784364341474,"PRKACA",1
"R-HSA-5673001","R-HSA-5673001","RAF/MAP kinase cascade","3/47","171/2914",0.527441875471478,0.571499777895711,0.370784364341474,"RAF1/MAPK1/MAPK3",3
"R-HSA-1280218","R-HSA-1280218","Adaptive Immune System","5/47","296/2914",0.527694059858207,0.571499777895711,0.370784364341474,"LCK/PTEN/RAF1/AKT2/PRKACA",5
"R-HSA-112399","R-HSA-112399","IRS-mediated signalling","1/47","46/2914",0.529457244836258,0.571499777895711,0.370784364341474,"AKT2",1
"R-HSA-5696399","R-HSA-5696399","Global Genome Nucleotide Excision Repair (GG-NER)","1/47","46/2914",0.529457244836258,0.571499777895711,0.370784364341474,"YY1",1
"R-HSA-69473","R-HSA-69473","G2/M DNA damage checkpoint","1/47","46/2914",0.529457244836258,0.571499777895711,0.370784364341474,"TP53",1
"R-HSA-3247509","R-HSA-3247509","Chromatin modifying enzymes","2/47","109/2914",0.53076394467044,0.571499777895711,0.370784364341474,"CREBBP/CLOCK",2
"R-HSA-4839726","R-HSA-4839726","Chromatin organization","2/47","109/2914",0.53076394467044,0.571499777895711,0.370784364341474,"CREBBP/CLOCK",2
"R-HSA-8953854","R-HSA-8953854","Metabolism of RNA","2/47","109/2914",0.53076394467044,0.571499777895711,0.370784364341474,"MAPK14/MAPKAPK2",2
"R-HSA-5663220","R-HSA-5663220","RHO GTPases Activate Formins","1/47","47/2914",0.537168370879736,0.575796208785694,0.373571853432625,"PLK1",1
"R-HSA-877300","R-HSA-877300","Interferon gamma signaling","1/47","47/2914",0.537168370879736,0.575796208785694,0.373571853432625,"STAT1",1
"R-HSA-168643","R-HSA-168643","Nucleotide-binding domain, leucine rich repeat containing receptor (NLR) signaling pathways","1/47","48/2914",0.544755774635806,0.582619965249505,0.377999050608749,"MAPK14",1
"R-HSA-5684996","R-HSA-5684996","MAPK1/MAPK3 signaling","3/47","177/2914",0.551373778330688,0.587967873178386,0.381468729370949,"RAF1/MAPK1/MAPK3",3
"R-HSA-162909","R-HSA-162909","Host Interactions of HIV factors","1/47","49/2914",0.552221398708422,0.587967873178386,0.381468729370949,"LCK",1
"R-HSA-69620","R-HSA-69620","Cell Cycle Checkpoints","2/47","114/2914",0.555418671687285,0.590055025378252,0.382822856584367,"PLK1/TP53",2
"R-HSA-2428928","R-HSA-2428928","IRS-related events triggered by IGF1R","1/47","50/2914",0.559567155867481,0.59314118521953,0.384825131754478,"AKT2",1
"R-HSA-2404192","R-HSA-2404192","Signaling by Type 1 Insulin-like Growth Factor 1 Receptor (IGF1R)","1/47","51/2914",0.56679492949675,0.598144206570686,0.388071050936294,"AKT2",1
"R-HSA-2428924","R-HSA-2428924","IGF1R signaling cascade","1/47","51/2914",0.56679492949675,0.598144206570686,0.388071050936294,"AKT2",1
"R-HSA-1632852","R-HSA-1632852","Macroautophagy","1/47","53/2914",0.580903915412005,0.610332968395432,0.395979019548179,"CSNK2A1",1
"R-HSA-397014","R-HSA-397014","Muscle contraction","1/47","53/2914",0.580903915412005,0.610332968395432,0.395979019548179,"PRKACA",1
"R-HSA-382551","R-HSA-382551","Transport of small molecules","2/47","121/2914",0.588429995377589,0.616881555593648,0.400227689163704,"RAF1/PRKACA",2
"R-HSA-163685","R-HSA-163685","Integration of energy metabolism","1/47","55/2914",0.594562852412095,0.620583108535163,0.402629226325362,"PRKACA",1
"R-HSA-5696398","R-HSA-5696398","Nucleotide Excision Repair","1/47","55/2914",0.594562852412095,0.620583108535163,0.402629226325362,"YY1",1
"R-HSA-2467813","R-HSA-2467813","Separation of Sister Chromatids","1/47","56/2914",0.601227961169224,0.626169732484105,0.40625378208171,"PLK1",1
"R-HSA-6798695","R-HSA-6798695","Neutrophil degranulation","2/47","125/2914",0.606493538959257,0.6302775993106,0.40891893235643,"MAPK14/MAPK1",2
"R-HSA-5693567","R-HSA-5693567","HDR through Homologous Recombination (HRR) or Single Strand Annealing (SSA)","1/47","59/2914",0.620586363730302,0.643521077172509,0.417511192074848,"ABL1",1
"R-HSA-68882","R-HSA-68882","Mitotic Anaphase","1/47","60/2914",0.626832402576073,0.648587974032075,0.420798553162154,"PLK1",1
"R-HSA-2555396","R-HSA-2555396","Mitotic Metaphase and Anaphase","1/47","61/2914",0.632977769457266,0.652117486028328,0.423088471570845,"PLK1",1
"R-HSA-9612973","R-HSA-9612973","Autophagy","1/47","61/2914",0.632977769457266,0.652117486028328,0.423088471570845,"CSNK2A1",1
"R-HSA-6806834","R-HSA-6806834","Signaling by MET","1/47","62/2914",0.639024052259757,0.65551499554388,0.425292747853692,"STAT3",1
"R-HSA-69481","R-HSA-69481","G2/M Checkpoints","1/47","62/2914",0.639024052259757,0.65551499554388,0.425292747853692,"TP53",1
"R-HSA-5693538","R-HSA-5693538","Homology Directed Repair","1/47","63/2914",0.644972814371886,0.660197494539463,0.428330714762445,"ABL1",1
"R-HSA-168928","R-HSA-168928","DDX58/IFIH1-mediated induction of interferon-alpha/beta","1/47","66/2914",0.662249250707503,0.67643017684685,0.438862345786106,"CREBBP",1
"R-HSA-202733","R-HSA-202733","Cell surface interactions at the vascular wall","1/47","69/2914",0.678702007579655,0.691753969263879,0.448804296510163,"LCK",1
"R-HSA-3858494","R-HSA-3858494","Beta-catenin independent WNT signaling","1/47","76/2914",0.714101315648177,0.726282148324478,0.471205895635875,"TCF7L2",1
"R-HSA-162906","R-HSA-162906","HIV Infection","1/47","80/2914",0.732584569401099,0.743495403413456,0.482373714230511,"LCK",1
"R-HSA-416476","R-HSA-416476","G alpha (q) signalling events","2/47","165/2914",0.755640470754735,0.765266464012758,0.496498599624298,"MAPK1/MAPK3",2
"R-HSA-418594","R-HSA-418594","G alpha (i) signalling events","2/47","217/2914",0.876182770983096,0.8842778878956,0.573712234450638,"MAPK1/PRKACA",2
"R-HSA-5663205","R-HSA-5663205","Infectious disease","1/47","126/2914",0.876862559695218,0.8842778878956,0.573712234450638,"LCK",1
"R-HSA-199991","R-HSA-199991","Membrane Trafficking","1/47","144/2914",0.909411616603351,0.915167386328689,0.593753087455886,"AKT2",1
"R-HSA-5653656","R-HSA-5653656","Vesicle-mediated transport","1/47","160/2914",0.931161325605446,0.935082004871153,0.606673528483105,"AKT2",1
"R-HSA-388396","R-HSA-388396","GPCR downstream signalling","4/47","436/2914",0.937049765614944,0.939018357559513,0.609227401792998,"AKT2/MAPK1/MAPK3/PRKACA",4
"R-HSA-372790","R-HSA-372790","Signaling by GPCR","4/47","486/2914",0.96636801735583,0.96636801735583,0.626971636549959,"AKT2/MAPK1/MAPK3/PRKACA",4
