"","Gene set","Overlap","pValue","pAdj"
"1","#upgenes.DNA_0","YY1","0.999541162632921",1
"2","#upgenes.ERS_0","GSK3A, ATF3","0.686086429605657",1
"3","#upgenes.HTS_0","","1",1
"4","#upgenes.HYP_0","BHLHE40, CXCR4, EGR1, HDAC1, JUN, RELA, TP53","0.382273294343502",1
"5","#upgenes.MTL_0","","1",1
"6","#upgenes.OXD_0","MYB, SRC, SMAD3, CAMKK2","0.594665472084415",1
"7","#upgenes.DNA_0.25","YY1","0.999327428231597",1
"8","#upgenes.ERS_0.25","GSK3A, ATF3","0.637913999420016",1
"9","#upgenes.HTS_0.25","","1",1
"10","#upgenes.HYP_0.25","BHLHE40, CXCR4, EGR1, HDAC1, JUN, RELA, TP53","0.296397748067248",1
"11","#upgenes.MTL_0.25","","1",1
"12","#upgenes.OXD_0.25","SRC, SMAD3, CAMKK2","0.731081827551128",1
"13","#upgenes.DNA_0.45","","1",1
"14","#upgenes.ERS_0.45","GSK3A, ATF3","0.48757796159852",1
"15","#upgenes.HTS_0.45","","1",1
"16","#upgenes.HYP_0.45","BHLHE40, CXCR4, EGR1, JUN, RELA","0.528820867615425",1
"17","#upgenes.MTL_0.45","","1",1
"18","#upgenes.OXD_0.45","SRC, SMAD3","0.834126906397143",1
"19","#upgenes.DNA_0.5","","1",1
"20","#upgenes.ERS_0.5","GSK3A, ATF3","0.48757796159852",1
"21","#upgenes.HTS_0.5","","1",1
"22","#upgenes.HYP_0.5","BHLHE40, CXCR4, EGR1, JUN, RELA","0.528820867615425",1
"23","#upgenes.MTL_0.5","","1",1
"24","#upgenes.OXD_0.5","SRC, SMAD3","0.834126906397143",1
"25","#upgenes.DNA_0.65","","1",1
"26","#upgenes.ERS_0.65","GSK3A, ATF3","0.398807935902021",1
"27","#upgenes.HTS_0.65","","1",1
"28","#upgenes.HYP_0.65","BHLHE40, CXCR4, EGR1, JUN, RELA","0.389838266666796",1
"29","#upgenes.MTL_0.65","","1",1
"30","#upgenes.OXD_0.65","SMAD3","0.863760789750367",1
"31","#upgenes.DNA_0.75","","1",1
"32","#upgenes.ERS_0.75","ATF3","0.685562734982202",1
"33","#upgenes.HTS_0.75","","1",1
"34","#upgenes.HYP_0.75","BHLHE40, CXCR4, JUN","0.51727017188894",1
"35","#upgenes.MTL_0.75","","1",1
"36","#upgenes.OXD_0.75","SMAD3","0.863760789750367",1
"37","#upgenes.DNA_0.85","","1",1
"38","#upgenes.ERS_0.85","ATF3","0.613042927157731",1
"39","#upgenes.HTS_0.85","","1",1
"40","#upgenes.HYP_0.85","BHLHE40, CXCR4, JUN","0.214086625270063",1
"41","#upgenes.MTL_0.85","","1",1
"42","#upgenes.OXD_0.85","","1",1
"43","#upgenes.DNA_0.95","","1",1
"44","#upgenes.ERS_0.95","ATF3","0.479575954914695",1
"45","#upgenes.HTS_0.95","","1",1
"46","#upgenes.HYP_0.95","BHLHE40, CXCR4, JUN","0.214086625270063",1
"47","#upgenes.MTL_0.95","","1",1
"48","#upgenes.OXD_0.95","","1",1
"49","#upgenes.DNA_1","","1",1
"50","#upgenes.ERS_1","ATF3","0.479575954914695",1
"51","#upgenes.HTS_1","","1",1
"52","#upgenes.HYP_1","BHLHE40, CXCR4, JUN","0.214086625270063",1
"53","#upgenes.MTL_1","","1",1
"54","#upgenes.OXD_1","","1",1
"55","#dngenes.DNA_0","YY1","0.999541162632921",1
"56","#dngenes.ERS_0","GSK3A, ATF3","0.686086429605657",1
"57","#dngenes.HTS_0","","1",1
"58","#dngenes.HYP_0","BHLHE40, CXCR4, EGR1, HDAC1, JUN, RELA, TP53","0.382273294343502",1
"59","#dngenes.MTL_0","","1",1
"60","#dngenes.OXD_0","MYB, SRC, SMAD3, CAMKK2","0.594665472084415",1
"61","#dngenes.DNA_0.25","YY1","0.99258408293557",1
"62","#dngenes.ERS_0.25","GSK3A","0.713310744314897",1
"63","#dngenes.HTS_0.25","","1",1
"64","#dngenes.HYP_0.25","EGR1, HDAC1, RELA, TP53","0.419242354145489",1
"65","#dngenes.MTL_0.25","","1",1
"66","#dngenes.OXD_0.25","MYB, SRC, SMAD3, CAMKK2","0.489497852436917",1
"67","#dngenes.DNA_0.45","YY1","0.93318969881791",1
"68","#dngenes.ERS_0.45","","1",1
"69","#dngenes.HTS_0.45","","1",1
"70","#dngenes.HYP_0.45","HDAC1, TP53","0.576710995326713",1
"71","#dngenes.MTL_0.45","","1",1
"72","#dngenes.OXD_0.45","MYB, SRC, CAMKK2","0.379859743596266",1
"73","#dngenes.DNA_0.5","YY1","0.93318969881791",1
"74","#dngenes.ERS_0.5","","1",1
"75","#dngenes.HTS_0.5","","1",1
"76","#dngenes.HYP_0.5","HDAC1, TP53","0.576710995326713",1
"77","#dngenes.MTL_0.5","","1",1
"78","#dngenes.OXD_0.5","MYB, SRC, CAMKK2","0.379859743596266",1
"79","#dngenes.DNA_0.65","YY1","0.656871271179399",1
"80","#dngenes.ERS_0.65","","1",1
"81","#dngenes.HTS_0.65","","1",1
"82","#dngenes.HYP_0.65","HDAC1, TP53","0.33647282445225",1
"83","#dngenes.MTL_0.65","","1",1
"84","#dngenes.OXD_0.65","MYB, CAMKK2","0.250371548959248",1
"85","#dngenes.DNA_0.75","YY1","0.656871271179399",1
"86","#dngenes.ERS_0.75","","1",1
"87","#dngenes.HTS_0.75","","1",1
"88","#dngenes.HYP_0.75","","1",1
"89","#dngenes.MTL_0.75","","1",1
"90","#dngenes.OXD_0.75","MYB, CAMKK2","0.250371548959248",1
"91","#dngenes.DNA_0.85","","1",1
"92","#dngenes.ERS_0.85","","1",1
"93","#dngenes.HTS_0.85","","1",1
"94","#dngenes.HYP_0.85","","1",1
"95","#dngenes.MTL_0.85","","1",1
"96","#dngenes.OXD_0.85","MYB","0.320818805589108",1
"97","#dngenes.DNA_0.95","","1",1
"98","#dngenes.ERS_0.95","","1",1
"99","#dngenes.HTS_0.95","","1",1
"100","#dngenes.HYP_0.95","","1",1
"101","#dngenes.MTL_0.95","","1",1
"102","#dngenes.OXD_0.95","MYB","0.320818805589108",1
"103","#dngenes.DNA_1","","1",1
"104","#dngenes.ERS_1","","1",1
"105","#dngenes.HTS_1","","1",1
"106","#dngenes.HYP_1","","1",1
"107","#dngenes.MTL_1","","1",1
"108","#dngenes.OXD_1","MYB","0.320818805589108",1
