"","ID","Description","GeneRatio","BgRatio","pvalue","p.adjust","qvalue","geneID","Count"
"R-HSA-212436","R-HSA-212436","Generic Transcription Pathway","33/53","481/2914",4.53171296885089e-14,2.23866620661234e-11,1.61233577207537e-11,"CTNNB1/AR/BRCA1/UBE2D3/SMAD2/SMAD3/SMAD1/RARA/SMAD4/AKT1/PRKAA1/CSNK2A2/MAPK1/WWTR1/GATA2/MAX/STK11/RB1/TP73/E2F1/NR0B2/CASP6/TGFB1/GSK3B/CSNK2A1/HDAC1/HDAC4/NFATC2/CREB1/PPP2R5C/MAPK14/YWHAZ/LAMTOR3",33
"R-HSA-73857","R-HSA-73857","RNA Polymerase II Transcription","33/53","499/2914",1.37576289273354e-13,3.39813434505185e-11,2.44740977759967e-11,"CTNNB1/AR/BRCA1/UBE2D3/SMAD2/SMAD3/SMAD1/RARA/SMAD4/AKT1/PRKAA1/CSNK2A2/MAPK1/WWTR1/GATA2/MAX/STK11/RB1/TP73/E2F1/NR0B2/CASP6/TGFB1/GSK3B/CSNK2A1/HDAC1/HDAC4/NFATC2/CREB1/PPP2R5C/MAPK14/YWHAZ/LAMTOR3",33
"R-HSA-8941326","R-HSA-8941326","RUNX2 regulates bone development","7/53","24/2914",1.19746430439827e-07,1.97182455457582e-05,1.42015064872497e-05,"AR/SMAD1/SMAD4/MAPK1/WWTR1/RB1/HDAC4",7
"R-HSA-8878166","R-HSA-8878166","Transcriptional regulation by RUNX2","9/53","62/2914",1.05000460307805e-06,0.000119366384130782,8.59702489584577e-05,"AR/SMAD1/SMAD4/AKT1/MAPK1/WWTR1/RB1/GSK3B/HDAC4",9
"R-HSA-170834","R-HSA-170834","Signaling by TGF-beta Receptor Complex","9/53","63/2914",1.20816178270022e-06,0.000119366384130782,8.59702489584577e-05,"UBE2D3/SMAD2/SMAD3/SMAD4/PPP1CB/WWTR1/TGFB1/HDAC1/FKBP1A",9
"R-HSA-5675221","R-HSA-5675221","Negative regulation of MAPK pathway","7/53","34/2914",1.61866599343461e-06,0.000133270166792783,9.59840536457718e-05,"MAPK1/DUSP10/DUSP2/DUSP8/PPP2R5C/DUSP9/DUSP7",7
"R-HSA-9006936","R-HSA-9006936","Signaling by TGF-beta family members","10/53","86/2914",2.04214166795922e-06,0.000133441215006454,9.61072462650361e-05,"UBE2D3/SMAD2/SMAD3/SMAD1/SMAD4/PPP1CB/WWTR1/TGFB1/HDAC1/FKBP1A",10
"R-HSA-112409","R-HSA-112409","RAF-independent MAPK1/3 activation","6/53","23/2914",2.16099133613691e-06,0.000133441215006454,9.61072462650361e-05,"MAPK1/DUSP10/DUSP2/DUSP8/DUSP9/DUSP7",6
"R-HSA-3700989","R-HSA-3700989","Transcriptional Regulation by TP53","14/53","194/2914",5.02502426736824e-06,0.000254357044048479,0.000183193438926883,"BRCA1/AKT1/PRKAA1/CSNK2A2/STK11/TP73/E2F1/CASP6/CSNK2A1/HDAC1/PPP2R5C/MAPK14/YWHAZ/LAMTOR3",14
"R-HSA-5633007","R-HSA-5633007","Regulation of TP53 Activity","10/53","95/2914",5.14892801717569e-06,0.000254357044048479,0.000183193438926883,"BRCA1/AKT1/PRKAA1/CSNK2A2/STK11/TP73/CSNK2A1/HDAC1/PPP2R5C/MAPK14",10
"R-HSA-2173789","R-HSA-2173789","TGF-beta receptor signaling activates SMADs","6/53","28/2914",7.52159528947995e-06,0.000337788006636645,0.000243282220846337,"SMAD2/SMAD3/SMAD4/PPP1CB/TGFB1/FKBP1A",6
"R-HSA-2173795","R-HSA-2173795","Downregulation of SMAD2/3:SMAD4 transcriptional activity","5/53","20/2914",2.07193321798571e-05,0.000796417367008961,0.000573596995629723,"UBE2D3/SMAD2/SMAD3/SMAD4/HDAC1",5
"R-HSA-9614085","R-HSA-9614085","FOXO-mediated transcription","7/53","49/2914",2.09583517633937e-05,0.000796417367008961,0.000573596995629723,"SMAD2/SMAD3/SMAD4/AKT1/STK11/HDAC1/YWHAZ",7
"R-HSA-1266738","R-HSA-1266738","Developmental Biology","19/53","397/2914",3.23856161040618e-05,0.00114274959681475,0.000823032950614503,"CTNNB1/SMAD2/SMAD3/RARA/SMAD4/AKT1/CSNK2A2/MAPK1/GATA2/E2F1/TGFB1/WNT1/GSK3B/CSNK2A1/RELA/KDM6A/TDGF1/CREB1/MAPK14",19
"R-HSA-2173793","R-HSA-2173793","Transcriptional activity of SMAD2/SMAD3:SMAD4 heterotrimer","6/53","36/2914",3.4781624488265e-05,0.00114547483314686,0.00082499572470411,"UBE2D3/SMAD2/SMAD3/SMAD4/WWTR1/HDAC1",6
"R-HSA-5663202","R-HSA-5663202","Diseases of signal transduction","15/53","268/2914",4.85677610210215e-05,0.00149952962152404,0.00107999363323061,"CTNNB1/SMAD2/SMAD3/SMAD4/AKT1/MAPK1/TGFB1/GSK3B/HDAC1/HDAC4/FGF19/FKBP1A/CREB1/PPP2R5C/PORCN",15
"R-HSA-2173796","R-HSA-2173796","SMAD2/SMAD3:SMAD4 heterotrimer regulates transcription","5/53","24/2914",5.37471893476571e-05,0.00156183009045545,0.00112486377705933,"SMAD2/SMAD3/SMAD4/WWTR1/HDAC1",5
"R-HSA-109581","R-HSA-109581","Apoptosis","9/53","101/2914",6.2895837220765e-05,0.00172614131039211,0.00124320426787243,"CTNNB1/AKT1/PRKCD/MAPK1/TJP2/TP73/E2F1/CASP6/YWHAZ",9
"R-HSA-6807070","R-HSA-6807070","PTEN Regulation","7/53","59/2914",7.23718775872035e-05,0.0018157309474816,0.00130772866023606,"EGR1/AKT1/CSNK2A2/MAPK1/CSNK2A1/HDAC1/LAMTOR3",7
"R-HSA-5357801","R-HSA-5357801","Programmed Cell Death","9/53","103/2914",7.35113743919678e-05,0.0018157309474816,0.00130772866023606,"CTNNB1/AKT1/PRKCD/MAPK1/TJP2/TP73/E2F1/CASP6/YWHAZ",9
"R-HSA-1640170","R-HSA-1640170","Cell Cycle","14/53","249/2914",8.85644430986584e-05,0.00208337309003511,0.00150049031415271,"BRCA1/AKT1/PPP1CB/CSNK2A2/MAPK1/MAX/RB1/E2F1/GSK3B/CSNK2A1/HDAC1/CSNK1D/PPP2R5C/YWHAZ",14
"R-HSA-201681","R-HSA-201681","TCF dependent signaling in response to WNT","9/53","108/2914",0.000106859687752072,0.00235165319374413,0.00169371144147776,"CTNNB1/AKT1/CSNK2A2/WNT1/GSK3B/CSNK2A1/HDAC1/PPP2R5C/YWHAZ",9
"R-HSA-69278","R-HSA-69278","Cell Cycle, Mitotic","12/53","191/2914",0.000109489926024524,0.00235165319374413,0.00169371144147776,"AKT1/PPP1CB/CSNK2A2/MAPK1/MAX/RB1/E2F1/GSK3B/CSNK2A1/HDAC1/CSNK1D/PPP2R5C",12
"R-HSA-1181150","R-HSA-1181150","Signaling by NODAL","4/53","15/2914",0.000114866297101463,0.00236433128200511,0.00170284247457432,"SMAD2/SMAD3/SMAD4/TDGF1",4
"R-HSA-9006925","R-HSA-9006925","Intracellular signaling by second messengers","12/53","201/2914",0.000179334185992866,0.00354364351521904,0.00255220862591953,"EGR1/AKT1/CSNK2A2/PRKCD/MAPK1/GSK3B/CSNK2A1/HDAC1/FGF19/CREB1/PPP2R5C/LAMTOR3",12
"R-HSA-1257604","R-HSA-1257604","PIP3 activates AKT signaling","11/53","172/2914",0.000190677509413987,0.00362287267886576,0.00260927118145456,"EGR1/AKT1/CSNK2A2/MAPK1/GSK3B/CSNK2A1/HDAC1/FGF19/CREB1/PPP2R5C/LAMTOR3",11
"R-HSA-8940973","R-HSA-8940973","RUNX2 regulates osteoblast differentiation","4/53","19/2914",0.000309009363898441,0.00545180806306535,0.00392650996231854,"AR/MAPK1/WWTR1/RB1",4
"R-HSA-9615017","R-HSA-9615017","FOXO-mediated transcription of oxidative stress, metabolic and neuronal genes","4/53","19/2914",0.000309009363898441,0.00545180806306535,0.00392650996231854,"SMAD2/SMAD3/SMAD4/HDAC1",4
"R-HSA-8878159","R-HSA-8878159","Transcriptional regulation by RUNX3","6/53","53/2914",0.000323436374618075,0.00550957134694239,0.00396811232743773,"CTNNB1/SMAD3/SMAD4/WWTR1/TGFB1/HDAC4",6
"R-HSA-6804756","R-HSA-6804756","Regulation of TP53 Activity through Phosphorylation","6/53","56/2914",0.000438699326188499,0.00722391557123729,0.00520282007900747,"BRCA1/PRKAA1/CSNK2A2/STK11/CSNK2A1/MAPK14",6
"R-HSA-111465","R-HSA-111465","Apoptotic cleavage of cellular proteins","4/53","21/2914",0.000464437408662855,0.00740103483482098,0.00533038519959406,"CTNNB1/PRKCD/TJP2/CASP6",4
"R-HSA-2173788","R-HSA-2173788","Downregulation of TGF-beta receptor signaling","4/53","22/2914",0.000560038401133562,0.00864559281749937,0.00622674274944553,"SMAD2/SMAD3/PPP1CB/TGFB1",4
"R-HSA-198725","R-HSA-198725","Nuclear Events (kinase and transcription factor activation)","4/53","24/2914",0.000791881043470497,0.011608713825135,0.00836084652225788,"MAPK1/CREB1/MAPK14/DUSP7",4
"R-HSA-195721","R-HSA-195721","Signaling by WNT","10/53","172/2914",0.000838310464060254,0.011608713825135,0.00836084652225788,"CTNNB1/AKT1/CSNK2A2/WNT1/GSK3B/CSNK2A1/HDAC1/PPP2R5C/PORCN/YWHAZ",10
"R-HSA-1362277","R-HSA-1362277","Transcription of E2F targets under negative control by DREAM complex","3/53","11/2914",0.000845979145151536,0.011608713825135,0.00836084652225788,"MAX/E2F1/HDAC1",3
"R-HSA-452723","R-HSA-452723","Transcriptional regulation of pluripotent stem cells","3/53","11/2914",0.000845979145151536,0.011608713825135,0.00836084652225788,"SMAD2/SMAD4/TDGF1",3
"R-HSA-75153","R-HSA-75153","Apoptotic execution phase","4/53","26/2914",0.0010844906045881,0.0144756590051687,0.0104256823859941,"CTNNB1/PRKCD/TJP2/CASP6",4
"R-HSA-1502540","R-HSA-1502540","Signaling by Activin","3/53","12/2914",0.00111351223116682,0.0144756590051687,0.0104256823859941,"SMAD2/SMAD3/SMAD4",3
"R-HSA-165159","R-HSA-165159","mTOR signalling","4/53","27/2914",0.00125606443760846,0.0155123958044645,0.0111723626292542,"AKT1/PRKAA1/STK11/LAMTOR3",4
"R-HSA-9616222","R-HSA-9616222","Transcriptional regulation of granulopoiesis","4/53","27/2914",0.00125606443760846,0.0155123958044645,0.0111723626292542,"RARA/GATA2/E2F1/CREB1",4
"R-HSA-1643685","R-HSA-1643685","Disease","17/53","443/2914",0.00145281174802478,0.0175046098420547,0.0126071982241945,"CTNNB1/SMAD2/SMAD3/SMAD4/AKT1/MAPK1/TGFB1/GSK3B/HDAC1/RELA/HDAC4/FGF19/FKBP1A/FMOD/CREB1/PPP2R5C/PORCN",17
"R-HSA-114452","R-HSA-114452","Activation of BH3-only proteins","4/53","29/2914",0.0016547145960336,0.017739218402708,0.0127761683786816,"AKT1/TP73/E2F1/YWHAZ",4
"R-HSA-109606","R-HSA-109606","Intrinsic Pathway for Apoptosis","5/53","49/2914",0.00170817110584846,0.017739218402708,0.0127761683786816,"AKT1/MAPK1/TP73/E2F1/YWHAZ",5
"R-HSA-4839743","R-HSA-4839743","phosphorylation site mutants of CTNNB1 are not targeted to the proteasome by the destruction complex","3/53","14/2914",0.0017954674496668,0.017739218402708,0.0127761683786816,"CTNNB1/GSK3B/PPP2R5C",3
"R-HSA-5339716","R-HSA-5339716","Misspliced GSK3beta mutants stabilize beta-catenin","3/53","14/2914",0.0017954674496668,0.017739218402708,0.0127761683786816,"CTNNB1/GSK3B/PPP2R5C",3
"R-HSA-5358747","R-HSA-5358747","S33 mutants of beta-catenin aren't phosphorylated","3/53","14/2914",0.0017954674496668,0.017739218402708,0.0127761683786816,"CTNNB1/GSK3B/PPP2R5C",3
"R-HSA-5358749","R-HSA-5358749","S37 mutants of beta-catenin aren't phosphorylated","3/53","14/2914",0.0017954674496668,0.017739218402708,0.0127761683786816,"CTNNB1/GSK3B/PPP2R5C",3
"R-HSA-5358751","R-HSA-5358751","S45 mutants of beta-catenin aren't phosphorylated","3/53","14/2914",0.0017954674496668,0.017739218402708,0.0127761683786816,"CTNNB1/GSK3B/PPP2R5C",3
"R-HSA-5358752","R-HSA-5358752","T41 mutants of beta-catenin aren't phosphorylated","3/53","14/2914",0.0017954674496668,0.017739218402708,0.0127761683786816,"CTNNB1/GSK3B/PPP2R5C",3
"R-HSA-9617828","R-HSA-9617828","FOXO-mediated transcription of cell cycle genes","3/53","14/2914",0.0017954674496668,0.017739218402708,0.0127761683786816,"SMAD2/SMAD3/SMAD4",3
"R-HSA-450282","R-HSA-450282","MAPK targets/ Nuclear events mediated by MAP kinases","4/53","30/2914",0.00188376722142835,0.0178957886035693,0.0128889336202992,"MAPK1/CREB1/MAPK14/DUSP7",4
"R-HSA-4641262","R-HSA-4641262","Disassembly of the destruction complex and recruitment of AXIN to the membrane","4/53","30/2914",0.00188376722142835,0.0178957886035693,0.0128889336202992,"CTNNB1/WNT1/GSK3B/PPP2R5C",4
"R-HSA-195258","R-HSA-195258","RHO GTPase Effectors","8/53","130/2914",0.00205413439494163,0.0188244527422036,0.013557777598263,"CTNNB1/AR/PPP1CB/PRKCD/MAPK1/PPP2R5C/MAPK14/YWHAZ",8
"R-HSA-3769402","R-HSA-3769402","Deactivation of the beta-catenin transactivating complex","4/53","31/2914",0.00213394605984495,0.0188244527422036,0.013557777598263,"CTNNB1/AKT1/HDAC1/YWHAZ",4
"R-HSA-450531","R-HSA-450531","Regulation of mRNA stability by proteins that bind AU-rich elements","4/53","31/2914",0.00213394605984495,0.0188244527422036,0.013557777598263,"AKT1/PRKCD/MAPK14/YWHAZ",4
"R-HSA-4791275","R-HSA-4791275","Signaling by WNT in cancer","4/53","31/2914",0.00213394605984495,0.0188244527422036,0.013557777598263,"CTNNB1/GSK3B/PPP2R5C/PORCN",4
"R-HSA-157118","R-HSA-157118","Signaling by NOTCH","7/53","104/2914",0.00240054652477029,0.0204943745017412,0.014760491330894,"SMAD3/AKT1/E2F1/HDAC1/HDAC4/CREB1/YWHAZ",7
"R-HSA-8943724","R-HSA-8943724","Regulation of PTEN gene transcription","4/53","32/2914",0.00240622210749189,0.0204943745017412,0.014760491330894,"EGR1/MAPK1/HDAC1/LAMTOR3",4
"R-HSA-196299","R-HSA-196299","Beta-catenin phosphorylation cascade","3/53","16/2914",0.00269204522112387,0.0221645056539198,0.0159633558726292,"CTNNB1/GSK3B/PPP2R5C",3
"R-HSA-5668599","R-HSA-5668599","RHO GTPases Activate NADPH Oxidases","3/53","16/2914",0.00269204522112387,0.0221645056539198,0.0159633558726292,"PRKCD/MAPK1/MAPK14",3
"R-HSA-5673001","R-HSA-5673001","RAF/MAP kinase cascade","9/53","171/2914",0.00314798454517848,0.0254935141855438,0.018360979745821,"MAPK1/DUSP10/FGF19/DUSP2/DUSP8/PPP2R5C/LAMTOR3/DUSP9/DUSP7",9
"R-HSA-5628897","R-HSA-5628897","TP53 Regulates Metabolic Genes","4/53","35/2914",0.0033651865062518,0.0268129376465869,0.0193112570307828,"AKT1/PRKAA1/YWHAZ/LAMTOR3",4
"R-HSA-380972","R-HSA-380972","Energy dependent regulation of mTOR by LKB1-AMPK","3/53","18/2914",0.00382311311895235,0.0295096543869134,0.0212534906941759,"PRKAA1/STK11/LAMTOR3",3
"R-HSA-8953750","R-HSA-8953750","Transcriptional Regulation by E2F6","3/53","18/2914",0.00382311311895235,0.0295096543869134,0.0212534906941759,"BRCA1/MAX/E2F1",3
"R-HSA-5684996","R-HSA-5684996","MAPK1/MAPK3 signaling","9/53","177/2914",0.00397610799329118,0.0302184207490129,0.0217639595422254,"MAPK1/DUSP10/FGF19/DUSP2/DUSP8/PPP2R5C/LAMTOR3/DUSP9/DUSP7",9
"R-HSA-195253","R-HSA-195253","Degradation of beta-catenin by the destruction complex","4/53","37/2914",0.00413227279224198,0.0305537154072717,0.0220054459996971,"CTNNB1/GSK3B/HDAC1/PPP2R5C",4
"R-HSA-8878171","R-HSA-8878171","Transcriptional regulation by RUNX1","6/53","86/2914",0.00418352453626952,0.0305537154072717,0.0220054459996971,"CSNK2A2/GATA2/TP73/CSNK2A1/HDAC1/NFATC2",6
"R-HSA-69206","R-HSA-69206","G1/S Transition","5/53","60/2914",0.00420577459047464,0.0305537154072717,0.0220054459996971,"AKT1/MAX/RB1/E2F1/HDAC1",5
"R-HSA-168164","R-HSA-168164","Toll Like Receptor 3 (TLR3) Cascade","6/53","87/2914",0.00443136005356465,0.0316301677296333,0.0227807302207885,"UBE2D3/MAPK1/RELA/CREB1/MAPK14/DUSP7",6
"R-HSA-1538133","R-HSA-1538133","G0 and Early G1","3/53","19/2914",0.00448200757302496,0.0316301677296333,0.0227807302207885,"MAX/E2F1/HDAC1",3
"R-HSA-69202","R-HSA-69202","Cyclin E associated events during G1/S transition ","4/53","39/2914",0.00501000723064569,0.0348583601681545,0.0251057441654298,"AKT1/MAX/RB1/E2F1",4
"R-HSA-445144","R-HSA-445144","Signal transduction by L1","3/53","20/2914",0.0052057003438244,0.034983325720719,0.0251957470564735,"CSNK2A2/MAPK1/CSNK2A1",3
"R-HSA-166166","R-HSA-166166","MyD88-independent TLR4 cascade ","6/53","90/2914",0.00524041721322512,0.034983325720719,0.0251957470564735,"UBE2D3/MAPK1/RELA/CREB1/MAPK14/DUSP7",6
"R-HSA-937061","R-HSA-937061","TRIF(TICAM1)-mediated TLR4 signaling ","6/53","90/2914",0.00524041721322512,0.034983325720719,0.0251957470564735,"UBE2D3/MAPK1/RELA/CREB1/MAPK14/DUSP7",6
"R-HSA-69656","R-HSA-69656","Cyclin A:Cdk2-associated events at S phase entry","4/53","40/2914",0.00549253920480242,0.0361775248956319,0.0260558351048873,"AKT1/MAX/RB1/E2F1",4
"R-HSA-2262752","R-HSA-2262752","Cellular responses to stress","9/53","187/2914",0.0057299877170559,0.0372449201608633,0.0268245962377409,"AR/UBE2D3/MAPK1/RB1/E2F1/GSK3B/RELA/MAPK14/LAMTOR3",9
"R-HSA-9607240","R-HSA-9607240","FLT3 Signaling","9/53","188/2914",0.00593411951900611,0.0379741019424473,0.0273497687120119,"MAPK1/DUSP10/FGF19/DUSP2/DUSP8/PPP2R5C/LAMTOR3/DUSP9/DUSP7",9
"R-HSA-198753","R-HSA-198753","ERK/MAPK targets","3/53","21/2914",0.00599591083301799,0.0379741019424473,0.0273497687120119,"MAPK1/MAPK14/DUSP7",3
"R-HSA-8953897","R-HSA-8953897","Cellular responses to external stimuli","9/53","189/2914",0.00614388254307908,0.0384187085605198,0.0276699840048065,"AR/UBE2D3/MAPK1/RB1/E2F1/GSK3B/RELA/MAPK14/LAMTOR3",9
"R-HSA-5688426","R-HSA-5688426","Deubiquitination","7/53","124/2914",0.00642906614702562,0.0396994834578832,0.0285924257591403,"AR/BRCA1/SMAD2/SMAD3/SMAD1/SMAD4/TGFB1",7
"R-HSA-201451","R-HSA-201451","Signaling by BMP","3/53","23/2914",0.00778200864201379,0.0468818569409124,0.0337653263286349,"UBE2D3/SMAD1/SMAD4",3
"R-HSA-2559585","R-HSA-2559585","Oncogene Induced Senescence","3/53","23/2914",0.00778200864201379,0.0468818569409124,0.0337653263286349,"MAPK1/RB1/E2F1",3
"R-HSA-597592","R-HSA-597592","Post-translational protein modification","14/53","393/2914",0.00848180970517431,0.0498576501112711,0.0359085568668434,"AR/BRCA1/UBE2D3/SMAD2/SMAD3/SMAD1/RARA/SMAD4/TGFB1/LTBP1/HDAC1/RELA/HDAC4/CSNK1D",14
"R-HSA-69242","R-HSA-69242","S Phase","5/53","71/2914",0.00862207632270976,0.0498576501112711,0.0359085568668434,"AKT1/MAX/RB1/E2F1/GSK3B",5
"R-HSA-5625740","R-HSA-5625740","RHO GTPases activate PKNs","3/53","24/2914",0.00878059829894855,0.0498576501112711,0.0359085568668434,"AR/PPP1CB/YWHAZ",3
"R-HSA-5674400","R-HSA-5674400","Constitutive Signaling by AKT1 E17K in Cancer","3/53","24/2914",0.00878059829894855,0.0498576501112711,0.0359085568668434,"AKT1/GSK3B/CREB1",3
"R-HSA-9634638","R-HSA-9634638","Estrogen-dependent nuclear events downstream of ESR-membrane signaling","3/53","24/2914",0.00878059829894855,0.0498576501112711,0.0359085568668434,"AKT1/MAPK1/CREB1",3
"R-HSA-5683057","R-HSA-5683057","MAPK family signaling cascades","9/53","202/2914",0.00943099561089719,0.0529421799066274,0.0381301018718092,"MAPK1/DUSP10/FGF19/DUSP2/DUSP8/PPP2R5C/LAMTOR3/DUSP9/DUSP7",9
"R-HSA-8948751","R-HSA-8948751","Regulation of PTEN stability and activity","3/53","25/2914",0.0098511215926993,0.0546792591774545,0.0393811838951196,"AKT1/CSNK2A2/CSNK2A1",3
"R-HSA-111996","R-HSA-111996","Ca-dependent events","3/53","26/2914",0.0109945951998442,0.0597021547962252,0.0429987818476968,"PRKCD/MAPK1/CREB1",3
"R-HSA-68886","R-HSA-68886","M Phase","6/53","105/2914",0.0109977653571994,0.0597021547962252,0.0429987818476968,"CSNK2A2/MAPK1/RB1/CSNK2A1/CSNK1D/PPP2R5C",6
"R-HSA-3108232","R-HSA-3108232","SUMO E3 ligases SUMOylate target proteins","6/53","107/2914",0.0120121007152554,0.0638151191863211,0.0459610276688185,"AR/BRCA1/RARA/HDAC1/RELA/HDAC4",6
"R-HSA-453279","R-HSA-453279","Mitotic G1-G1/S phases","5/53","77/2914",0.0120521977286015,0.0638151191863211,0.0459610276688185,"AKT1/MAX/RB1/E2F1/HDAC1",5
"R-HSA-168142","R-HSA-168142","Toll Like Receptor 10 (TLR10) Cascade","5/53","78/2914",0.0127027197758734,0.0638151191863211,0.0459610276688185,"MAPK1/RELA/CREB1/MAPK14/DUSP7",5
"R-HSA-168176","R-HSA-168176","Toll Like Receptor 5 (TLR5) Cascade","5/53","78/2914",0.0127027197758734,0.0638151191863211,0.0459610276688185,"MAPK1/RELA/CREB1/MAPK14/DUSP7",5
"R-HSA-975871","R-HSA-975871","MyD88 cascade initiated on plasma membrane","5/53","78/2914",0.0127027197758734,0.0638151191863211,0.0459610276688185,"MAPK1/RELA/CREB1/MAPK14/DUSP7",5
"R-HSA-2990846","R-HSA-2990846","SUMOylation","6/53","109/2914",0.013091248434674,0.0638151191863211,0.0459610276688185,"AR/BRCA1/RARA/HDAC1/RELA/HDAC4",6
"R-HSA-113501","R-HSA-113501","Inhibition of replication initiation of damaged DNA by RB1/E2F1","2/53","10/2914",0.0133055815307512,0.0638151191863211,0.0459610276688185,"RB1/E2F1",2
"R-HSA-1362300","R-HSA-1362300","Transcription of E2F targets under negative control by p107 (RBL1) and p130 (RBL2) in complex with HDAC1","2/53","10/2914",0.0133055815307512,0.0638151191863211,0.0459610276688185,"E2F1/HDAC1",2
"R-HSA-2025928","R-HSA-2025928","Calcineurin activates NFAT","2/53","10/2914",0.0133055815307512,0.0638151191863211,0.0459610276688185,"NFATC2/FKBP1A",2
"R-HSA-450341","R-HSA-450341","Activation of the AP-1 family of transcription factors","2/53","10/2914",0.0133055815307512,0.0638151191863211,0.0459610276688185,"MAPK1/MAPK14",2
"R-HSA-6804759","R-HSA-6804759","Regulation of TP53 Activity through Association with Co-factors","2/53","10/2914",0.0133055815307512,0.0638151191863211,0.0459610276688185,"AKT1/TP73",2
"R-HSA-8934903","R-HSA-8934903","Receptor Mediated Mitophagy","2/53","10/2914",0.0133055815307512,0.0638151191863211,0.0459610276688185,"CSNK2A2/CSNK2A1",2
"R-HSA-4090294","R-HSA-4090294","SUMOylation of intracellular receptors","3/53","28/2914",0.0135038438586958,0.0641432583288049,0.0461973605692223,"AR/RARA/HDAC4",3
"R-HSA-166016","R-HSA-166016","Toll Like Receptor 4 (TLR4) Cascade","6/53","110/2914",0.0136557695689538,0.064247144448221,0.0462721815970566,"UBE2D3/MAPK1/RELA/CREB1/MAPK14/DUSP7",6
"R-HSA-5689880","R-HSA-5689880","Ub-specific processing proteases","5/53","80/2914",0.0140748090347142,0.0655939213504604,0.0472421594213842,"AR/SMAD2/SMAD3/SMAD1/SMAD4",5
"R-HSA-1632852","R-HSA-1632852","Macroautophagy","4/53","53/2914",0.0147908484790331,0.0682867210153491,0.0491815719224121,"PRKAA1/CSNK2A2/CSNK2A1/LAMTOR3",4
"R-HSA-113510","R-HSA-113510","E2F mediated regulation of DNA replication","2/53","11/2914",0.0160743820608844,0.0721885885279717,0.0519917812112815,"RB1/E2F1",2
"R-HSA-6803207","R-HSA-6803207","TP53 Regulates Transcription of Caspase Activators and Caspases","2/53","11/2914",0.0160743820608844,0.0721885885279717,0.0519917812112815,"TP73/CASP6",2
"R-HSA-9614399","R-HSA-9614399","Regulation of localization of FOXO transcription factors","2/53","11/2914",0.0160743820608844,0.0721885885279717,0.0519917812112815,"AKT1/YWHAZ",2
"R-HSA-975138","R-HSA-975138","TRAF6 mediated induction of NFkB and MAP kinases upon TLR7/8 or 9 activation","5/53","83/2914",0.016316007587116,0.0726135833156333,0.0522978716400683,"MAPK1/RELA/CREB1/MAPK14/DUSP7",5
"R-HSA-168181","R-HSA-168181","Toll Like Receptor 7/8 (TLR7/8) Cascade","5/53","84/2914",0.0171132884293657,0.0748138449920941,0.0538825476397354,"MAPK1/RELA/CREB1/MAPK14/DUSP7",5
"R-HSA-975155","R-HSA-975155","MyD88 dependent cascade initiated on endosome","5/53","84/2914",0.0171132884293657,0.0748138449920941,0.0538825476397354,"MAPK1/RELA/CREB1/MAPK14/DUSP7",5
"R-HSA-68877","R-HSA-68877","Mitotic Prometaphase","4/53","56/2914",0.0178250046382858,0.0772416867659053,0.0556311317427573,"CSNK2A2/CSNK2A1/CSNK1D/PPP2R5C",4
"R-HSA-166058","R-HSA-166058","MyD88:MAL(TIRAP) cascade initiated on plasma membrane","5/53","86/2914",0.0187851670969079,0.0784906556437749,0.0565306661146301,"MAPK1/RELA/CREB1/MAPK14/DUSP7",5
"R-HSA-168138","R-HSA-168138","Toll Like Receptor 9 (TLR9) Cascade","5/53","86/2914",0.0187851670969079,0.0784906556437749,0.0565306661146301,"MAPK1/RELA/CREB1/MAPK14/DUSP7",5
"R-HSA-168188","R-HSA-168188","Toll Like Receptor TLR6:TLR2 Cascade","5/53","86/2914",0.0187851670969079,0.0784906556437749,0.0565306661146301,"MAPK1/RELA/CREB1/MAPK14/DUSP7",5
"R-HSA-1483206","R-HSA-1483206","Glycerophospholipid biosynthesis","2/53","12/2914",0.0190665560268279,0.0784906556437749,0.0565306661146301,"CSNK2A2/CSNK2A1",2
"R-HSA-202670","R-HSA-202670","ERKs are inactivated","2/53","12/2914",0.0190665560268279,0.0784906556437749,0.0565306661146301,"MAPK1/DUSP7",2
"R-HSA-9022699","R-HSA-9022699","MECP2 regulates neuronal receptors and channels","2/53","12/2914",0.0190665560268279,0.0784906556437749,0.0565306661146301,"HDAC1/CREB1",2
"R-HSA-168179","R-HSA-168179","Toll Like Receptor TLR1:TLR2 Cascade","5/53","87/2914",0.0196603992336972,0.0796085018151346,0.0573357630801524,"MAPK1/RELA/CREB1/MAPK14/DUSP7",5
"R-HSA-181438","R-HSA-181438","Toll Like Receptor 2 (TLR2) Cascade","5/53","87/2914",0.0196603992336972,0.0796085018151346,0.0573357630801524,"MAPK1/RELA/CREB1/MAPK14/DUSP7",5
"R-HSA-198323","R-HSA-198323","AKT phosphorylates targets in the cytosol","2/53","13/2914",0.022273380653194,0.0852669670366197,0.0614111119931333,"AKT1/GSK3B",2
"R-HSA-4839735","R-HSA-4839735","AXIN mutants destabilize the destruction complex, activating WNT signaling","2/53","13/2914",0.022273380653194,0.0852669670366197,0.0614111119931333,"GSK3B/PPP2R5C",2
"R-HSA-4839744","R-HSA-4839744","truncated APC mutants destabilize the destruction complex","2/53","13/2914",0.022273380653194,0.0852669670366197,0.0614111119931333,"GSK3B/PPP2R5C",2
"R-HSA-4839748","R-HSA-4839748","AMER1 mutants destabilize the destruction complex","2/53","13/2914",0.022273380653194,0.0852669670366197,0.0614111119931333,"GSK3B/PPP2R5C",2
"R-HSA-5467337","R-HSA-5467337","APC truncation mutants have impaired AXIN binding","2/53","13/2914",0.022273380653194,0.0852669670366197,0.0614111119931333,"GSK3B/PPP2R5C",2
"R-HSA-5467340","R-HSA-5467340","AXIN missense mutants destabilize the destruction complex","2/53","13/2914",0.022273380653194,0.0852669670366197,0.0614111119931333,"GSK3B/PPP2R5C",2
"R-HSA-5467348","R-HSA-5467348","Truncations of AMER1 destabilize the destruction complex","2/53","13/2914",0.022273380653194,0.0852669670366197,0.0614111119931333,"GSK3B/PPP2R5C",2
"R-HSA-450294","R-HSA-450294","MAP kinase activation","4/53","60/2914",0.0224386755359526,0.0852669670366197,0.0614111119931333,"MAPK1/CREB1/MAPK14/DUSP7",4
"R-HSA-112040","R-HSA-112040","G-protein mediated events","3/53","34/2914",0.0228518608828188,0.0855213581523673,0.0615943299712341,"PRKCD/MAPK1/CREB1",3
"R-HSA-112043","R-HSA-112043","PLC beta mediated events","3/53","34/2914",0.0228518608828188,0.0855213581523673,0.0615943299712341,"PRKCD/MAPK1/CREB1",3
"R-HSA-9612973","R-HSA-9612973","Autophagy","4/53","61/2914",0.0236962097360796,0.0880144933054384,0.06338993977677,"PRKAA1/CSNK2A2/CSNK2A1/LAMTOR3",4
"R-HSA-2173791","R-HSA-2173791","TGF-beta receptor signaling in EMT (epithelial to mesenchymal transition)","2/53","14/2914",0.0256863661871152,0.0939930733069254,0.0676958422709158,"TGFB1/FKBP1A",2
"R-HSA-6804758","R-HSA-6804758","Regulation of TP53 Activity through Acetylation","2/53","14/2914",0.0256863661871152,0.0939930733069254,0.0676958422709158,"AKT1/HDAC1",2
"R-HSA-168898","R-HSA-168898","Toll-like Receptor Cascades","6/53","127/2914",0.0260423657727926,0.0945950639099968,0.068129408910247,"UBE2D3/MAPK1/RELA/CREB1/MAPK14/DUSP7",6
"R-HSA-448424","R-HSA-448424","Interleukin-17 signaling","4/53","64/2914",0.0277239516611462,0.0999681176686586,0.0719991983209176,"MAPK1/CREB1/MAPK14/DUSP7",4
"R-HSA-111447","R-HSA-111447","Activation of BAD and translocation to mitochondria ","2/53","15/2914",0.0292972505639317,0.10120868376631,0.072892680828921,"AKT1/YWHAZ",2
"R-HSA-2028269","R-HSA-2028269","Signaling by Hippo","2/53","15/2914",0.0292972505639317,0.10120868376631,0.072892680828921,"TJP2/WWTR1",2
"R-HSA-432142","R-HSA-432142","Platelet sensitization by LDL","2/53","15/2914",0.0292972505639317,0.10120868376631,0.072892680828921,"PPP2R5C/MAPK14",2
"R-HSA-5250913","R-HSA-5250913","Positive epigenetic regulation of rRNA expression","2/53","15/2914",0.0292972505639317,0.10120868376631,0.072892680828921,"GSK3B/HDAC1",2
"R-HSA-69205","R-HSA-69205","G1/S-Specific Transcription","2/53","15/2914",0.0292972505639317,0.10120868376631,0.072892680828921,"E2F1/HDAC1",2
"R-HSA-9604323","R-HSA-9604323","Negative regulation of NOTCH4 signaling","2/53","15/2914",0.0292972505639317,0.10120868376631,0.072892680828921,"AKT1/YWHAZ",2
"R-HSA-2559583","R-HSA-2559583","Cellular Senescence","5/53","99/2914",0.0323155120709852,0.110860159465741,0.0798438821636914,"MAPK1/RB1/E2F1/RELA/MAPK14",5
"R-HSA-1168372","R-HSA-1168372","Downstream signaling events of B Cell Receptor (BCR)","3/53","39/2914",0.0327555957446579,0.111594926192145,0.0803730770358939,"RELA/NFATC2/FKBP1A",3
"R-HSA-5205647","R-HSA-5205647","Mitophagy","2/53","16/2914",0.0330979941843329,0.111989103610003,0.080656972129088,"CSNK2A2/CSNK2A1",2
"R-HSA-381340","R-HSA-381340","Transcriptional regulation of white adipocyte differentiation","3/53","40/2914",0.034966113842484,0.116711217825589,0.0840579408162134,"TGFB1/WNT1/RELA",3
"R-HSA-9013694","R-HSA-9013694","Signaling by NOTCH4","3/53","40/2914",0.034966113842484,0.116711217825589,0.0840579408162134,"SMAD3/AKT1/YWHAZ",3
"R-HSA-187037","R-HSA-187037","Signaling by NTRK1 (TRKA)","4/53","70/2914",0.0369491561681002,0.122502571456654,0.0882289988330475,"MAPK1/CREB1/MAPK14/DUSP7",4
"R-HSA-881907","R-HSA-881907","Gastrin-CREB signalling pathway via PKC and MAPK","2/53","18/2914",0.0412379825109969,0.134911015632003,0.0971658284330216,"MAPK1/CREB1",2
"R-HSA-8939243","R-HSA-8939243","RUNX1 interacts with co-factors whose precise effect on RUNX1 targets is not known","2/53","18/2914",0.0412379825109969,0.134911015632003,0.0971658284330216,"CSNK2A2/CSNK2A1",2
"R-HSA-2559580","R-HSA-2559580","Oxidative Stress Induced Senescence","3/53","44/2914",0.0445620803618218,0.144826761175921,0.104307362619777,"MAPK1/E2F1/MAPK14",3
"R-HSA-389513","R-HSA-389513","CTLA4 inhibitory signaling","2/53","19/2914",0.0455622148566407,0.146154117786886,0.105263353530721,"AKT1/PPP2R5C",2
"R-HSA-6814122","R-HSA-6814122","Cooperation of PDCL (PhLP1) and TRiC/CCT in G-protein beta folding","2/53","19/2914",0.0455622148566407,0.146154117786886,0.105263353530721,"CSNK2A2/CSNK2A1",2
"R-HSA-8953854","R-HSA-8953854","Metabolism of RNA","5/53","109/2914",0.046080452219153,0.146862860621042,0.105773805433438,"AKT1/PRKCD/CSNK1D/MAPK14/YWHAZ",5
"R-HSA-383280","R-HSA-383280","Nuclear Receptor transcription pathway","3/53","46/2914",0.0498047965780154,0.157715189163715,0.113589886932316,"AR/RARA/NR0B2",3
"R-HSA-194315","R-HSA-194315","Signaling by Rho GTPases","8/53","228/2914",0.0510916327462946,0.16075965972401,0.115782580410644,"CTNNB1/AR/PPP1CB/PRKCD/MAPK1/PPP2R5C/MAPK14/YWHAZ",8
"R-HSA-438064","R-HSA-438064","Post NMDA receptor activation events","3/53","47/2914",0.05253506562756,0.164255205189966,0.118300147782247,"PRKAA1/MAPK1/CREB1",3
"R-HSA-3238698","R-HSA-3238698","WNT ligand biogenesis and trafficking","2/53","21/2914",0.0546831521501749,0.169896082781046,0.122362829703801,"WNT1/PORCN",2
"R-HSA-76002","R-HSA-76002","Platelet activation, signaling and aggregation","6/53","153/2914",0.0567641373971852,0.175259274213809,0.126225516054267,"AKT1/PRKCD/MAPK1/TGFB1/MAPK14/YWHAZ",6
"R-HSA-442755","R-HSA-442755","Activation of NMDA receptors and postsynaptic events","3/53","49/2914",0.0582096452477525,0.178037739868395,0.12822662705203,"PRKAA1/MAPK1/CREB1",3
"R-HSA-201722","R-HSA-201722","Formation of the beta-catenin:TCF transactivating complex","2/53","22/2914",0.0594660467171766,0.178037739868395,0.12822662705203,"CTNNB1/HDAC1",2
"R-HSA-442742","R-HSA-442742","CREB1 phosphorylation through NMDA receptor-mediated activation of RAS signaling","2/53","22/2914",0.0594660467171766,0.178037739868395,0.12822662705203,"MAPK1/CREB1",2
"R-HSA-525793","R-HSA-525793","Myogenesis","2/53","22/2914",0.0594660467171766,0.178037739868395,0.12822662705203,"CTNNB1/MAPK14",2
"R-HSA-9022692","R-HSA-9022692","Regulation of MECP2 expression and activity","2/53","22/2914",0.0594660467171766,0.178037739868395,0.12822662705203,"HDAC1/CREB1",2
"R-HSA-4551638","R-HSA-4551638","SUMOylation of chromatin organization proteins","2/53","23/2914",0.0643883360576683,0.191613482002941,0.138004169863614,"HDAC1/HDAC4",2
"R-HSA-4420097","R-HSA-4420097","VEGFA-VEGFR2 Pathway","4/53","85/2914",0.0669491043519802,0.197729496317023,0.142409055519186,"CTNNB1/AKT1/PRKCD/MAPK14",4
"R-HSA-400253","R-HSA-400253","Circadian Clock","3/53","52/2914",0.0672440392333197,0.197729496317023,0.142409055519186,"PPP1CB/CSNK1D/CREB1",3
"R-HSA-373760","R-HSA-373760","L1CAM interactions","3/53","53/2914",0.070391230678577,0.204548635030688,0.147320346559499,"CSNK2A2/MAPK1/CSNK2A1",3
"R-HSA-5607764","R-HSA-5607764","CLEC7A (Dectin-1) signaling","3/53","53/2914",0.070391230678577,0.204548635030688,0.147320346559499,"PRKCD/RELA/NFATC2",3
"R-HSA-6798695","R-HSA-6798695","Neutrophil degranulation","5/53","125/2914",0.0745004449354937,0.21065723377267,0.151719891359818,"PRKCD/MAPK1/PTPRB/MAPK14/LAMTOR3",5
"R-HSA-111933","R-HSA-111933","Calmodulin induced events","2/53","25/2914",0.0746255382797921,0.21065723377267,0.151719891359818,"PRKCD/CREB1",2
"R-HSA-111997","R-HSA-111997","CaM pathway","2/53","25/2914",0.0746255382797921,0.21065723377267,0.151719891359818,"PRKCD/CREB1",2
"R-HSA-2129379","R-HSA-2129379","Molecules associated with elastic fibres","2/53","25/2914",0.0746255382797921,0.21065723377267,0.151719891359818,"TGFB1/LTBP1",2
"R-HSA-5218920","R-HSA-5218920","VEGFR2 mediated vascular permeability","2/53","25/2914",0.0746255382797921,0.21065723377267,0.151719891359818,"CTNNB1/AKT1",2
"R-HSA-166520","R-HSA-166520","Signaling by NTRKs","4/53","89/2914",0.0766023746110227,0.215008937828666,0.154854082646685,"MAPK1/CREB1/MAPK14/DUSP7",4
"R-HSA-1445148","R-HSA-1445148","Translocation of SLC2A4 (GLUT4) to the plasma membrane","2/53","26/2914",0.0799281168697877,0.221822976031883,0.159761700189168,"AKT1/YWHAZ",2
"R-HSA-350054","R-HSA-350054","Notch-HLH transcription pathway","2/53","26/2914",0.0799281168697877,0.221822976031883,0.159761700189168,"HDAC1/HDAC4",2
"R-HSA-194138","R-HSA-194138","Signaling by VEGF","4/53","92/2914",0.0842835755475293,0.229820833237067,0.165521929755228,"CTNNB1/AKT1/PRKCD/MAPK14",4
"R-HSA-6811558","R-HSA-6811558","PI5P, PP2A and IER3 Regulate PI3K/AKT Signaling","4/53","92/2914",0.0842835755475293,0.229820833237067,0.165521929755228,"AKT1/MAPK1/FGF19/PPP2R5C",4
"R-HSA-5617472","R-HSA-5617472","Activation of anterior HOX genes in hindbrain development during early embryogenesis","2/53","27/2914",0.0853454132957607,0.229820833237067,0.165521929755228,"RARA/KDM6A",2
"R-HSA-5619507","R-HSA-5619507","Activation of HOX genes during differentiation","2/53","27/2914",0.0853454132957607,0.229820833237067,0.165521929755228,"RARA/KDM6A",2
"R-HSA-8939236","R-HSA-8939236","RUNX1 regulates transcription of genes involved in differentiation of HSCs","2/53","27/2914",0.0853454132957607,0.229820833237067,0.165521929755228,"GATA2/TP73",2
"R-HSA-109582","R-HSA-109582","Hemostasis","9/53","298/2914",0.0856012820154256,0.229820833237067,0.165521929755228,"AKT1/PRKCD/MAPK1/GATA2/TGFB1/HDAC1/PPP2R5C/MAPK14/YWHAZ",9
"R-HSA-111885","R-HSA-111885","Opioid Signalling","3/53","59/2914",0.0906297250720399,0.240056758324675,0.172894064167356,"PRKCD/MAPK1/CREB1",3
"R-HSA-1566948","R-HSA-1566948","Elastic fibre formation","2/53","28/2914",0.0908716878678427,0.240056758324675,0.172894064167356,"TGFB1/LTBP1",2
"R-HSA-5654733","R-HSA-5654733","Negative regulation of FGFR4 signaling","2/53","28/2914",0.0908716878678427,0.240056758324675,0.172894064167356,"MAPK1/FGF19",2
"R-HSA-6804757","R-HSA-6804757","Regulation of TP53 Degradation","2/53","29/2914",0.0965013646668451,0.252231080134505,0.181662273781084,"AKT1/PPP2R5C",2
"R-HSA-6806003","R-HSA-6806003","Regulation of TP53 Expression and Degradation","2/53","29/2914",0.0965013646668451,0.252231080134505,0.181662273781084,"AKT1/PPP2R5C",2
"R-HSA-2219528","R-HSA-2219528","PI3K/AKT Signaling in Cancer","4/53","97/2914",0.0979007148286444,0.254541858554476,0.183326546327323,"AKT1/GSK3B/FGF19/CREB1",4
"R-HSA-9006931","R-HSA-9006931","Signaling by Nuclear Receptors","5/53","136/2914",0.0985929530317848,0.254999574857077,0.183656203498172,"RARA/AKT1/MAPK1/HDAC1/CREB1",5
"R-HSA-1483257","R-HSA-1483257","Phospholipid metabolism","2/53","30/2914",0.102229027670099,0.258980203430916,0.186523138205092,"CSNK2A2/CSNK2A1",2
"R-HSA-1489509","R-HSA-1489509","DAG and IP3 signaling","2/53","30/2914",0.102229027670099,0.258980203430916,0.186523138205092,"PRKCD/CREB1",2
"R-HSA-390466","R-HSA-390466","Chaperonin-mediated protein folding","2/53","30/2914",0.102229027670099,0.258980203430916,0.186523138205092,"CSNK2A2/CSNK2A1",2
"R-HSA-5633008","R-HSA-5633008","TP53 Regulates Transcription of Cell Death Genes","2/53","30/2914",0.102229027670099,0.258980203430916,0.186523138205092,"TP73/CASP6",2
"R-HSA-199418","R-HSA-199418","Negative regulation of the PI3K/AKT network","4/53","99/2914",0.103624302226601,0.261175537244596,0.18810426505151,"AKT1/MAPK1/FGF19/PPP2R5C",4
"R-HSA-9009391","R-HSA-9009391","Extra-nuclear estrogen signaling","3/53","63/2914",0.10533337486573,0.262801450422579,0.189275282852827,"AKT1/MAPK1/CREB1",3
"R-HSA-983705","R-HSA-983705","Signaling by the B Cell Receptor (BCR)","3/53","63/2914",0.10533337486573,0.262801450422579,0.189275282852827,"RELA/NFATC2/FKBP1A",3
"R-HSA-391251","R-HSA-391251","Protein folding","2/53","31/2914",0.108049416959956,0.268223175769941,0.193180126593309,"CSNK2A2/CSNK2A1",2
"R-HSA-3371453","R-HSA-3371453","Regulation of HSF1-mediated heat shock response","2/53","32/2914",0.113957425013316,0.280074467445663,0.201715682924854,"MAPK1/GSK3B",2
"R-HSA-375165","R-HSA-375165","NCAM signaling for neurite out-growth","2/53","32/2914",0.113957425013316,0.280074467445663,0.201715682924854,"MAPK1/CREB1",2
"R-HSA-187687","R-HSA-187687","Signalling to ERKs","2/53","33/2914",0.119948093070557,0.291893389048549,0.210227925630534,"MAPK1/MAPK14",2
"R-HSA-68875","R-HSA-68875","Mitotic Prophase","2/53","33/2914",0.119948093070557,0.291893389048549,0.210227925630534,"MAPK1/RB1",2
"R-HSA-453274","R-HSA-453274","Mitotic G2-G2/M phases","3/53","68/2914",0.124945556030908,0.302195165755591,0.217647487801811,"PPP1CB/E2F1/CSNK1D",3
"R-HSA-1834949","R-HSA-1834949","Cytosolic sensors of pathogen-associated DNA ","2/53","34/2914",0.126016607582291,0.302195165755591,0.217647487801811,"CTNNB1/RELA",2
"R-HSA-5674135","R-HSA-5674135","MAP2K and MAPK activation","2/53","34/2914",0.126016607582291,0.302195165755591,0.217647487801811,"MAPK1/LAMTOR3",2
"R-HSA-8939211","R-HSA-8939211","ESR-mediated signaling","4/53","108/2914",0.131224839818674,0.313164593576933,0.225547906731309,"AKT1/MAPK1/HDAC1/CREB1",4
"R-HSA-5621481","R-HSA-5621481","C-type lectin receptors (CLRs)","3/53","72/2914",0.14152670093066,0.335689875136857,0.241771101206601,"PRKCD/RELA/NFATC2",3
"R-HSA-449147","R-HSA-449147","Signaling by Interleukins","9/53","332/2914",0.142022639480978,0.335689875136857,0.241771101206601,"SMAD3/AKT1/MAPK1/TGFB1/RELA/CREB1/MAPK14/YWHAZ/DUSP7",9
"R-HSA-168249","R-HSA-168249","Innate Immune System","11/53","428/2914",0.144256379795636,0.33704594719178,0.242747773600728,"CTNNB1/UBE2D3/PRKCD/MAPK1/RELA/NFATC2/PTPRB/CREB1/MAPK14/LAMTOR3/DUSP7",11
"R-HSA-212165","R-HSA-212165","Epigenetic regulation of gene expression","2/53","37/2914",0.144643200009428,0.33704594719178,0.242747773600728,"GSK3B/HDAC1",2
"R-HSA-2565942","R-HSA-2565942","Regulation of PLK1 Activity at G2/M Transition","2/53","37/2914",0.144643200009428,0.33704594719178,0.242747773600728,"PPP1CB/CSNK1D",2
"R-HSA-1592230","R-HSA-1592230","Mitochondrial biogenesis","2/53","38/2914",0.150977748915223,0.3485187288043,0.251010718806421,"CREB1/MAPK14",2
"R-HSA-5654743","R-HSA-5654743","Signaling by FGFR4","2/53","38/2914",0.150977748915223,0.3485187288043,0.251010718806421,"MAPK1/FGF19",2
"R-HSA-112314","R-HSA-112314","Neurotransmitter receptors and postsynaptic signal transmission","3/53","77/2914",0.163237123964301,0.365456503530869,0.263209670133036,"PRKAA1/MAPK1/CREB1",3
"R-HSA-2122947","R-HSA-2122947","NOTCH1 Intracellular Domain Regulates Transcription","2/53","40/2914",0.163810347243123,0.365456503530869,0.263209670133036,"HDAC1/HDAC4",2
"R-HSA-69231","R-HSA-69231","Cyclin D associated events in G1","2/53","40/2914",0.163810347243123,0.365456503530869,0.263209670133036,"RB1/E2F1",2
"R-HSA-69236","R-HSA-69236","G1 Phase","2/53","40/2914",0.163810347243123,0.365456503530869,0.263209670133036,"RB1/E2F1",2
"R-HSA-111458","R-HSA-111458","Formation of apoptosome","1/53","10/2914",0.167932441905885,0.365456503530869,0.263209670133036,"MAPK1",1
"R-HSA-114508","R-HSA-114508","Effects of PIP2 hydrolysis","1/53","10/2914",0.167932441905885,0.365456503530869,0.263209670133036,"PRKCD",1
"R-HSA-1221632","R-HSA-1221632","Meiotic synapsis","1/53","10/2914",0.167932441905885,0.365456503530869,0.263209670133036,"BRCA1",1
"R-HSA-209560","R-HSA-209560","NF-kB is activated and signals survival","1/53","10/2914",0.167932441905885,0.365456503530869,0.263209670133036,"RELA",1
"R-HSA-442729","R-HSA-442729","CREB1 phosphorylation through the activation of CaMKII/CaMKK/CaMKIV cascasde","1/53","10/2914",0.167932441905885,0.365456503530869,0.263209670133036,"CREB1",1
"R-HSA-4755510","R-HSA-4755510","SUMOylation of immune response proteins","1/53","10/2914",0.167932441905885,0.365456503530869,0.263209670133036,"RELA",1
"R-HSA-5250924","R-HSA-5250924","B-WICH complex positively regulates rRNA expression","1/53","10/2914",0.167932441905885,0.365456503530869,0.263209670133036,"GSK3B",1
"R-HSA-74749","R-HSA-74749","Signal attenuation","1/53","10/2914",0.167932441905885,0.365456503530869,0.263209670133036,"MAPK1",1
"R-HSA-9627069","R-HSA-9627069","Regulation of the apoptosome activity","1/53","10/2914",0.167932441905885,0.365456503530869,0.263209670133036,"MAPK1",1
"R-HSA-8986944","R-HSA-8986944","Transcriptional Regulation by MECP2","2/53","41/2914",0.170300493575225,0.368984402746322,0.265750539374082,"HDAC1/CREB1",2
"R-HSA-1852241","R-HSA-1852241","Organelle biogenesis and maintenance","3/53","80/2914",0.176728345194946,0.376918393574376,0.271464770995395,"CSNK1D/CREB1/MAPK14",3
"R-HSA-418346","R-HSA-418346","Platelet homeostasis","2/53","42/2914",0.176834803624972,0.376918393574376,0.271464770995395,"PPP2R5C/MAPK14",2
"R-HSA-1358803","R-HSA-1358803","Downregulation of ERBB2:ERBB3 signaling","1/53","11/2914",0.183118247890385,0.376918393574376,0.271464770995395,"AKT1",1
"R-HSA-193692","R-HSA-193692","Regulated proteolysis of p75NTR","1/53","11/2914",0.183118247890385,0.376918393574376,0.271464770995395,"RELA",1
"R-HSA-210745","R-HSA-210745","Regulation of gene expression in beta cells","1/53","11/2914",0.183118247890385,0.376918393574376,0.271464770995395,"AKT1",1
"R-HSA-2197563","R-HSA-2197563","NOTCH2 intracellular domain regulates transcription","1/53","11/2914",0.183118247890385,0.376918393574376,0.271464770995395,"CREB1",1
"R-HSA-5607763","R-HSA-5607763","CLEC7A (Dectin-1) induces NFAT activation","1/53","11/2914",0.183118247890385,0.376918393574376,0.271464770995395,"NFATC2",1
"R-HSA-5627117","R-HSA-5627117","RHO GTPases Activate ROCKs","1/53","11/2914",0.183118247890385,0.376918393574376,0.271464770995395,"PPP1CB",1
"R-HSA-6804116","R-HSA-6804116","TP53 Regulates Transcription of Genes Involved in G1 Cell Cycle Arrest","1/53","11/2914",0.183118247890385,0.376918393574376,0.271464770995395,"E2F1",1
"R-HSA-75035","R-HSA-75035","Chk1/Chk2(Cds1) mediated inactivation of Cyclin B:Cdk1 complex","1/53","11/2914",0.183118247890385,0.376918393574376,0.271464770995395,"YWHAZ",1
"R-HSA-75815","R-HSA-75815","Ubiquitin-dependent degradation of Cyclin D","1/53","11/2914",0.183118247890385,0.376918393574376,0.271464770995395,"GSK3B",1
"R-HSA-9013700","R-HSA-9013700","NOTCH4 Activation and Transmission of Signal to the Nucleus","1/53","11/2914",0.183118247890385,0.376918393574376,0.271464770995395,"YWHAZ",1
"R-HSA-1227986","R-HSA-1227986","Signaling by ERBB2","2/53","44/2914",0.190021410675866,0.379177623261787,0.27309191703065,"AKT1/PRKCD",2
"R-HSA-2559582","R-HSA-2559582","Senescence-Associated Secretory Phenotype (SASP)","2/53","45/2914",0.196666736859405,0.379177623261787,0.27309191703065,"MAPK1/RELA",2
"R-HSA-111461","R-HSA-111461","Cytochrome c-mediated apoptotic response","1/53","12/2914",0.198032038059799,0.379177623261787,0.27309191703065,"MAPK1",1
"R-HSA-111932","R-HSA-111932","CaMK IV-mediated phosphorylation of CREB","1/53","12/2914",0.198032038059799,0.379177623261787,0.27309191703065,"CREB1",1
"R-HSA-170968","R-HSA-170968","Frs2-mediated activation","1/53","12/2914",0.198032038059799,0.379177623261787,0.27309191703065,"MAPK1",1
"R-HSA-2032785","R-HSA-2032785","YAP1- and WWTR1 (TAZ)-stimulated gene expression","1/53","12/2914",0.198032038059799,0.379177623261787,0.27309191703065,"WWTR1",1
"R-HSA-204005","R-HSA-204005","COPII-mediated vesicle transport","1/53","12/2914",0.198032038059799,0.379177623261787,0.27309191703065,"CSNK1D",1
"R-HSA-381771","R-HSA-381771","Synthesis, secretion, and inactivation of Glucagon-like Peptide-1 (GLP-1)","1/53","12/2914",0.198032038059799,0.379177623261787,0.27309191703065,"CTNNB1",1
"R-HSA-418990","R-HSA-418990","Adherens junctions interactions","1/53","12/2914",0.198032038059799,0.379177623261787,0.27309191703065,"CTNNB1",1
"R-HSA-442720","R-HSA-442720","CREB1 phosphorylation through the activation of Adenylate Cyclase","1/53","12/2914",0.198032038059799,0.379177623261787,0.27309191703065,"CREB1",1
"R-HSA-5362517","R-HSA-5362517","Signaling by Retinoic Acid","1/53","12/2914",0.198032038059799,0.379177623261787,0.27309191703065,"RARA",1
"R-HSA-6791226","R-HSA-6791226","Major pathway of rRNA processing in the nucleolus and cytosol","1/53","12/2914",0.198032038059799,0.379177623261787,0.27309191703065,"CSNK1D",1
"R-HSA-72312","R-HSA-72312","rRNA processing","1/53","12/2914",0.198032038059799,0.379177623261787,0.27309191703065,"CSNK1D",1
"R-HSA-844456","R-HSA-844456","The NLRP3 inflammasome","1/53","12/2914",0.198032038059799,0.379177623261787,0.27309191703065,"RELA",1
"R-HSA-8868773","R-HSA-8868773","rRNA processing in the nucleus and cytosol","1/53","12/2914",0.198032038059799,0.379177623261787,0.27309191703065,"CSNK1D",1
"R-HSA-9005891","R-HSA-9005891","Loss of function of MECP2 in Rett syndrome","1/53","12/2914",0.198032038059799,0.379177623261787,0.27309191703065,"HDAC1",1
"R-HSA-9005895","R-HSA-9005895","Pervasive developmental disorders","1/53","12/2914",0.198032038059799,0.379177623261787,0.27309191703065,"HDAC1",1
"R-HSA-9639288","R-HSA-9639288","Amino acids regulate mTORC1","1/53","12/2914",0.198032038059799,0.379177623261787,0.27309191703065,"LAMTOR3",1
"R-HSA-69473","R-HSA-69473","G2/M DNA damage checkpoint","2/53","46/2914",0.203342279599468,0.387687176622803,0.279220681224179,"BRCA1/YWHAZ",2
"R-HSA-2454202","R-HSA-2454202","Fc epsilon receptor (FCERI) signaling","3/53","87/2914",0.20934824864501,0.387687176622803,0.279220681224179,"MAPK1/RELA/NFATC2",3
"R-HSA-111931","R-HSA-111931","PKA-mediated phosphorylation of CREB","1/53","13/2914",0.212678592843683,0.387687176622803,0.279220681224179,"CREB1",1
"R-HSA-1630316","R-HSA-1630316","Glycosaminoglycan metabolism","1/53","13/2914",0.212678592843683,0.387687176622803,0.279220681224179,"FMOD",1
"R-HSA-169893","R-HSA-169893","Prolonged ERK activation events","1/53","13/2914",0.212678592843683,0.387687176622803,0.279220681224179,"MAPK1",1
"R-HSA-171007","R-HSA-171007","p38MAPK events","1/53","13/2914",0.212678592843683,0.387687176622803,0.279220681224179,"MAPK14",1
"R-HSA-190322","R-HSA-190322","FGFR4 ligand binding and activation","1/53","13/2914",0.212678592843683,0.387687176622803,0.279220681224179,"FGF19",1
"R-HSA-193639","R-HSA-193639","p75NTR signals via NF-kB","1/53","13/2914",0.212678592843683,0.387687176622803,0.279220681224179,"RELA",1
"R-HSA-5626467","R-HSA-5626467","RHO GTPases activate IQGAPs","1/53","13/2914",0.212678592843683,0.387687176622803,0.279220681224179,"CTNNB1",1
"R-HSA-5689901","R-HSA-5689901","Metalloprotease DUBs","1/53","13/2914",0.212678592843683,0.387687176622803,0.279220681224179,"BRCA1",1
"R-HSA-8876198","R-HSA-8876198","RAB GEFs exchange GTP for GDP on RABs","1/53","13/2914",0.212678592843683,0.387687176622803,0.279220681224179,"AKT1",1
"R-HSA-912446","R-HSA-912446","Meiotic recombination","1/53","13/2914",0.212678592843683,0.387687176622803,0.279220681224179,"BRCA1",1
"R-HSA-9614657","R-HSA-9614657","FOXO-mediated transcription of cell death genes","1/53","13/2914",0.212678592843683,0.387687176622803,0.279220681224179,"STK11",1
"R-HSA-112315","R-HSA-112315","Transmission across Chemical Synapses","3/53","88/2914",0.214120817747509,0.388881191056137,0.280080636217717,"PRKAA1/MAPK1/CREB1",3
"R-HSA-168643","R-HSA-168643","Nucleotide-binding domain, leucine rich repeat containing receptor (NLR) signaling pathways","2/53","48/2914",0.216771251753583,0.392252741268389,0.282508899528479,"RELA/MAPK14",2
"R-HSA-3000178","R-HSA-3000178","ECM proteoglycans","2/53","49/2914",0.223518554158087,0.400603319563318,0.288523166444495,"TGFB1/FMOD",2
"R-HSA-3371556","R-HSA-3371556","Cellular response to heat stress","2/53","49/2914",0.223518554158087,0.400603319563318,0.288523166444495,"MAPK1/GSK3B",2
"R-HSA-1295596","R-HSA-1295596","Spry regulation of FGF signaling","1/53","14/2914",0.227062610278804,0.400603319563318,0.288523166444495,"MAPK1",1
"R-HSA-400508","R-HSA-400508","Incretin synthesis, secretion, and inactivation","1/53","14/2914",0.227062610278804,0.400603319563318,0.288523166444495,"CTNNB1",1
"R-HSA-5654228","R-HSA-5654228","Phospholipase C-mediated cascade; FGFR4","1/53","14/2914",0.227062610278804,0.400603319563318,0.288523166444495,"FGF19",1
"R-HSA-5693554","R-HSA-5693554","Resolution of D-loop Structures through Synthesis-Dependent Strand Annealing (SDSA)","1/53","14/2914",0.227062610278804,0.400603319563318,0.288523166444495,"BRCA1",1
"R-HSA-68867","R-HSA-68867","Assembly of the pre-replicative complex","1/53","14/2914",0.227062610278804,0.400603319563318,0.288523166444495,"E2F1",1
"R-HSA-2644602","R-HSA-2644602","Signaling by NOTCH1 PEST Domain Mutants in Cancer","2/53","51/2914",0.237064211109755,0.403888886292337,0.290889502592819,"HDAC1/HDAC4",2
"R-HSA-2644603","R-HSA-2644603","Signaling by NOTCH1 in Cancer","2/53","51/2914",0.237064211109755,0.403888886292337,0.290889502592819,"HDAC1/HDAC4",2
"R-HSA-2644606","R-HSA-2644606","Constitutive Signaling by NOTCH1 PEST Domain Mutants","2/53","51/2914",0.237064211109755,0.403888886292337,0.290889502592819,"HDAC1/HDAC4",2
"R-HSA-2894858","R-HSA-2894858","Signaling by NOTCH1 HD+PEST Domain Mutants in Cancer","2/53","51/2914",0.237064211109755,0.403888886292337,0.290889502592819,"HDAC1/HDAC4",2
"R-HSA-2894862","R-HSA-2894862","Constitutive Signaling by NOTCH1 HD+PEST Domain Mutants","2/53","51/2914",0.237064211109755,0.403888886292337,0.290889502592819,"HDAC1/HDAC4",2
"R-HSA-168253","R-HSA-168253","Host Interactions with Influenza Factors","1/53","15/2914",0.241188707401294,0.403888886292337,0.290889502592819,"TGFB1",1
"R-HSA-3214842","R-HSA-3214842","HDMs demethylate histones","1/53","15/2914",0.241188707401294,0.403888886292337,0.290889502592819,"KDM6A",1
"R-HSA-3371497","R-HSA-3371497","HSP90 chaperone cycle for steroid hormone receptors (SHR)","1/53","15/2914",0.241188707401294,0.403888886292337,0.290889502592819,"AR",1
"R-HSA-392517","R-HSA-392517","Rap1 signalling","1/53","15/2914",0.241188707401294,0.403888886292337,0.290889502592819,"YWHAZ",1
"R-HSA-427413","R-HSA-427413","NoRC negatively regulates rRNA expression","1/53","15/2914",0.241188707401294,0.403888886292337,0.290889502592819,"HDAC1",1
"R-HSA-5693537","R-HSA-5693537","Resolution of D-Loop Structures","1/53","15/2914",0.241188707401294,0.403888886292337,0.290889502592819,"BRCA1",1
"R-HSA-5693568","R-HSA-5693568","Resolution of D-loop Structures through Holliday Junction Intermediates","1/53","15/2914",0.241188707401294,0.403888886292337,0.290889502592819,"BRCA1",1
"R-HSA-6803204","R-HSA-6803204","TP53 Regulates Transcription of Genes Involved in Cytochrome C Release","1/53","15/2914",0.241188707401294,0.403888886292337,0.290889502592819,"TP73",1
"R-HSA-8876384","R-HSA-8876384","Listeria monocytogenes entry into host cells","1/53","15/2914",0.241188707401294,0.403888886292337,0.290889502592819,"CTNNB1",1
"R-HSA-9008059","R-HSA-9008059","Interleukin-37 signaling","1/53","15/2914",0.241188707401294,0.403888886292337,0.290889502592819,"SMAD3",1
"R-HSA-74751","R-HSA-74751","Insulin receptor signalling cascade","2/53","52/2914",0.243857017984812,0.405607295907398,0.292127138326658,"MAPK1/FGF19",2
"R-HSA-74752","R-HSA-74752","Signaling by Insulin receptor","2/53","52/2914",0.243857017984812,0.405607295907398,0.292127138326658,"MAPK1/FGF19",2
"R-HSA-388841","R-HSA-388841","Costimulation by the CD28 family","2/53","53/2914",0.250659597879174,0.411765824438512,0.296562643639925,"AKT1/PPP2R5C",2
"R-HSA-111471","R-HSA-111471","Apoptotic factor-mediated response","1/53","16/2914",0.255061421615758,0.411765824438512,0.296562643639925,"MAPK1",1
"R-HSA-166208","R-HSA-166208","mTORC1-mediated signalling","1/53","16/2914",0.255061421615758,0.411765824438512,0.296562643639925,"LAMTOR3",1
"R-HSA-1810476","R-HSA-1810476","RIP-mediated NFkB activation via ZBP1","1/53","16/2914",0.255061421615758,0.411765824438512,0.296562643639925,"RELA",1
"R-HSA-3214815","R-HSA-3214815","HDACs deacetylate histones","1/53","16/2914",0.255061421615758,0.411765824438512,0.296562643639925,"HDAC1",1
"R-HSA-392451","R-HSA-392451","G beta:gamma signalling through PI3Kgamma","1/53","16/2914",0.255061421615758,0.411765824438512,0.296562643639925,"AKT1",1
"R-HSA-5627123","R-HSA-5627123","RHO GTPases activate PAKs","1/53","16/2914",0.255061421615758,0.411765824438512,0.296562643639925,"PPP1CB",1
"R-HSA-622312","R-HSA-622312","Inflammasomes","1/53","16/2914",0.255061421615758,0.411765824438512,0.296562643639925,"RELA",1
"R-HSA-8941858","R-HSA-8941858","Regulation of RUNX3 expression and activity","1/53","16/2914",0.255061421615758,0.411765824438512,0.296562643639925,"TGFB1",1
"R-HSA-190236","R-HSA-190236","Signaling by FGFR","2/53","55/2914",0.264283968826826,0.424059088653666,0.305416518143914,"MAPK1/FGF19",2
"R-HSA-168927","R-HSA-168927","TICAM1, RIP1-mediated IKK complex recruitment","1/53","17/2914",0.268685212041695,0.424059088653666,0.305416518143914,"UBE2D3",1
"R-HSA-2029485","R-HSA-2029485","Role of phospholipids in phagocytosis","1/53","17/2914",0.268685212041695,0.424059088653666,0.305416518143914,"PRKCD",1
"R-HSA-418592","R-HSA-418592","ADP signalling through P2Y purinoceptor 1","1/53","17/2914",0.268685212041695,0.424059088653666,0.305416518143914,"MAPK14",1
"R-HSA-5250941","R-HSA-5250941","Negative epigenetic regulation of rRNA expression","1/53","17/2914",0.268685212041695,0.424059088653666,0.305416518143914,"HDAC1",1
"R-HSA-5607761","R-HSA-5607761","Dectin-1 mediated noncanonical NF-kB signaling","1/53","17/2914",0.268685212041695,0.424059088653666,0.305416518143914,"RELA",1
"R-HSA-9013695","R-HSA-9013695","NOTCH4 Intracellular Domain Regulates Transcription","1/53","17/2914",0.268685212041695,0.424059088653666,0.305416518143914,"SMAD3",1
"R-HSA-1234176","R-HSA-1234176","Oxygen-dependent proline hydroxylation of Hypoxia-inducible Factor Alpha","1/53","18/2914",0.282064460837619,0.442348710012011,0.318589098623609,"UBE2D3",1
"R-HSA-5610783","R-HSA-5610783","Degradation of GLI2 by the proteasome","1/53","18/2914",0.282064460837619,0.442348710012011,0.318589098623609,"GSK3B",1
"R-HSA-1280218","R-HSA-1280218","Adaptive Immune System","7/53","296/2914",0.289288241620048,0.447332872406733,0.322178800071331,"UBE2D3/AKT1/RELA/NFATC2/FKBP1A/PPP2R5C/YWHAZ",7
"R-HSA-9006934","R-HSA-9006934","Signaling by Receptor Tyrosine Kinases","8/53","347/2914",0.292056068062653,0.447332872406733,0.322178800071331,"CTNNB1/AKT1/PRKCD/MAPK1/FGF19/CREB1/MAPK14/DUSP7",8
"R-HSA-1606322","R-HSA-1606322","ZBP1(DAI) mediated induction of type I IFNs","1/53","19/2914",0.295203474503228,0.447332872406733,0.322178800071331,"RELA",1
"R-HSA-421270","R-HSA-421270","Cell-cell junction organization","1/53","19/2914",0.295203474503228,0.447332872406733,0.322178800071331,"CTNNB1",1
"R-HSA-5218921","R-HSA-5218921","VEGFR2 mediated cell proliferation","1/53","19/2914",0.295203474503228,0.447332872406733,0.322178800071331,"PRKCD",1
"R-HSA-5610785","R-HSA-5610785","GLI3 is processed to GLI3R by the proteasome","1/53","19/2914",0.295203474503228,0.447332872406733,0.322178800071331,"GSK3B",1
"R-HSA-5621575","R-HSA-5621575","CD209 (DC-SIGN) signaling","1/53","19/2914",0.295203474503228,0.447332872406733,0.322178800071331,"RELA",1
"R-HSA-5654719","R-HSA-5654719","SHC-mediated cascade:FGFR4","1/53","19/2914",0.295203474503228,0.447332872406733,0.322178800071331,"FGF19",1
"R-HSA-5654720","R-HSA-5654720","PI-3K cascade:FGFR4","1/53","19/2914",0.295203474503228,0.447332872406733,0.322178800071331,"FGF19",1
"R-HSA-73762","R-HSA-73762","RNA Polymerase I Transcription Initiation","1/53","19/2914",0.295203474503228,0.447332872406733,0.322178800071331,"HDAC1",1
"R-HSA-9609507","R-HSA-9609507","Protein localization","1/53","19/2914",0.295203474503228,0.447332872406733,0.322178800071331,"UBE2D3",1
"R-HSA-112316","R-HSA-112316","Neuronal System","3/53","105/2914",0.298100726276931,0.450341769971878,0.32434587310994,"PRKAA1/MAPK1/CREB1",3
"R-HSA-167044","R-HSA-167044","Signalling to RAS","1/53","20/2914",0.308106485159992,0.452989891872131,0.32625310771954,"MAPK14",1
"R-HSA-199977","R-HSA-199977","ER to Golgi Anterograde Transport","1/53","20/2914",0.308106485159992,0.452989891872131,0.32625310771954,"CSNK1D",1
"R-HSA-437239","R-HSA-437239","Recycling pathway of L1","1/53","20/2914",0.308106485159992,0.452989891872131,0.32625310771954,"MAPK1",1
"R-HSA-5260271","R-HSA-5260271","Diseases of Immune System","1/53","20/2914",0.308106485159992,0.452989891872131,0.32625310771954,"RELA",1
"R-HSA-5602358","R-HSA-5602358","Diseases associated with the TLR signaling cascade","1/53","20/2914",0.308106485159992,0.452989891872131,0.32625310771954,"RELA",1
"R-HSA-73854","R-HSA-73854","RNA Polymerase I Promoter Clearance","1/53","20/2914",0.308106485159992,0.452989891872131,0.32625310771954,"HDAC1",1
"R-HSA-73864","R-HSA-73864","RNA Polymerase I Transcription","1/53","20/2914",0.308106485159992,0.452989891872131,0.32625310771954,"HDAC1",1
"R-HSA-8936459","R-HSA-8936459","RUNX1 regulates genes involved in megakaryocyte differentiation and platelet function","1/53","20/2914",0.308106485159992,0.452989891872131,0.32625310771954,"HDAC1",1
"R-HSA-937041","R-HSA-937041","IKK complex recruitment mediated by RIP1","1/53","20/2914",0.308106485159992,0.452989891872131,0.32625310771954,"UBE2D3",1
"R-HSA-2029480","R-HSA-2029480","Fcgamma receptor (FCGR) dependent phagocytosis","2/53","62/2914",0.311929514507438,0.454552153883995,0.32737828257573,"PRKCD/MAPK1",2
"R-HSA-69481","R-HSA-69481","G2/M Checkpoints","2/53","62/2914",0.311929514507438,0.454552153883995,0.32737828257573,"BRCA1/YWHAZ",2
"R-HSA-983231","R-HSA-983231","Factors involved in megakaryocyte development and platelet production","2/53","62/2914",0.311929514507438,0.454552153883995,0.32737828257573,"GATA2/HDAC1",2
"R-HSA-422475","R-HSA-422475","Axon guidance","6/53","254/2914",0.313678672430568,0.455356781593041,0.327957792837093,"CSNK2A2/MAPK1/GSK3B/CSNK2A1/CREB1/MAPK14",6
"R-HSA-3247509","R-HSA-3247509","Chromatin modifying enzymes","3/53","109/2914",0.318315440837356,0.455356781593041,0.327957792837093,"HDAC1/RELA/KDM6A",3
"R-HSA-4839726","R-HSA-4839726","Chromatin organization","3/53","109/2914",0.318315440837356,0.455356781593041,0.327957792837093,"HDAC1/RELA/KDM6A",3
"R-HSA-3781865","R-HSA-3781865","Diseases of glycosylation","1/53","21/2914",0.320777651810482,0.455356781593041,0.327957792837093,"FMOD",1
"R-HSA-389357","R-HSA-389357","CD28 dependent PI3K/Akt signaling","1/53","21/2914",0.320777651810482,0.455356781593041,0.327957792837093,"AKT1",1
"R-HSA-397795","R-HSA-397795","G-protein beta:gamma signalling","1/53","21/2914",0.320777651810482,0.455356781593041,0.327957792837093,"AKT1",1
"R-HSA-450302","R-HSA-450302","activated TAK1 mediates p38 MAPK activation","1/53","21/2914",0.320777651810482,0.455356781593041,0.327957792837093,"MAPK14",1
"R-HSA-5654712","R-HSA-5654712","FRS-mediated FGFR4 signaling","1/53","21/2914",0.320777651810482,0.455356781593041,0.327957792837093,"FGF19",1
"R-HSA-933542","R-HSA-933542","TRAF6 mediated NF-kB activation","1/53","21/2914",0.320777651810482,0.455356781593041,0.327957792837093,"RELA",1
"R-HSA-1980143","R-HSA-1980143","Signaling by NOTCH1","2/53","64/2914",0.32546293025868,0.460683918475037,0.331794511921079,"HDAC1/HDAC4",2
"R-HSA-1250196","R-HSA-1250196","SHC1 events in ERBB2 signaling","1/53","22/2914",0.333221061576831,0.467645467099302,0.336808369656007,"PRKCD",1
"R-HSA-1500620","R-HSA-1500620","Meiosis","1/53","22/2914",0.333221061576831,0.467645467099302,0.336808369656007,"BRCA1",1
"R-HSA-8866654","R-HSA-8866654","E3 ubiquitin ligases ubiquitinate target proteins","1/53","22/2914",0.333221061576831,0.467645467099302,0.336808369656007,"UBE2D3",1
"R-HSA-168928","R-HSA-168928","DDX58/IFIH1-mediated induction of interferon-alpha/beta","2/53","66/2914",0.338934064774906,0.471402544402745,0.339514297907794,"UBE2D3/RELA",2
"R-HSA-69275","R-HSA-69275","G2/M Transition","2/53","66/2914",0.338934064774906,0.471402544402745,0.339514297907794,"PPP1CB/CSNK1D",2
"R-HSA-69620","R-HSA-69620","Cell Cycle Checkpoints","3/53","114/2914",0.343638331107101,0.471402544402745,0.339514297907794,"BRCA1/PPP2R5C/YWHAZ",3
"R-HSA-1912408","R-HSA-1912408","Pre-NOTCH Transcription and Translation","1/53","23/2914",0.345440730918611,0.471402544402745,0.339514297907794,"E2F1",1
"R-HSA-3000170","R-HSA-3000170","Syndecan interactions","1/53","23/2914",0.345440730918611,0.471402544402745,0.339514297907794,"TGFB1",1
"R-HSA-392518","R-HSA-392518","Signal amplification","1/53","23/2914",0.345440730918611,0.471402544402745,0.339514297907794,"MAPK14",1
"R-HSA-5685938","R-HSA-5685938","HDR through Single Strand Annealing (SSA)","1/53","23/2914",0.345440730918611,0.471402544402745,0.339514297907794,"BRCA1",1
"R-HSA-5693616","R-HSA-5693616","Presynaptic phase of homologous DNA pairing and strand exchange","1/53","23/2914",0.345440730918611,0.471402544402745,0.339514297907794,"BRCA1",1
"R-HSA-69002","R-HSA-69002","DNA Replication Pre-Initiation","1/53","23/2914",0.345440730918611,0.471402544402745,0.339514297907794,"E2F1",1
"R-HSA-948021","R-HSA-948021","Transport to the Golgi and subsequent modification","1/53","23/2914",0.345440730918611,0.471402544402745,0.339514297907794,"CSNK1D",1
"R-HSA-1169091","R-HSA-1169091","Activation of NF-kappaB in B cells","1/53","24/2914",0.357440606830514,0.477231512903443,0.343712446966468,"RELA",1
"R-HSA-1234174","R-HSA-1234174","Cellular response to hypoxia","1/53","24/2914",0.357440606830514,0.477231512903443,0.343712446966468,"UBE2D3",1
"R-HSA-1474165","R-HSA-1474165","Reproduction","1/53","24/2914",0.357440606830514,0.477231512903443,0.343712446966468,"BRCA1",1
"R-HSA-186712","R-HSA-186712","Regulation of beta-cell development","1/53","24/2914",0.357440606830514,0.477231512903443,0.343712446966468,"AKT1",1
"R-HSA-2559586","R-HSA-2559586","DNA Damage/Telomere Stress Induced Senescence","1/53","24/2914",0.357440606830514,0.477231512903443,0.343712446966468,"RB1",1
"R-HSA-5693579","R-HSA-5693579","Homologous DNA Pairing and Strand Exchange","1/53","24/2914",0.357440606830514,0.477231512903443,0.343712446966468,"BRCA1",1
"R-HSA-8863795","R-HSA-8863795","Downregulation of ERBB2 signaling","1/53","24/2914",0.357440606830514,0.477231512903443,0.343712446966468,"AKT1",1
"R-HSA-982772","R-HSA-982772","Growth hormone receptor signaling","1/53","24/2914",0.357440606830514,0.477231512903443,0.343712446966468,"MAPK1",1
"R-HSA-556833","R-HSA-556833","Metabolism of lipids","3/53","119/2914",0.368921585652073,0.482531578312018,0.347529668590373,"PPP1CB/CSNK2A2/CSNK2A1",3
"R-HSA-354192","R-HSA-354192","Integrin alphaIIb beta3 signaling","1/53","25/2914",0.369224568020127,0.482531578312018,0.347529668590373,"AKT1",1
"R-HSA-380259","R-HSA-380259","Loss of Nlp from mitotic centrosomes","1/53","25/2914",0.369224568020127,0.482531578312018,0.347529668590373,"CSNK1D",1
"R-HSA-380284","R-HSA-380284","Loss of proteins required for interphase microtubule organization from the centrosome","1/53","25/2914",0.369224568020127,0.482531578312018,0.347529668590373,"CSNK1D",1
"R-HSA-456926","R-HSA-456926","Thrombin signalling through proteinase activated receptors (PARs)","1/53","25/2914",0.369224568020127,0.482531578312018,0.347529668590373,"MAPK1",1
"R-HSA-5663213","R-HSA-5663213","RHO GTPases Activate WASPs and WAVEs","1/53","25/2914",0.369224568020127,0.482531578312018,0.347529668590373,"MAPK1",1
"R-HSA-9006921","R-HSA-9006921","Integrin signaling","1/53","25/2914",0.369224568020127,0.482531578312018,0.347529668590373,"AKT1",1
"R-HSA-9007101","R-HSA-9007101","Rab regulation of trafficking","1/53","25/2914",0.369224568020127,0.482531578312018,0.347529668590373,"AKT1",1
"R-HSA-380320","R-HSA-380320","Recruitment of NuMA to mitotic centrosomes","1/53","26/2914",0.380796426066141,0.491157792367294,0.353742454336556,"CSNK1D",1
"R-HSA-5654716","R-HSA-5654716","Downstream signaling of activated FGFR4","1/53","26/2914",0.380796426066141,0.491157792367294,0.353742454336556,"FGF19",1
"R-HSA-8854518","R-HSA-8854518","AURKA Activation by TPX2","1/53","26/2914",0.380796426066141,0.491157792367294,0.353742454336556,"CSNK1D",1
"R-HSA-8939902","R-HSA-8939902","Regulation of RUNX2 expression and activity","1/53","26/2914",0.380796426066141,0.491157792367294,0.353742454336556,"GSK3B",1
"R-HSA-936440","R-HSA-936440","Negative regulators of DDX58/IFIH1 signaling","1/53","26/2914",0.380796426066141,0.491157792367294,0.353742454336556,"UBE2D3",1
"R-HSA-380270","R-HSA-380270","Recruitment of mitotic centrosome proteins and complexes","1/53","27/2914",0.39215992655731,0.496735906972592,0.357759932999651,"CSNK1D",1
"R-HSA-380287","R-HSA-380287","Centrosome maturation","1/53","27/2914",0.39215992655731,0.496735906972592,0.357759932999651,"CSNK1D",1
"R-HSA-445989","R-HSA-445989","TAK1 activates NFkB by phosphorylation and activation of IKKs complex","1/53","27/2914",0.39215992655731,0.496735906972592,0.357759932999651,"RELA",1
"R-HSA-5654732","R-HSA-5654732","Negative regulation of FGFR3 signaling","1/53","27/2914",0.39215992655731,0.496735906972592,0.357759932999651,"MAPK1",1
"R-HSA-5689603","R-HSA-5689603","UCH proteinases","1/53","27/2914",0.39215992655731,0.496735906972592,0.357759932999651,"TGFB1",1
"R-HSA-5693571","R-HSA-5693571","Nonhomologous End-Joining (NHEJ)","1/53","27/2914",0.39215992655731,0.496735906972592,0.357759932999651,"BRCA1",1
"R-HSA-8852135","R-HSA-8852135","Protein ubiquitination","1/53","27/2914",0.39215992655731,0.496735906972592,0.357759932999651,"UBE2D3",1
"R-HSA-5620912","R-HSA-5620912","Anchoring of the basal body to the plasma membrane","1/53","28/2914",0.403318750212475,0.509002824796289,0.366594832263256,"CSNK1D",1
"R-HSA-193704","R-HSA-193704","p75 NTR receptor-mediated signalling","2/53","76/2914",0.404935445637534,0.509002824796289,0.366594832263256,"HDAC1/RELA",2
"R-HSA-3858494","R-HSA-3858494","Beta-catenin independent WNT signaling","2/53","76/2914",0.404935445637534,0.509002824796289,0.366594832263256,"CTNNB1/WNT1",2
"R-HSA-141424","R-HSA-141424","Amplification of signal from the kinetochores","1/53","29/2914",0.414276513981962,0.511631494767723,0.368488057173429,"PPP2R5C",1
"R-HSA-141444","R-HSA-141444","Amplification  of signal from unattached  kinetochores via a MAD2  inhibitory signal","1/53","29/2914",0.414276513981962,0.511631494767723,0.368488057173429,"PPP2R5C",1
"R-HSA-1912422","R-HSA-1912422","Pre-NOTCH Expression and Processing","1/53","29/2914",0.414276513981962,0.511631494767723,0.368488057173429,"E2F1",1
"R-HSA-1980145","R-HSA-1980145","Signaling by NOTCH2","1/53","29/2914",0.414276513981962,0.511631494767723,0.368488057173429,"CREB1",1
"R-HSA-2871809","R-HSA-2871809","FCERI mediated Ca+2 mobilization","1/53","29/2914",0.414276513981962,0.511631494767723,0.368488057173429,"NFATC2",1
"R-HSA-418597","R-HSA-418597","G alpha (z) signalling events","1/53","29/2914",0.414276513981962,0.511631494767723,0.368488057173429,"PRKCD",1
"R-HSA-5673000","R-HSA-5673000","RAF activation","1/53","29/2914",0.414276513981962,0.511631494767723,0.368488057173429,"PPP2R5C",1
"R-HSA-168254","R-HSA-168254","Influenza Infection","1/53","30/2914",0.425036772130647,0.519723181763712,0.374315864982175,"TGFB1",1
"R-HSA-2871796","R-HSA-2871796","FCERI mediated MAPK activation","1/53","30/2914",0.425036772130647,0.519723181763712,0.374315864982175,"MAPK1",1
"R-HSA-5654726","R-HSA-5654726","Negative regulation of FGFR1 signaling","1/53","30/2914",0.425036772130647,0.519723181763712,0.374315864982175,"MAPK1",1
"R-HSA-6791312","R-HSA-6791312","TP53 Regulates Transcription of Cell Cycle Genes","1/53","30/2914",0.425036772130647,0.519723181763712,0.374315864982175,"E2F1",1
"R-HSA-1430728","R-HSA-1430728","Metabolism","6/53","289/2914",0.431430935622898,0.526239215302991,0.379008853126808,"AKT1/PPP1CB/CSNK2A2/STK11/CSNK2A1/FMOD",6
"R-HSA-196854","R-HSA-196854","Metabolism of vitamins and cofactors","1/53","31/2914",0.435603017303003,0.527421300361969,0.37986021632718,"AKT1",1
"R-HSA-3214841","R-HSA-3214841","PKMTs methylate histone lysines","1/53","31/2914",0.435603017303003,0.527421300361969,0.37986021632718,"RELA",1
"R-HSA-389356","R-HSA-389356","CD28 co-stimulation","1/53","31/2914",0.435603017303003,0.527421300361969,0.37986021632718,"AKT1",1
"R-HSA-446652","R-HSA-446652","Interleukin-1 family signaling","2/53","82/2914",0.443100026891909,0.534741428873261,0.385132331044454,"SMAD3/RELA",2
"R-HSA-2151201","R-HSA-2151201","Transcriptional activation of mitochondrial biogenesis","1/53","32/2914",0.445978681570412,0.534741428873261,0.385132331044454,"CREB1",1
"R-HSA-5654727","R-HSA-5654727","Negative regulation of FGFR2 signaling","1/53","32/2914",0.445978681570412,0.534741428873261,0.385132331044454,"MAPK1",1
"R-HSA-6802948","R-HSA-6802948","Signaling by high-kinase activity BRAF mutants","1/53","32/2914",0.445978681570412,0.534741428873261,0.385132331044454,"MAPK1",1
"R-HSA-168638","R-HSA-168638","NOD1/2 Signaling Pathway","1/53","33/2914",0.456167137461033,0.543003773266868,0.391083049998298,"MAPK14",1
"R-HSA-5685942","R-HSA-5685942","HDR through Homologous Recombination (HRR)","1/53","33/2914",0.456167137461033,0.543003773266868,0.391083049998298,"BRCA1",1
"R-HSA-76009","R-HSA-76009","Platelet Aggregation (Plug Formation)","1/53","33/2914",0.456167137461033,0.543003773266868,0.391083049998298,"AKT1",1
"R-HSA-2500257","R-HSA-2500257","Resolution of Sister Chromatid Cohesion","1/53","34/2914",0.46617169897251,0.549615320506969,0.395844829173994,"PPP2R5C",1
"R-HSA-446203","R-HSA-446203","Asparagine N-linked glycosylation","1/53","34/2914",0.46617169897251,0.549615320506969,0.395844829173994,"CSNK1D",1
"R-HSA-5693565","R-HSA-5693565","Recruitment and ATM-mediated phosphorylation of repair and signaling proteins at DNA double strand breaks","1/53","34/2914",0.46617169897251,0.549615320506969,0.395844829173994,"BRCA1",1
"R-HSA-6796648","R-HSA-6796648","TP53 Regulates Transcription of DNA Repair Genes","1/53","34/2914",0.46617169897251,0.549615320506969,0.395844829173994,"BRCA1",1
"R-HSA-373752","R-HSA-373752","Netrin-1 signaling","1/53","35/2914",0.475995622567807,0.554579805538908,0.399420358559878,"MAPK14",1
"R-HSA-446728","R-HSA-446728","Cell junction organization","1/53","35/2914",0.475995622567807,0.554579805538908,0.399420358559878,"CTNNB1",1
"R-HSA-5576891","R-HSA-5576891","Cardiac conduction","1/53","35/2914",0.475995622567807,0.554579805538908,0.399420358559878,"WWTR1",1
"R-HSA-5610787","R-HSA-5610787","Hedgehog 'off' state","1/53","35/2914",0.475995622567807,0.554579805538908,0.399420358559878,"GSK3B",1
"R-HSA-5693606","R-HSA-5693606","DNA Double Strand Break Response","1/53","35/2914",0.475995622567807,0.554579805538908,0.399420358559878,"BRCA1",1
"R-HSA-199991","R-HSA-199991","Membrane Trafficking","3/53","144/2914",0.491611643488381,0.571426239725318,0.411553524455908,"AKT1/CSNK1D/YWHAZ",3
"R-HSA-5654741","R-HSA-5654741","Signaling by FGFR3","1/53","37/2914",0.495114300047354,0.574146629632377,0.41351280804548,"MAPK1",1
"R-HSA-2871837","R-HSA-2871837","FCERI mediated NF-kB activation","1/53","38/2914",0.50441528791579,0.580841846690909,0.418334848032234,"RELA",1
"R-HSA-3108214","R-HSA-3108214","SUMOylation of DNA damage response and repair proteins","1/53","38/2914",0.50441528791579,0.580841846690909,0.418334848032234,"BRCA1",1
"R-HSA-373755","R-HSA-373755","Semaphorin interactions","1/53","38/2914",0.50441528791579,0.580841846690909,0.418334848032234,"GSK3B",1
"R-HSA-6785807","R-HSA-6785807","Interleukin-4 and Interleukin-13 signaling","2/53","94/2914",0.515312514391259,0.592010190951819,0.426378530879426,"AKT1/TGFB1",2
"R-HSA-4086398","R-HSA-4086398","Ca2+ pathway","1/53","40/2914",0.522515742598157,0.598892753697192,0.431335501277756,"CTNNB1",1
"R-HSA-5654736","R-HSA-5654736","Signaling by FGFR1","1/53","41/2914",0.531321123823731,0.60349267653151,0.434648465091947,"MAPK1",1
"R-HSA-913531","R-HSA-913531","Interferon Signaling","2/53","97/2914",0.532416516820406,0.60349267653151,0.434648465091947,"EGR1/PRKCD",2
"R-HSA-109704","R-HSA-109704","PI3K Cascade","1/53","42/2914",0.539967131633457,0.60349267653151,0.434648465091947,"FGF19",1
"R-HSA-2980736","R-HSA-2980736","Peptide hormone metabolism","1/53","42/2914",0.539967131633457,0.60349267653151,0.434648465091947,"CTNNB1",1
"R-HSA-5617833","R-HSA-5617833","Cilium Assembly","1/53","42/2914",0.539967131633457,0.60349267653151,0.434648465091947,"CSNK1D",1
"R-HSA-6802946","R-HSA-6802946","Signaling by moderate kinase activity BRAF mutants","1/53","42/2914",0.539967131633457,0.60349267653151,0.434648465091947,"MAPK1",1
"R-HSA-6802949","R-HSA-6802949","Signaling by RAS mutants","1/53","42/2914",0.539967131633457,0.60349267653151,0.434648465091947,"MAPK1",1
"R-HSA-6802955","R-HSA-6802955","Paradoxical activation of RAF signaling by kinase inactive BRAF","1/53","42/2914",0.539967131633457,0.60349267653151,0.434648465091947,"MAPK1",1
"R-HSA-69618","R-HSA-69618","Mitotic Spindle Checkpoint","1/53","42/2914",0.539967131633457,0.60349267653151,0.434648465091947,"PPP2R5C",1
"R-HSA-909733","R-HSA-909733","Interferon alpha/beta signaling","1/53","42/2914",0.539967131633457,0.60349267653151,0.434648465091947,"EGR1",1
"R-HSA-9649948","R-HSA-9649948","Signaling downstream of RAS mutants","1/53","42/2914",0.539967131633457,0.60349267653151,0.434648465091947,"MAPK1",1
"R-HSA-202424","R-HSA-202424","Downstream TCR signaling","1/53","43/2914",0.548456596126293,0.610219726320696,0.439493431699116,"RELA",1
"R-HSA-2029482","R-HSA-2029482","Regulation of actin dynamics for phagocytic cup formation","1/53","43/2914",0.548456596126293,0.610219726320696,0.439493431699116,"MAPK1",1
"R-HSA-1474244","R-HSA-1474244","Extracellular matrix organization","3/53","157/2914",0.551017293221685,0.611691107531488,0.440553152238745,"TGFB1/LTBP1/FMOD",3
"R-HSA-4086400","R-HSA-4086400","PCP/CE pathway","1/53","44/2914",0.556792298113512,0.615336454738423,0.443178610060914,"WNT1",1
"R-HSA-71387","R-HSA-71387","Metabolism of carbohydrates","1/53","44/2914",0.556792298113512,0.615336454738423,0.443178610060914,"FMOD",1
"R-HSA-5653656","R-HSA-5653656","Vesicle-mediated transport","3/53","160/2914",0.564168540986107,0.621600497016341,0.447690108654429,"AKT1/CSNK1D/YWHAZ",3
"R-HSA-512988","R-HSA-512988","Interleukin-3, Interleukin-5 and GM-CSF signaling","1/53","45/2914",0.564976969960197,0.621600497016341,0.447690108654429,"YWHAZ",1
"R-HSA-112399","R-HSA-112399","IRS-mediated signalling","1/53","46/2914",0.573013296412658,0.627646493188144,0.452044565731073,"FGF19",1
"R-HSA-6802952","R-HSA-6802952","Signaling by BRAF and RAF fusions","1/53","46/2914",0.573013296412658,0.627646493188144,0.452044565731073,"MAPK1",1
"R-HSA-5663220","R-HSA-5663220","RHO GTPases Activate Formins","1/53","47/2914",0.580903915412005,0.629739206859225,0.453551783333514,"PPP2R5C",1
"R-HSA-877300","R-HSA-877300","Interferon gamma signaling","1/53","47/2914",0.580903915412005,0.629739206859225,0.453551783333514,"PRKCD",1
"R-HSA-8848021","R-HSA-8848021","Signaling by PTK6","1/53","47/2914",0.580903915412005,0.629739206859225,0.453551783333514,"AKT1",1
"R-HSA-9006927","R-HSA-9006927","Signaling by Non-Receptor Tyrosine Kinases","1/53","47/2914",0.580903915412005,0.629739206859225,0.453551783333514,"AKT1",1
"R-HSA-73887","R-HSA-73887","Death Receptor Signalling","2/53","106/2914",0.581297729408515,0.629739206859225,0.453551783333514,"HDAC1/RELA",2
"R-HSA-416476","R-HSA-416476","G alpha (q) signalling events","3/53","165/2914",0.585585227565453,0.632995847740337,0.455897286461184,"PRKCD/MAPK1/CREB1",3
"R-HSA-5693607","R-HSA-5693607","Processing of DNA double-strand break ends","1/53","48/2914",0.588651418894099,0.634920962737303,0.457283795877282,"BRCA1",1
"R-HSA-3000171","R-HSA-3000171","Non-integrin membrane-ECM interactions","1/53","49/2914",0.596258353576099,0.638940621836428,0.460178841211831,"TGFB1",1
"R-HSA-6802957","R-HSA-6802957","Oncogenic MAPK signaling","1/53","49/2914",0.596258353576099,0.638940621836428,0.460178841211831,"MAPK1",1
"R-HSA-9018519","R-HSA-9018519","Estrogen-dependent gene expression","1/53","49/2914",0.596258353576099,0.638940621836428,0.460178841211831,"HDAC1",1
"R-HSA-2428928","R-HSA-2428928","IRS-related events triggered by IGF1R","1/53","50/2914",0.60372722172984,0.642761309341683,0.462930582905367,"FGF19",1
"R-HSA-5654738","R-HSA-5654738","Signaling by FGFR2","1/53","50/2914",0.60372722172984,0.642761309341683,0.462930582905367,"MAPK1",1
"R-HSA-8957275","R-HSA-8957275","Post-translational protein phosphorylation","1/53","50/2914",0.60372722172984,0.642761309341683,0.462930582905367,"LTBP1",1
"R-HSA-2404192","R-HSA-2404192","Signaling by Type 1 Insulin-like Growth Factor 1 Receptor (IGF1R)","1/53","51/2914",0.611060481942242,0.645008286494589,0.464548904400535,"FGF19",1
"R-HSA-2428924","R-HSA-2428924","IGF1R signaling cascade","1/53","51/2914",0.611060481942242,0.645008286494589,0.464548904400535,"FGF19",1
"R-HSA-69306","R-HSA-69306","DNA Replication","1/53","51/2914",0.611060481942242,0.645008286494589,0.464548904400535,"E2F1",1
"R-HSA-8951664","R-HSA-8951664","Neddylation","1/53","51/2914",0.611060481942242,0.645008286494589,0.464548904400535,"UBE2D3",1
"R-HSA-397014","R-HSA-397014","Muscle contraction","1/53","53/2914",0.625329798939587,0.658662943872401,0.474383283675414,"WWTR1",1
"R-HSA-163685","R-HSA-163685","Integration of energy metabolism","1/53","55/2914",0.63908512766461,0.670293106297914,0.482759577943096,"STK11",1
"R-HSA-5358351","R-HSA-5358351","Signaling by Hedgehog","1/53","55/2914",0.63908512766461,0.670293106297914,0.482759577943096,"GSK3B",1
"R-HSA-2467813","R-HSA-2467813","Separation of Sister Chromatids","1/53","56/2914",0.645775749642146,0.675875466786484,0.486780114583063,"PPP2R5C",1
"R-HSA-1500931","R-HSA-1500931","Cell-Cell communication","1/53","57/2914",0.652344638819531,0.679869729065081,0.489656868578729,"CTNNB1",1
"R-HSA-9020702","R-HSA-9020702","Interleukin-1 signaling","1/53","57/2914",0.652344638819531,0.679869729065081,0.489656868578729,"RELA",1
"R-HSA-114608","R-HSA-114608","Platelet degranulation ","1/53","59/2914",0.665125872886984,0.688830568566395,0.496110658801281,"TGFB1",1
"R-HSA-202403","R-HSA-202403","TCR signaling","1/53","59/2914",0.665125872886984,0.688830568566395,0.496110658801281,"RELA",1
"R-HSA-5693567","R-HSA-5693567","HDR through Homologous Recombination (HRR) or Single Strand Annealing (SSA)","1/53","59/2914",0.665125872886984,0.688830568566395,0.496110658801281,"BRCA1",1
"R-HSA-68882","R-HSA-68882","Mitotic Anaphase","1/53","60/2914",0.671342450378049,0.693814164198235,0.49969995205413,"PPP2R5C",1
"R-HSA-5663205","R-HSA-5663205","Infectious disease","2/53","126/2914",0.676531726179489,0.695755106473028,0.501097860617693,"CTNNB1/TGFB1",2
"R-HSA-2555396","R-HSA-2555396","Mitotic Metaphase and Anaphase","1/53","61/2914",0.677445761565843,0.695755106473028,0.501097860617693,"PPP2R5C",1
"R-HSA-381426","R-HSA-381426","Regulation of Insulin-like Growth Factor (IGF) transport and uptake by Insulin-like Growth Factor Binding Proteins (IGFBPs)","1/53","61/2914",0.677445761565843,0.695755106473028,0.501097860617693,"LTBP1",1
"R-HSA-76005","R-HSA-76005","Response to elevated platelet cytosolic Ca2+","1/53","62/2914",0.683437831189751,0.700452880928915,0.504481299283983,"TGFB1",1
"R-HSA-5693538","R-HSA-5693538","Homology Directed Repair","1/53","63/2914",0.689320648492326,0.705019462433145,0.507770249951849,"BRCA1",1
"R-HSA-373080","R-HSA-373080","Class B/2 (Secretin family receptors)","1/53","65/2914",0.700766309269734,0.715244952023241,0.515134868493193,"WNT1",1
"R-HSA-202733","R-HSA-202733","Cell surface interactions at the vascular wall","1/53","69/2914",0.722430330144864,0.735836253797036,0.529965168939694,"TGFB1",1
"R-HSA-2219530","R-HSA-2219530","Constitutive Signaling by Aberrant PI3K in Cancer","1/53","72/2914",0.737661071675329,0.749803640756405,0.540024782816247,"FGF19",1
"R-HSA-418594","R-HSA-418594","G alpha (i) signalling events","3/53","217/2914",0.767897419928158,0.77893495984499,0.561005788254009,"PRKCD/MAPK1/CREB1",3
"R-HSA-5693532","R-HSA-5693532","DNA Double-Strand Break Repair","1/53","81/2914",0.778599828260564,0.788172776968686,0.56765906374476,"BRCA1",1
"R-HSA-983168","R-HSA-983168","Antigen processing: Ubiquitination & Proteasome degradation","1/53","88/2914",0.806043636122403,0.81428539109298,0.586465932643144,"UBE2D3",1
"R-HSA-983169","R-HSA-983169","Class I MHC mediated antigen processing & presentation","1/53","115/2914",0.883944764252149,0.891160639878697,0.641833147835072,"UBE2D3",1
"R-HSA-73894","R-HSA-73894","DNA Repair","1/53","157/2914",0.948315430613509,0.954109618580598,0.687170362412619,"BRCA1",1
"R-HSA-372790","R-HSA-372790","Signaling by GPCR","5/53","486/2914",0.955644234335543,0.959528966995443,0.691073494234945,"AKT1/PRKCD/MAPK1/WNT1/CREB1",5
"R-HSA-388396","R-HSA-388396","GPCR downstream signalling","4/53","436/2914",0.967559038980678,0.969521633380233,0.698270428473298,"AKT1/PRKCD/MAPK1/CREB1",4
"R-HSA-500792","R-HSA-500792","GPCR ligand binding","1/53","317/2914",0.99789295158919,0.99789295158919,0.71870406485648,"WNT1",1
