"","ID","Description","GeneRatio","BgRatio","pvalue","p.adjust","qvalue","geneID","Count"
"R-HSA-5674400","R-HSA-5674400","Constitutive Signaling by AKT1 E17K in Cancer","8/23","24/2914",2.62303760578607e-12,6.42644213417586e-10,4.41774754658706e-10,"AKT1/AKT2/AKT3/FOXO1/GSK3A/GSK3B/NR4A1/PDPK1",8
"R-HSA-8878166","R-HSA-8878166","Transcriptional regulation by RUNX2","9/23","62/2914",3.18788120096344e-10,3.90515447118021e-08,2.68453153765342e-08,"AKT1/AKT2/AKT3/GSK3B/PPARGC1A/TWIST1/SMAD1/SMAD4/ESRRA",9
"R-HSA-198323","R-HSA-198323","AKT phosphorylates targets in the cytosol","5/23","13/2914",2.38124786511547e-08,1.94468575651097e-06,1.33684090673149e-06,"AKT1/AKT2/AKT3/GSK3A/GSK3B",5
"R-HSA-9614085","R-HSA-9614085","FOXO-mediated transcription","7/23","49/2914",4.88770619731943e-08,2.99372004585815e-06,2.05798155676607e-06,"AKT1/AKT2/AKT3/FOXO1/PPARGC1A/KLF4/SMAD4",7
"R-HSA-212436","R-HSA-212436","Generic Transcription Pathway","15/23","481/2914",2.03505437747954e-07,9.97176644964976e-06,6.85492000835214e-06,"AKT1/AKT2/AKT3/FOXO1/GSK3B/NR4A1/PDPK1/PPARGC1A/TP53/TWIST1/KLF4/SMAD1/NR2F1/SMAD4/ESRRA",15
"R-HSA-73857","R-HSA-73857","RNA Polymerase II Transcription","15/23","499/2914",3.36992515244422e-07,1.12336314935999e-05,7.72236751439736e-06,"AKT1/AKT2/AKT3/FOXO1/GSK3B/NR4A1/PDPK1/PPARGC1A/TP53/TWIST1/KLF4/SMAD1/NR2F1/SMAD4/ESRRA",15
"R-HSA-397795","R-HSA-397795","G-protein beta:gamma signalling","5/23","21/2914",3.61224750624988e-07,1.12336314935999e-05,7.72236751439736e-06,"AKT1/AKT2/AKT3/PAK1/PDPK1",5
"R-HSA-2219528","R-HSA-2219528","PI3K/AKT Signaling in Cancer","8/23","97/2914",3.66812456933875e-07,1.12336314935999e-05,7.72236751439736e-06,"AKT1/AKT2/AKT3/FOXO1/GSK3A/GSK3B/NR4A1/PDPK1",8
"R-HSA-6804759","R-HSA-6804759","Regulation of TP53 Activity through Association with Co-factors","4/23","10/2914",6.01044544598514e-07,1.63617681585151e-05,1.12476172088611e-05,"AKT1/AKT2/AKT3/TP53",4
"R-HSA-5218920","R-HSA-5218920","VEGFR2 mediated vascular permeability","5/23","25/2914",9.23784516341246e-07,1.91827475264249e-05,1.31868511459849e-05,"AKT1/AKT2/AKT3/PAK1/PDPK1",5
"R-HSA-210745","R-HSA-210745","Regulation of gene expression in beta cells","4/23","11/2914",9.39563144151423e-07,1.91827475264249e-05,1.31868511459849e-05,"AKT1/AKT2/AKT3/FOXO1",4
"R-HSA-9614399","R-HSA-9614399","Regulation of localization of FOXO transcription factors","4/23","11/2914",9.39563144151423e-07,1.91827475264249e-05,1.31868511459849e-05,"AKT1/AKT2/AKT3/FOXO1",4
"R-HSA-6804757","R-HSA-6804757","Regulation of TP53 Degradation","5/23","29/2914",2.02243268769643e-06,3.53925720346875e-05,2.43300172955961e-05,"AKT1/AKT2/AKT3/PDPK1/TP53",5
"R-HSA-6806003","R-HSA-6806003","Regulation of TP53 Expression and Degradation","5/23","29/2914",2.02243268769643e-06,3.53925720346875e-05,2.43300172955961e-05,"AKT1/AKT2/AKT3/PDPK1/TP53",5
"R-HSA-6804758","R-HSA-6804758","Regulation of TP53 Activity through Acetylation","4/23","14/2914",2.80555785804144e-06,4.1271910527329e-05,2.83716678168534e-05,"AKT1/AKT2/AKT3/TP53",4
"R-HSA-1257604","R-HSA-1257604","PIP3 activates AKT signaling","9/23","172/2914",2.81878925207469e-06,4.1271910527329e-05,2.83716678168534e-05,"AKT1/AKT2/AKT3/FOXO1/GSK3A/GSK3B/NR4A1/PDPK1/TP53",9
"R-HSA-389356","R-HSA-389356","CD28 co-stimulation","5/23","31/2914",2.86376522026364e-06,4.1271910527329e-05,2.83716678168534e-05,"AKT1/AKT2/AKT3/PAK1/PDPK1",5
"R-HSA-392451","R-HSA-392451","G beta:gamma signalling through PI3Kgamma","4/23","16/2914",5.04782812084198e-06,6.87065494225713e-05,4.72311403119717e-05,"AKT1/AKT2/AKT3/PDPK1",4
"R-HSA-9006925","R-HSA-9006925","Intracellular signaling by second messengers","9/23","201/2914",1.03554219206571e-05,0.000133530440555841,9.17932137011151e-05,"AKT1/AKT2/AKT3/FOXO1/GSK3A/GSK3B/NR4A1/PDPK1/TP53",9
"R-HSA-389357","R-HSA-389357","CD28 dependent PI3K/Akt signaling","4/23","21/2914",1.61701810008166e-05,0.000198084717260004,0.000136169945270035,"AKT1/AKT2/AKT3/PDPK1",4
"R-HSA-186712","R-HSA-186712","Regulation of beta-cell development","4/23","24/2914",2.8261122084428e-05,0.000329713090984993,0.000226655615714711,"AKT1/AKT2/AKT3/FOXO1",4
"R-HSA-8939902","R-HSA-8939902","Regulation of RUNX2 expression and activity","4/23","26/2914",3.93464913434405e-05,0.000438176835415587,0.000301217158610071,"GSK3B/PPARGC1A/TWIST1/ESRRA",4
"R-HSA-388841","R-HSA-388841","Costimulation by the CD28 family","5/23","53/2914",4.31418178803748e-05,0.000459554146986601,0.000315912625210983,"AKT1/AKT2/AKT3/PAK1/PDPK1",5
"R-HSA-114452","R-HSA-114452","Activation of BH3-only proteins","4/23","29/2914",6.15337751469211e-05,0.000628157287958152,0.000431815965943306,"AKT1/AKT2/AKT3/TP53",4
"R-HSA-1358803","R-HSA-1358803","Downregulation of ERBB2:ERBB3 signaling","3/23","11/2914",6.80593384705043e-05,0.000666981517010942,0.00045850501706445,"AKT1/AKT2/AKT3",3
"R-HSA-5663202","R-HSA-5663202","Diseases of signal transduction","9/23","268/2914",0.000105955726138018,0.000998428957839015,0.000686352881865703,"AKT1/AKT2/AKT3/FOXO1/GSK3A/GSK3B/NR4A1/PDPK1/SMAD4",9
"R-HSA-8876198","R-HSA-8876198","RAB GEFs exchange GTP for GDP on RABs","3/23","13/2914",0.000116757645866248,0.00105946752730485,0.000728312800725136,"AKT1/AKT2/AKT3",3
"R-HSA-5628897","R-HSA-5628897","TP53 Regulates Metabolic Genes","4/23","35/2914",0.000131450268199446,0.00115018984674515,0.000790678304959071,"AKT1/AKT2/AKT3/TP53",4
"R-HSA-9617828","R-HSA-9617828","FOXO-mediated transcription of cell cycle genes","3/23","14/2914",0.000147835488050305,0.00124895498525258,0.000858572707370192,"FOXO1/KLF4/SMAD4",3
"R-HSA-111447","R-HSA-111447","Activation of BAD and translocation to mitochondria ","3/23","15/2914",0.000183842918994591,0.00150138383845583,0.00103210059786437,"AKT1/AKT2/AKT3",3
"R-HSA-389513","R-HSA-389513","CTLA4 inhibitory signaling","3/23","19/2914",0.00038352515580884,0.00293636447416143,0.00201855345162547,"AKT1/AKT2/AKT3",3
"R-HSA-9615017","R-HSA-9615017","FOXO-mediated transcription of oxidative stress, metabolic and neuronal genes","3/23","19/2914",0.00038352515580884,0.00293636447416143,0.00201855345162547,"FOXO1/PPARGC1A/SMAD4",3
"R-HSA-4420097","R-HSA-4420097","VEGFA-VEGFR2 Pathway","5/23","85/2914",0.000417325570091376,0.00309832620219355,0.00212989126681404,"AKT1/AKT2/AKT3/PAK1/PDPK1",5
"R-HSA-109606","R-HSA-109606","Intrinsic Pathway for Apoptosis","4/23","49/2914",0.000494231285899061,0.00356137250133147,0.00244820451219349,"AKT1/AKT2/AKT3/TP53",4
"R-HSA-194138","R-HSA-194138","Signaling by VEGF","5/23","92/2914",0.000603182387035908,0.00422227670925136,0.00290253178724046,"AKT1/AKT2/AKT3/PAK1/PDPK1",5
"R-HSA-5633007","R-HSA-5633007","Regulation of TP53 Activity","5/23","95/2914",0.000699602292669679,0.00476118226955754,0.00327299318208037,"AKT1/AKT2/AKT3/PDPK1/TP53",5
"R-HSA-8863795","R-HSA-8863795","Downregulation of ERBB2 signaling","3/23","24/2914",0.000780688794196529,0.00503338827837236,0.0034601165393752,"AKT1/AKT2/AKT3",3
"R-HSA-9634638","R-HSA-9634638","Estrogen-dependent nuclear events downstream of ESR-membrane signaling","3/23","24/2914",0.000780688794196529,0.00503338827837236,0.0034601165393752,"AKT1/AKT2/AKT3",3
"R-HSA-8948751","R-HSA-8948751","Regulation of PTEN stability and activity","3/23","25/2914",0.000882582506950308,0.00540581785507064,0.00371613687136972,"AKT1/AKT2/AKT3",3
"R-HSA-9007101","R-HSA-9007101","Rab regulation of trafficking","3/23","25/2914",0.000882582506950308,0.00540581785507064,0.00371613687136972,"AKT1/AKT2/AKT3",3
"R-HSA-6807070","R-HSA-6807070","PTEN Regulation","4/23","59/2914",0.00100732912493261,0.00601940574654854,0.00413793735530727,"AKT1/AKT2/AKT3/TP53",4
"R-HSA-9009391","R-HSA-9009391","Extra-nuclear estrogen signaling","4/23","63/2914",0.00129096797207331,0.00753064650376098,0.005176813923101,"AKT1/AKT2/AKT3/PDPK1",4
"R-HSA-2151201","R-HSA-2151201","Transcriptional activation of mitochondrial biogenesis","3/23","32/2914",0.00183584060547334,0.0104600220544411,0.0071905629590143,"PPARGC1A/NRF1/ESRRA",3
"R-HSA-69242","R-HSA-69242","S Phase","4/23","71/2914",0.00201910669915804,0.0112328545511722,0.00772183341863607,"AKT1/AKT2/AKT3/GSK3B",4
"R-HSA-1266738","R-HSA-1266738","Developmental Biology","9/23","397/2914",0.00206317736654183,0.0112328545511722,0.00772183341863607,"AKT1/AKT2/AKT3/FOXO1/GSK3B/PAK1/PPARGC1A/KLF4/SMAD4",9
"R-HSA-1592230","R-HSA-1592230","Mitochondrial biogenesis","3/23","38/2914",0.00302735151349633,0.0161239374088392,0.0110841245345404,"PPARGC1A/NRF1/ESRRA",3
"R-HSA-452723","R-HSA-452723","Transcriptional regulation of pluripotent stem cells","2/23","11/2914",0.00313958810459551,0.0163659379920404,0.01125048368948,"KLF4/SMAD4",2
"R-HSA-69202","R-HSA-69202","Cyclin E associated events during G1/S transition ","3/23","39/2914",0.00326278056777549,0.0166537758146874,0.0114483528693877,"AKT1/AKT2/AKT3",3
"R-HSA-69656","R-HSA-69656","Cyclin A:Cdk2-associated events at S phase entry","3/23","40/2914",0.00350920922158241,0.017546046107912,0.0120617287959868,"AKT1/AKT2/AKT3",3
"R-HSA-1643685","R-HSA-1643685","Disease","9/23","443/2914",0.00446868198538804,0.0218965417284014,0.0150524024770966,"AKT1/AKT2/AKT3/FOXO1/GSK3A/GSK3B/NR4A1/PDPK1/SMAD4",9
"R-HSA-1227986","R-HSA-1227986","Signaling by ERBB2","3/23","44/2914",0.00460814579109273,0.0221371709572102,0.0152178189179533,"AKT1/AKT2/AKT3",3
"R-HSA-383280","R-HSA-383280","Nuclear Receptor transcription pathway","3/23","46/2914",0.005227662260017,0.0246303318020032,0.0169316996275854,"NR4A1/NR2F1/ESRRA",3
"R-HSA-1989781","R-HSA-1989781","PPARA activates gene expression","3/23","47/2914",0.00555542645520517,0.0254764170579057,0.0175133264415249,"PPARGC1A/NRF1/ESRRA",3
"R-HSA-6785807","R-HSA-6785807","Interleukin-4 and Interleukin-13 signaling","4/23","94/2914",0.00561521029031391,0.0254764170579057,0.0175133264415249,"AKT1/FOXO1/TP53/TWIST1",4
"R-HSA-400206","R-HSA-400206","Regulation of lipid metabolism by Peroxisome proliferator-activated receptor alpha (PPARalpha)","3/23","48/2914",0.00589536986638939,0.0262611930411891,0.0180528072463599,"PPARGC1A/NRF1/ESRRA",3
"R-HSA-109581","R-HSA-109581","Apoptosis","4/23","101/2914",0.00724632022149764,0.0317026509690521,0.0217934442751809,"AKT1/AKT2/AKT3/TP53",4
"R-HSA-5357801","R-HSA-5357801","Programmed Cell Death","4/23","103/2914",0.00776469238884816,0.0333745550046982,0.0229427660612319,"AKT1/AKT2/AKT3/TP53",4
"R-HSA-8939211","R-HSA-8939211","ESR-mediated signaling","4/23","108/2914",0.00916735022788866,0.0387241518247021,0.0266202547452302,"AKT1/AKT2/AKT3/PDPK1",4
"R-HSA-69206","R-HSA-69206","G1/S Transition","3/23","60/2914",0.010965874106554,0.0455362568831479,0.0313031196618847,"AKT1/AKT2/AKT3",3
"R-HSA-201451","R-HSA-201451","Signaling by BMP","2/23","23/2914",0.0136346615261116,0.0556748678982891,0.0382727341083835,"SMAD1/SMAD4",2
"R-HSA-69278","R-HSA-69278","Cell Cycle, Mitotic","5/23","191/2914",0.0146408914234057,0.0575680175067677,0.0395741473730734,"AKT1/AKT2/AKT3/GSK3B/TP53",5
"R-HSA-5625740","R-HSA-5625740","RHO GTPases activate PKNs","2/23","24/2914",0.0148032045017403,0.0575680175067677,0.0395741473730734,"PAK1/PDPK1",2
"R-HSA-8941326","R-HSA-8941326","RUNX2 regulates bone development","2/23","24/2914",0.0148032045017403,0.0575680175067677,0.0395741473730734,"SMAD1/SMAD4",2
"R-HSA-3700989","R-HSA-3700989","Transcriptional Regulation by TP53","5/23","194/2914",0.0155910856051362,0.0594447708463461,0.0408642893036107,"AKT1/AKT2/AKT3/PDPK1/TP53",5
"R-HSA-354192","R-HSA-354192","Integrin alphaIIb beta3 signaling","2/23","25/2914",0.0160136933708524,0.0594447708463461,0.0408642893036107,"AKT1/PDPK1",2
"R-HSA-9006921","R-HSA-9006921","Integrin signaling","2/23","25/2914",0.0160136933708524,0.0594447708463461,0.0408642893036107,"AKT1/PDPK1",2
"R-HSA-1445148","R-HSA-1445148","Translocation of SLC2A4 (GLUT4) to the plasma membrane","2/23","26/2914",0.0172654536673123,0.063134867887933,0.043400983295679,"AKT1/AKT2",2
"R-HSA-5621481","R-HSA-5621481","C-type lectin receptors (CLRs)","3/23","72/2914",0.0179694756778949,0.0647429638394742,0.0445064413074796,"PAK1/PDPK1/NFATC1",3
"R-HSA-165159","R-HSA-165159","mTOR signalling","2/23","27/2914",0.0185578181551061,0.0658937021449419,0.0452974966409912,"AKT1/AKT2",2
"R-HSA-9006931","R-HSA-9006931","Signaling by Nuclear Receptors","4/23","136/2914",0.0201269141615228,0.0704441995653298,0.0484256581329872,"AKT1/AKT2/AKT3/PDPK1",4
"R-HSA-453279","R-HSA-453279","Mitotic G1-G1/S phases","3/23","77/2914",0.0214818348737507,0.0741274583671678,0.0509576512942936,"AKT1/AKT2/AKT3",3
"R-HSA-1280218","R-HSA-1280218","Adaptive Immune System","6/23","296/2914",0.0237386271805866,0.0786630554613514,0.0540755698123146,"AKT1/AKT2/AKT3/PAK1/PDPK1/NFATC1",6
"R-HSA-1852241","R-HSA-1852241","Organelle biogenesis and maintenance","3/23","80/2914",0.0237594534862857,0.0786630554613514,0.0540755698123146,"PPARGC1A/NRF1/ESRRA",3
"R-HSA-5689880","R-HSA-5689880","Ub-specific processing proteases","3/23","80/2914",0.0237594534862857,0.0786630554613514,0.0540755698123146,"TP53/SMAD1/SMAD4",3
"R-HSA-3769402","R-HSA-3769402","Deactivation of the beta-catenin transactivating complex","2/23","31/2914",0.0241202227598991,0.0787927276823372,0.0541647107590718,"AKT1/AKT2",2
"R-HSA-76009","R-HSA-76009","Platelet Aggregation (Plug Formation)","2/23","33/2914",0.0271282227490365,0.0874528233357099,0.0601179451502195,"AKT1/PDPK1",2
"R-HSA-5687128","R-HSA-5687128","MAPK6/MAPK4 signaling","2/23","34/2914",0.0286867278954608,0.0912759523946479,0.0627460897234959,"FOXO1/PAK1",2
"R-HSA-2454202","R-HSA-2454202","Fc epsilon receptor (FCERI) signaling","3/23","87/2914",0.0295721293700443,0.0928868166110367,0.0638534507315397,"PAK1/PDPK1/NFATC1",3
"R-HSA-373755","R-HSA-373755","Semaphorin interactions","2/23","38/2914",0.0352699210423932,0.109381400701093,0.0751923699771207,"GSK3B/PAK1",2
"R-HSA-381340","R-HSA-381340","Transcriptional regulation of white adipocyte differentiation","2/23","40/2914",0.0387627118764682,0.118710805121684,0.0816057092136172,"PPARGC1A/KLF4",2
"R-HSA-1640170","R-HSA-1640170","Cell Cycle","5/23","249/2914",0.0410441265659703,0.122958820872476,0.0845259348640008,"AKT1/AKT2/AKT3/GSK3B/TP53",5
"R-HSA-199418","R-HSA-199418","Negative regulation of the PI3K/AKT network","3/23","99/2914",0.0411535645369104,0.122958820872476,0.0845259348640008,"AKT1/AKT2/AKT3",3
"R-HSA-109704","R-HSA-109704","PI3K Cascade","2/23","42/2914",0.042383456538328,0.125107793396269,0.0860032092090358,"AKT2/PDPK1",2
"R-HSA-195721","R-HSA-195721","Signaling by WNT","4/23","172/2914",0.0430054327863881,0.125432512293632,0.086226431651906,"AKT1/AKT2/GSK3B/NFATC1",4
"R-HSA-112399","R-HSA-112399","IRS-mediated signalling","2/23","46/2914",0.0499908866314302,0.144091379114122,0.0990531499817811,"AKT2/PDPK1",2
"R-HSA-201681","R-HSA-201681","TCF dependent signaling in response to WNT","3/23","108/2914",0.0511581571067276,0.14574126152498,0.100187333379148,"AKT1/AKT2/GSK3B",3
"R-HSA-2428928","R-HSA-2428928","IRS-related events triggered by IGF1R","2/23","50/2914",0.058057351420435,0.163494840206972,0.112391726887715,"AKT2/PDPK1",2
"R-HSA-2404192","R-HSA-2404192","Signaling by Type 1 Insulin-like Growth Factor 1 Receptor (IGF1R)","2/23","51/2914",0.0601417532031435,0.165558758817642,0.113810532377327,"AKT2/PDPK1",2
"R-HSA-2428924","R-HSA-2428924","IGF1R signaling cascade","2/23","51/2914",0.0601417532031435,0.165558758817642,0.113810532377327,"AKT2/PDPK1",2
"R-HSA-400253","R-HSA-400253","Circadian Clock","2/23","52/2914",0.0622522482306625,0.165780443657742,0.113962925822723,"PPARGC1A/BHLHE40",2
"R-HSA-74751","R-HSA-74751","Insulin receptor signalling cascade","2/23","52/2914",0.0622522482306625,0.165780443657742,0.113962925822723,"AKT2/PDPK1",2
"R-HSA-74752","R-HSA-74752","Signaling by Insulin receptor","2/23","52/2914",0.0622522482306625,0.165780443657742,0.113962925822723,"AKT2/PDPK1",2
"R-HSA-5607764","R-HSA-5607764","CLEC7A (Dectin-1) signaling","2/23","53/2914",0.0643883360576683,0.167295924934313,0.1150047174629,"PDPK1/NFATC1",2
"R-HSA-8878159","R-HSA-8878159","Transcriptional regulation by RUNX3","2/23","53/2914",0.0643883360576683,0.167295924934313,0.1150047174629,"TP53/SMAD4",2
"R-HSA-556833","R-HSA-556833","Metabolism of lipids","3/23","119/2914",0.0648698484439172,0.167295924934313,0.1150047174629,"PPARGC1A/NRF1/ESRRA",3
"R-HSA-5688426","R-HSA-5688426","Deubiquitination","3/23","124/2914",0.0716226348230353,0.182786932621288,0.125653745303571,"TP53/SMAD1/SMAD4",3
"R-HSA-2025928","R-HSA-2025928","Calcineurin activates NFAT","1/23","10/2914",0.0762978187159368,0.186929655854045,0.128501589416315,"NFATC1",1
"R-HSA-381038","R-HSA-381038","XBP1(S) activates chaperone genes","1/23","10/2914",0.0762978187159368,0.186929655854045,0.128501589416315,"GSK3A",1
"R-HSA-5250924","R-HSA-5250924","B-WICH complex positively regulates rRNA expression","1/23","10/2914",0.0762978187159368,0.186929655854045,0.128501589416315,"GSK3B",1
"R-HSA-9617629","R-HSA-9617629","Regulation of FOXO transcriptional activity by acetylation","1/23","10/2914",0.0762978187159368,0.186929655854045,0.128501589416315,"FOXO1",1
"R-HSA-202403","R-HSA-202403","TCR signaling","2/23","59/2914",0.0777149933167594,0.188516567946595,0.129592484947176,"PAK1/PDPK1",2
"R-HSA-349425","R-HSA-349425","Autodegradation of the E3 ubiquitin ligase COP1","1/23","11/2914",0.0836136417770708,0.189679094772059,0.130391644096797,"TP53",1
"R-HSA-446353","R-HSA-446353","Cell-extracellular matrix interactions","1/23","11/2914",0.0836136417770708,0.189679094772059,0.130391644096797,"ILK",1
"R-HSA-5607763","R-HSA-5607763","CLEC7A (Dectin-1) induces NFAT activation","1/23","11/2914",0.0836136417770708,0.189679094772059,0.130391644096797,"NFATC1",1
"R-HSA-5627117","R-HSA-5627117","RHO GTPases Activate ROCKs","1/23","11/2914",0.0836136417770708,0.189679094772059,0.130391644096797,"PAK1",1
"R-HSA-6803207","R-HSA-6803207","TP53 Regulates Transcription of Caspase Activators and Caspases","1/23","11/2914",0.0836136417770708,0.189679094772059,0.130391644096797,"TP53",1
"R-HSA-6804116","R-HSA-6804116","TP53 Regulates Transcription of Genes Involved in G1 Cell Cycle Arrest","1/23","11/2914",0.0836136417770708,0.189679094772059,0.130391644096797,"TP53",1
"R-HSA-75815","R-HSA-75815","Ubiquitin-dependent degradation of Cyclin D","1/23","11/2914",0.0836136417770708,0.189679094772059,0.130391644096797,"GSK3B",1
"R-HSA-1502540","R-HSA-1502540","Signaling by Activin","1/23","12/2914",0.0908740228446312,0.196962655442755,0.13539860309706,"SMAD4",1
"R-HSA-381070","R-HSA-381070","IRE1alpha activates chaperones","1/23","12/2914",0.0908740228446312,0.196962655442755,0.13539860309706,"GSK3A",1
"R-HSA-389359","R-HSA-389359","CD28 dependent Vav1 pathway","1/23","12/2914",0.0908740228446312,0.196962655442755,0.13539860309706,"PAK1",1
"R-HSA-399954","R-HSA-399954","Sema3A PAK dependent Axon repulsion","1/23","12/2914",0.0908740228446312,0.196962655442755,0.13539860309706,"PAK1",1
"R-HSA-428540","R-HSA-428540","Activation of RAC1","1/23","13/2914",0.0980793631184331,0.196962655442755,0.13539860309706,"PAK1",1
"R-HSA-4839735","R-HSA-4839735","AXIN mutants destabilize the destruction complex, activating WNT signaling","1/23","13/2914",0.0980793631184331,0.196962655442755,0.13539860309706,"GSK3B",1
"R-HSA-4839744","R-HSA-4839744","truncated APC mutants destabilize the destruction complex","1/23","13/2914",0.0980793631184331,0.196962655442755,0.13539860309706,"GSK3B",1
"R-HSA-4839748","R-HSA-4839748","AMER1 mutants destabilize the destruction complex","1/23","13/2914",0.0980793631184331,0.196962655442755,0.13539860309706,"GSK3B",1
"R-HSA-5467337","R-HSA-5467337","APC truncation mutants have impaired AXIN binding","1/23","13/2914",0.0980793631184331,0.196962655442755,0.13539860309706,"GSK3B",1
"R-HSA-5467340","R-HSA-5467340","AXIN missense mutants destabilize the destruction complex","1/23","13/2914",0.0980793631184331,0.196962655442755,0.13539860309706,"GSK3B",1
"R-HSA-5467348","R-HSA-5467348","Truncations of AMER1 destabilize the destruction complex","1/23","13/2914",0.0980793631184331,0.196962655442755,0.13539860309706,"GSK3B",1
"R-HSA-6804760","R-HSA-6804760","Regulation of TP53 Activity through Methylation","1/23","13/2914",0.0980793631184331,0.196962655442755,0.13539860309706,"TP53",1
"R-HSA-8964616","R-HSA-8964616","G beta:gamma signalling through CDC42","1/23","13/2914",0.0980793631184331,0.196962655442755,0.13539860309706,"PAK1",1
"R-HSA-9614657","R-HSA-9614657","FOXO-mediated transcription of cell death genes","1/23","13/2914",0.0980793631184331,0.196962655442755,0.13539860309706,"FOXO1",1
"R-HSA-199991","R-HSA-199991","Membrane Trafficking","3/23","144/2914",0.101669158251627,0.198318191945585,0.136330443442722,"AKT1/AKT2/AKT3",3
"R-HSA-445355","R-HSA-445355","Smooth Muscle Contraction","1/23","14/2914",0.105230061032351,0.198318191945585,0.136330443442722,"PAK1",1
"R-HSA-4839743","R-HSA-4839743","phosphorylation site mutants of CTNNB1 are not targeted to the proteasome by the destruction complex","1/23","14/2914",0.105230061032351,0.198318191945585,0.136330443442722,"GSK3B",1
"R-HSA-5339716","R-HSA-5339716","Misspliced GSK3beta mutants stabilize beta-catenin","1/23","14/2914",0.105230061032351,0.198318191945585,0.136330443442722,"GSK3B",1
"R-HSA-5358747","R-HSA-5358747","S33 mutants of beta-catenin aren't phosphorylated","1/23","14/2914",0.105230061032351,0.198318191945585,0.136330443442722,"GSK3B",1
"R-HSA-5358749","R-HSA-5358749","S37 mutants of beta-catenin aren't phosphorylated","1/23","14/2914",0.105230061032351,0.198318191945585,0.136330443442722,"GSK3B",1
"R-HSA-5358751","R-HSA-5358751","S45 mutants of beta-catenin aren't phosphorylated","1/23","14/2914",0.105230061032351,0.198318191945585,0.136330443442722,"GSK3B",1
"R-HSA-5358752","R-HSA-5358752","T41 mutants of beta-catenin aren't phosphorylated","1/23","14/2914",0.105230061032351,0.198318191945585,0.136330443442722,"GSK3B",1
"R-HSA-1181150","R-HSA-1181150","Signaling by NODAL","1/23","15/2914",0.112326512272439,0.200875879611297,0.138088682009914,"SMAD4",1
"R-HSA-2730905","R-HSA-2730905","Role of LAT2/NTAL/LAB on calcium mobilization","1/23","15/2914",0.112326512272439,0.200875879611297,0.138088682009914,"PDPK1",1
"R-HSA-5250913","R-HSA-5250913","Positive epigenetic regulation of rRNA expression","1/23","15/2914",0.112326512272439,0.200875879611297,0.138088682009914,"GSK3B",1
"R-HSA-6803204","R-HSA-6803204","TP53 Regulates Transcription of Genes Involved in Cytochrome C Release","1/23","15/2914",0.112326512272439,0.200875879611297,0.138088682009914,"TP53",1
"R-HSA-6804114","R-HSA-6804114","TP53 Regulates Transcription of Genes Involved in G2 Cell Cycle Arrest","1/23","15/2914",0.112326512272439,0.200875879611297,0.138088682009914,"TP53",1
"R-HSA-69541","R-HSA-69541","Stabilization of p53","1/23","15/2914",0.112326512272439,0.200875879611297,0.138088682009914,"TP53",1
"R-HSA-9604323","R-HSA-9604323","Negative regulation of NOTCH4 signaling","1/23","15/2914",0.112326512272439,0.200875879611297,0.138088682009914,"AKT1",1
"R-HSA-196299","R-HSA-196299","Beta-catenin phosphorylation cascade","1/23","16/2914",0.119369109794942,0.205953745772963,0.141579374108159,"GSK3B",1
"R-HSA-3232118","R-HSA-3232118","SUMOylation of transcription factors","1/23","16/2914",0.119369109794942,0.205953745772963,0.141579374108159,"TP53",1
"R-HSA-3928664","R-HSA-3928664","Ephrin signaling","1/23","16/2914",0.119369109794942,0.205953745772963,0.141579374108159,"PAK1",1
"R-HSA-5627123","R-HSA-5627123","RHO GTPases activate PAKs","1/23","16/2914",0.119369109794942,0.205953745772963,0.141579374108159,"PAK1",1
"R-HSA-8852276","R-HSA-8852276","The role of GTSE1 in G2/M progression after G2 checkpoint","1/23","16/2914",0.119369109794942,0.205953745772963,0.141579374108159,"TP53",1
"R-HSA-5653656","R-HSA-5653656","Vesicle-mediated transport","3/23","160/2914",0.128874283535302,0.220289788234829,0.151434440891827,"AKT1/AKT2/AKT3",3
"R-HSA-9006934","R-HSA-9006934","Signaling by Receptor Tyrosine Kinases","5/23","347/2914",0.129476446962512,0.220289788234829,0.151434440891827,"AKT1/AKT2/AKT3/PAK1/PDPK1",5
"R-HSA-202433","R-HSA-202433","Generation of second messenger molecules","1/23","18/2914",0.133294301970382,0.223678794402353,0.153764155120844,"PAK1",1
"R-HSA-5610783","R-HSA-5610783","Degradation of GLI2 by the proteasome","1/23","18/2914",0.133294301970382,0.223678794402353,0.153764155120844,"GSK3B",1
"R-HSA-1368108","R-HSA-1368108","BMAL1:CLOCK,NPAS2 activates circadian gene expression","1/23","19/2914",0.140177669047275,0.228956859443883,0.157392470509221,"BHLHE40",1
"R-HSA-5218921","R-HSA-5218921","VEGFR2 mediated cell proliferation","1/23","19/2914",0.140177669047275,0.228956859443883,0.157392470509221,"PDPK1",1
"R-HSA-5610785","R-HSA-5610785","GLI3 is processed to GLI3R by the proteasome","1/23","19/2914",0.140177669047275,0.228956859443883,0.157392470509221,"GSK3B",1
"R-HSA-5621575","R-HSA-5621575","CD209 (DC-SIGN) signaling","1/23","19/2914",0.140177669047275,0.228956859443883,0.157392470509221,"PAK1",1
"R-HSA-9006936","R-HSA-9006936","Signaling by TGF-beta family members","2/23","86/2914",0.146275894176134,0.235406131934538,0.161825912393238,"SMAD1/SMAD4",2
"R-HSA-2173795","R-HSA-2173795","Downregulation of SMAD2/3:SMAD4 transcriptional activity","1/23","20/2914",0.147008727289732,0.235406131934538,0.161825912393238,"SMAD4",1
"R-HSA-445144","R-HSA-445144","Signal transduction by L1","1/23","20/2914",0.147008727289732,0.235406131934538,0.161825912393238,"PAK1",1
"R-HSA-442742","R-HSA-442742","CREB1 phosphorylation through NMDA receptor-mediated activation of RAS signaling","1/23","22/2914",0.160515432941,0.252091545324006,0.17329601397139,"PDPK1",1
"R-HSA-69563","R-HSA-69563","p53-Dependent G1 DNA Damage Response","1/23","22/2914",0.160515432941,0.252091545324006,0.17329601397139,"TP53",1
"R-HSA-69580","R-HSA-69580","p53-Dependent G1/S DNA damage checkpoint","1/23","22/2914",0.160515432941,0.252091545324006,0.17329601397139,"TP53",1
"R-HSA-1912408","R-HSA-1912408","Pre-NOTCH Transcription and Translation","1/23","23/2914",0.167191831641676,0.259253156659561,0.178219140990461,"TP53",1
"R-HSA-2559585","R-HSA-2559585","Oncogene Induced Senescence","1/23","23/2914",0.167191831641676,0.259253156659561,0.178219140990461,"TP53",1
"R-HSA-2173796","R-HSA-2173796","SMAD2/SMAD3:SMAD4 heterotrimer regulates transcription","1/23","24/2914",0.173817424126021,0.264504775843945,0.181829276627416,"SMAD4",1
"R-HSA-2559586","R-HSA-2559586","DNA Damage/Telomere Stress Induced Senescence","1/23","24/2914",0.173817424126021,0.264504775843945,0.181829276627416,"TP53",1
"R-HSA-69615","R-HSA-69615","G1/S DNA Damage Checkpoints","1/23","24/2914",0.173817424126021,0.264504775843945,0.181829276627416,"TP53",1
"R-HSA-1430728","R-HSA-1430728","Metabolism","4/23","289/2914",0.188133384932637,0.28452271178084,0.195590263737634,"AKT1/PPARGC1A/NRF1/ESRRA",4
"R-HSA-5689896","R-HSA-5689896","Ovarian tumor domain proteases","1/23","27/2914",0.193393043320247,0.290682795174604,0.199824907531414,"TP53",1
"R-HSA-157118","R-HSA-157118","Signaling by NOTCH","2/23","104/2914",0.19717690558829,0.294563060177628,0.202492329230593,"AKT1/TP53",2
"R-HSA-114604","R-HSA-114604","GPVI-mediated activation cascade","1/23","28/2914",0.199819077266778,0.294913698375666,0.202733369452659,"PDPK1",1
"R-HSA-2173789","R-HSA-2173789","TGF-beta receptor signaling activates SMADs","1/23","28/2914",0.199819077266778,0.294913698375666,0.202733369452659,"SMAD4",1
"R-HSA-3108232","R-HSA-3108232","SUMO E3 ligases SUMOylate target proteins","2/23","107/2914",0.205902056530597,0.295843826305021,0.203372769962636,"PPARGC1A/TP53",2
"R-HSA-1912422","R-HSA-1912422","Pre-NOTCH Expression and Processing","1/23","29/2914",0.206196125507548,0.295843826305021,0.203372769962636,"TP53",1
"R-HSA-2871809","R-HSA-2871809","FCERI mediated Ca+2 mobilization","1/23","29/2914",0.206196125507548,0.295843826305021,0.203372769962636,"NFATC1",1
"R-HSA-381119","R-HSA-381119","Unfolded Protein Response (UPR)","1/23","29/2914",0.206196125507548,0.295843826305021,0.203372769962636,"GSK3A",1
"R-HSA-2990846","R-HSA-2990846","SUMOylation","2/23","109/2914",0.21174668072994,0.295843826305021,0.203372769962636,"PPARGC1A/TP53",2
"R-HSA-2871796","R-HSA-2871796","FCERI mediated MAPK activation","1/23","30/2914",0.212524544610954,0.295843826305021,0.203372769962636,"PAK1",1
"R-HSA-390466","R-HSA-390466","Chaperonin-mediated protein folding","1/23","30/2914",0.212524544610954,0.295843826305021,0.203372769962636,"TP53",1
"R-HSA-4641262","R-HSA-4641262","Disassembly of the destruction complex and recruitment of AXIN to the membrane","1/23","30/2914",0.212524544610954,0.295843826305021,0.203372769962636,"GSK3B",1
"R-HSA-5633008","R-HSA-5633008","TP53 Regulates Transcription of Cell Death Genes","1/23","30/2914",0.212524544610954,0.295843826305021,0.203372769962636,"TP53",1
"R-HSA-6791312","R-HSA-6791312","TP53 Regulates Transcription of Cell Cycle Genes","1/23","30/2914",0.212524544610954,0.295843826305021,0.203372769962636,"TP53",1
"R-HSA-196854","R-HSA-196854","Metabolism of vitamins and cofactors","1/23","31/2914",0.218804688672656,0.297817492915559,0.204729533260965,"AKT1",1
"R-HSA-391251","R-HSA-391251","Protein folding","1/23","31/2914",0.218804688672656,0.297817492915559,0.204729533260965,"TP53",1
"R-HSA-450531","R-HSA-450531","Regulation of mRNA stability by proteins that bind AU-rich elements","1/23","31/2914",0.218804688672656,0.297817492915559,0.204729533260965,"AKT1",1
"R-HSA-4791275","R-HSA-4791275","Signaling by WNT in cancer","1/23","31/2914",0.218804688672656,0.297817492915559,0.204729533260965,"GSK3B",1
"R-HSA-3371453","R-HSA-3371453","Regulation of HSF1-mediated heat shock response","1/23","32/2914",0.225036909331875,0.302934301023678,0.208246995333141,"GSK3B",1
"R-HSA-8943724","R-HSA-8943724","Regulation of PTEN gene transcription","1/23","32/2914",0.225036909331875,0.302934301023678,0.208246995333141,"TP53",1
"R-HSA-3928662","R-HSA-3928662","EPHB-mediated forward signaling","1/23","34/2914",0.237358974814623,0.31434026394369,0.216087829134223,"PAK1",1
"R-HSA-5693565","R-HSA-5693565","Recruitment and ATM-mediated phosphorylation of repair and signaling proteins at DNA double strand breaks","1/23","34/2914",0.237358974814623,0.31434026394369,0.216087829134223,"TP53",1
"R-HSA-6796648","R-HSA-6796648","TP53 Regulates Transcription of DNA Repair Genes","1/23","34/2914",0.237358974814623,0.31434026394369,0.216087829134223,"TP53",1
"R-HSA-373752","R-HSA-373752","Netrin-1 signaling","1/23","35/2914",0.243449510779645,0.315582699158799,0.216941919937305,"PAK1",1
"R-HSA-446728","R-HSA-446728","Cell junction organization","1/23","35/2914",0.243449510779645,0.315582699158799,0.216941919937305,"ILK",1
"R-HSA-5610787","R-HSA-5610787","Hedgehog 'off' state","1/23","35/2914",0.243449510779645,0.315582699158799,0.216941919937305,"GSK3B",1
"R-HSA-5693606","R-HSA-5693606","DNA Double Strand Break Response","1/23","35/2914",0.243449510779645,0.315582699158799,0.216941919937305,"TP53",1
"R-HSA-2173793","R-HSA-2173793","Transcriptional activity of SMAD2/SMAD3:SMAD4 heterotrimer","1/23","36/2914",0.249493505657057,0.321715309926205,0.22115767814476,"SMAD4",1
"R-HSA-388396","R-HSA-388396","GPCR downstream signalling","5/23","436/2914",0.253674057874608,0.322656537453468,0.221804708883158,"AKT1/AKT2/AKT3/PAK1/PDPK1",5
"R-HSA-195253","R-HSA-195253","Degradation of beta-catenin by the destruction complex","1/23","37/2914",0.255491299044787,0.322656537453468,0.221804708883158,"GSK3B",1
"R-HSA-212165","R-HSA-212165","Epigenetic regulation of gene expression","1/23","37/2914",0.255491299044787,0.322656537453468,0.221804708883158,"GSK3B",1
"R-HSA-3899300","R-HSA-3899300","SUMOylation of transcription cofactors","1/23","37/2914",0.255491299044787,0.322656537453468,0.221804708883158,"PPARGC1A",1
"R-HSA-2871837","R-HSA-2871837","FCERI mediated NF-kB activation","1/23","38/2914",0.261443228179987,0.328170151037717,0.225594948081782,"PDPK1",1
"R-HSA-449147","R-HSA-449147","Signaling by Interleukins","4/23","332/2914",0.262536120830174,0.328170151037717,0.225594948081782,"AKT1/FOXO1/TP53/TWIST1",4
"R-HSA-1168372","R-HSA-1168372","Downstream signaling events of B Cell Receptor (BCR)","1/23","39/2914",0.267349627954625,0.332490654055245,0.228565003861822,"NFATC1",1
"R-HSA-4086398","R-HSA-4086398","Ca2+ pathway","1/23","40/2914",0.273210830930988,0.335606470110279,0.230706918228334,"NFATC1",1
"R-HSA-9013694","R-HSA-9013694","Signaling by NOTCH4","1/23","40/2914",0.273210830930988,0.335606470110279,0.230706918228334,"AKT1",1
"R-HSA-195258","R-HSA-195258","RHO GTPase Effectors","2/23","130/2914",0.273964465396146,0.335606470110279,0.230706918228334,"PAK1/PDPK1",2
"R-HSA-2980736","R-HSA-2980736","Peptide hormone metabolism","1/23","42/2914",0.284798965181927,0.347143017261553,0.238637519922013,"KLF4",1
"R-HSA-202424","R-HSA-202424","Downstream TCR signaling","1/23","43/2914",0.290526550070791,0.350635491464747,0.241038361479526,"PDPK1",1
"R-HSA-2029482","R-HSA-2029482","Regulation of actin dynamics for phagocytic cup formation","1/23","43/2914",0.290526550070791,0.350635491464747,0.241038361479526,"PAK1",1
"R-HSA-2559580","R-HSA-2559580","Oxidative Stress Induced Senescence","1/23","44/2914",0.296210245420276,0.355742696705724,0.244549222225202,"TP53",1
"R-HSA-69473","R-HSA-69473","G2/M DNA damage checkpoint","1/23","46/2914",0.307447249834286,0.367436957119024,0.2525882411989,"TP53",1
"R-HSA-438064","R-HSA-438064","Post NMDA receptor activation events","1/23","47/2914",0.313001194483453,0.368679291579067,0.253442262739638,"PDPK1",1
"R-HSA-8848021","R-HSA-8848021","Signaling by PTK6","1/23","47/2914",0.313001194483453,0.368679291579067,0.253442262739638,"AKT1",1
"R-HSA-9006927","R-HSA-9006927","Signaling by Non-Receptor Tyrosine Kinases","1/23","47/2914",0.313001194483453,0.368679291579067,0.253442262739638,"AKT1",1
"R-HSA-3371556","R-HSA-3371556","Cellular response to heat stress","1/23","49/2914",0.323981541036961,0.377978464543121,0.259834819879267,"GSK3B",1
"R-HSA-442755","R-HSA-442755","Activation of NMDA receptors and postsynaptic events","1/23","49/2914",0.323981541036961,0.377978464543121,0.259834819879267,"PDPK1",1
"R-HSA-372790","R-HSA-372790","Signaling by GPCR","5/23","486/2914",0.33525601927678,0.389278316221853,0.267602709325441,"AKT1/AKT2/AKT3/PAK1/PDPK1",5
"R-HSA-76002","R-HSA-76002","Platelet activation, signaling and aggregation","2/23","153/2914",0.342325992258427,0.395481210631119,0.271866782818385,"AKT1/PDPK1",2
"R-HSA-373760","R-HSA-373760","L1CAM interactions","1/23","53/2914",0.34544073091861,0.395481210631119,0.271866782818385,"PAK1",1
"R-HSA-397014","R-HSA-397014","Muscle contraction","1/23","53/2914",0.34544073091861,0.395481210631119,0.271866782818385,"PAK1",1
"R-HSA-5358351","R-HSA-5358351","Signaling by Hedgehog","1/23","55/2914",0.355924449806352,0.405588326523518,0.278814746482332,"GSK3B",1
"R-HSA-6804756","R-HSA-6804756","Regulation of TP53 Activity through Phosphorylation","1/23","56/2914",0.361105890049253,0.409587699361421,0.28156404682203,"TP53",1
"R-HSA-1500931","R-HSA-1500931","Cell-Cell communication","1/23","57/2914",0.366247445167821,0.413505180028185,0.284257051791663,"ILK",1
"R-HSA-597592","R-HSA-597592","Post-translational protein modification","4/23","393/2914",0.376891671630757,0.423570915364842,0.291176569101502,"PPARGC1A/TP53/SMAD1/SMAD4",4
"R-HSA-2029480","R-HSA-2029480","Fcgamma receptor (FCGR) dependent phagocytosis","1/23","62/2914",0.391367133287793,0.433868541427644,0.298255495718251,"PAK1",1
"R-HSA-69481","R-HSA-69481","G2/M Checkpoints","1/23","62/2914",0.391367133287793,0.433868541427644,0.298255495718251,"TP53",1
"R-HSA-983231","R-HSA-983231","Factors involved in megakaryocyte development and platelet production","1/23","62/2914",0.391367133287793,0.433868541427644,0.298255495718251,"TP53",1
"R-HSA-170834","R-HSA-170834","Signaling by TGF-beta Receptor Complex","1/23","63/2914",0.396275462858052,0.435369903140013,0.299287581105916,"SMAD4",1
"R-HSA-983705","R-HSA-983705","Signaling by the B Cell Receptor (BCR)","1/23","63/2914",0.396275462858052,0.435369903140013,0.299287581105916,"NFATC1",1
"R-HSA-376176","R-HSA-376176","Signaling by ROBO receptors","1/23","64/2914",0.401145916858145,0.438753346563596,0.301613471321914,"PAK1",1
"R-HSA-69275","R-HSA-69275","G2/M Transition","1/23","66/2914",0.410774312521259,0.447287584745371,0.307480187150416,"TP53",1
"R-HSA-2682334","R-HSA-2682334","EPH-Ephrin signaling","1/23","68/2914",0.420254529510674,0.453578677225177,0.311804890895933,"PAK1",1
"R-HSA-453274","R-HSA-453274","Mitotic G2-G2/M phases","1/23","68/2914",0.420254529510674,0.453578677225177,0.311804890895933,"TP53",1
"R-HSA-109582","R-HSA-109582","Hemostasis","3/23","298/2914",0.422909671036796,0.454442409666732,0.312398648965315,"AKT1/PDPK1/TP53",3
"R-HSA-2262752","R-HSA-2262752","Cellular responses to stress","2/23","187/2914",0.439982067338621,0.470723172480184,0.323590580437506,"GSK3B/TP53",2
"R-HSA-9607240","R-HSA-9607240","FLT3 Signaling","2/23","188/2914",0.442755635137246,0.471631002646197,0.32421465273208,"AKT2/PDPK1",2
"R-HSA-8953897","R-HSA-8953897","Cellular responses to external stimuli","2/23","189/2914",0.445522554147124,0.472523921065131,0.324828474201594,"GSK3B/TP53",2
"R-HSA-3858494","R-HSA-3858494","Beta-catenin independent WNT signaling","1/23","76/2914",0.45673672144773,0.482329727390922,0.331569307766047,"NFATC1",1
"R-HSA-112314","R-HSA-112314","Neurotransmitter receptors and postsynaptic signal transmission","1/23","77/2914",0.461139489385257,0.484889162658317,0.333328747692076,"PDPK1",1
"R-HSA-5693532","R-HSA-5693532","DNA Double-Strand Break Repair","1/23","81/2914",0.478411660232835,0.500901097252328,0.344335877810408,"TP53",1
"R-HSA-5683057","R-HSA-5683057","MAPK family signaling cascades","2/23","202/2914",0.480857470744641,0.501319490776328,0.344623495270515,"FOXO1/PAK1",2
"R-HSA-112315","R-HSA-112315","Transmission across Chemical Synapses","1/23","88/2914",0.507371309527906,0.526720215399733,0.362084788244714,"PDPK1",1
"R-HSA-6811558","R-HSA-6811558","PI5P, PP2A and IER3 Regulate PI3K/AKT Signaling","1/23","92/2914",0.523222348535761,0.540883862410386,0.371821344728944,"AKT1",1
"R-HSA-194315","R-HSA-194315","Signaling by Rho GTPases","2/23","228/2914",0.547630758595268,0.563597170469495,0.38743521922715,"PAK1/PDPK1",2
"R-HSA-2559583","R-HSA-2559583","Cellular Senescence","1/23","99/2914",0.549794790784528,0.563597170469495,0.38743521922715,"TP53",1
"R-HSA-112316","R-HSA-112316","Neuronal System","1/23","105/2914",0.571438142597334,0.583343103901446,0.401009222875322,"PDPK1",1
"R-HSA-8953854","R-HSA-8953854","Metabolism of RNA","1/23","109/2914",0.585310210297056,0.595024902584144,0.409039675245813,"AKT1",1
"R-HSA-69620","R-HSA-69620","Cell Cycle Checkpoints","1/23","114/2914",0.602046958138409,0.609510350181447,0.41899744803021,"TP53",1
"R-HSA-422475","R-HSA-422475","Axon guidance","2/23","254/2914",0.608691720201191,0.613701528597908,0.421878601828852,"GSK3B/PAK1",2
"R-HSA-168249","R-HSA-168249","Innate Immune System","3/23","428/2914",0.678355692180585,0.681135838460013,0.468235162851137,"PAK1/PDPK1/NFATC1",3
"R-HSA-73894","R-HSA-73894","DNA Repair","1/23","157/2914",0.721626836064111,0.721626836064111,0.496070005457606,"TP53",1
