"","ID","Description","GeneRatio","BgRatio","pvalue","p.adjust","qvalue","geneID","Count"
"R-HSA-8878159","R-HSA-8878159","Transcriptional regulation by RUNX3","9/47","53/2914",8.67856437526743e-08,3.7578183744908e-05,2.69492262179357e-05,"CTNNB1/MDM2/YAP1/TP53/SMAD3/LEF1/TCF7/TCF7L2/SMAD4",9
"R-HSA-212436","R-HSA-212436","Generic Transcription Pathway","23/47","481/2914",2.01075114029228e-07,4.35327621873278e-05,3.12195571782222e-05,"ABL1/AR/CDK5/CTNNB1/HIPK2/JUN/MDM2/UBE2I/YAP1/AURKA/CDK1/CDK2/PRKACA/TP53/SMAD3/LEF1/TCF7/TCF7L2/SMAD1/SMAD4/SPI1/CREB1/ARID3A",23
"R-HSA-73857","R-HSA-73857","RNA Polymerase II Transcription","23/47","499/2914",4.03348807206193e-07,5.82166778400938e-05,4.17501396932726e-05,"ABL1/AR/CDK5/CTNNB1/HIPK2/JUN/MDM2/UBE2I/YAP1/AURKA/CDK1/CDK2/PRKACA/TP53/SMAD3/LEF1/TCF7/TCF7L2/SMAD1/SMAD4/SPI1/CREB1/ARID3A",23
"R-HSA-3769402","R-HSA-3769402","Deactivation of the beta-catenin transactivating complex","6/47","31/2914",6.89461631856537e-06,0.000746342216484702,0.000535239951046523,"CTNNB1/CTBP1/LEF1/TCF7/TCF7L2/SOX6",6
"R-HSA-1266738","R-HSA-1266738","Developmental Biology","18/47","397/2914",1.845614196277e-05,0.00159830189397589,0.0011462235534773,"ABL1/CDK5/CTNNB1/JUN/NCOA3/ROCK2/CDK2/MAP2K1/PAK1/PRKACA/RPS6KA4/MYOD1/SMAD3/MEF2A/LEF1/SMAD4/SPI1/CREB1",18
"R-HSA-8941326","R-HSA-8941326","RUNX2 regulates bone development","5/47","24/2914",2.96917235288276e-05,0.00214275271466373,0.00153667691947441,"ABL1/AR/YAP1/SMAD1/SMAD4",5
"R-HSA-69275","R-HSA-69275","G2/M Transition","7/47","66/2914",6.80546308107864e-05,0.00420966502015293,0.0030189648254409,"PLK1/AURKA/CDK1/CDK2/PRKACA/TP53/WEE1",7
"R-HSA-453274","R-HSA-453274","Mitotic G2-G2/M phases","7/47","68/2914",8.26759954940994e-05,0.00445438673984356,0.0031944672134529,"PLK1/AURKA/CDK1/CDK2/PRKACA/TP53/WEE1",7
"R-HSA-6791312","R-HSA-6791312","TP53 Regulates Transcription of Cell Cycle Genes","5/47","30/2914",9.25854056780416e-05,0.00445438673984356,0.0031944672134529,"AURKA/CDK1/CDK2/TP53/ARID3A",5
"R-HSA-69273","R-HSA-69273","Cyclin A/B1/B2 associated events during G2/M transition","4/47","18/2914",0.000154162818594256,0.00667525004513131,0.00478716120897954,"PLK1/CDK1/CDK2/WEE1",4
"R-HSA-5687128","R-HSA-5687128","MAPK6/MAPK4 signaling","5/47","34/2914",0.000172252392700212,0.00678048054901744,0.00486262735373805,"JUN/NCOA3/CDK1/PAK1/PRKACA",5
"R-HSA-6804756","R-HSA-6804756","Regulation of TP53 Activity through Phosphorylation","6/47","56/2914",0.000224270859756133,0.00796455205028955,0.00571178523115453,"CDK5/HIPK2/MDM2/AURKA/CDK2/TP53",6
"R-HSA-3108232","R-HSA-3108232","SUMO E3 ligases SUMOylate target proteins","8/47","107/2914",0.000242551381172956,0.00796455205028955,0.00571178523115453,"AR/DDX5/HIPK2/MDM2/UBE2I/AURKA/CTBP1/TP53",8
"R-HSA-195253","R-HSA-195253","Degradation of beta-catenin by the destruction complex","5/47","37/2914",0.000260236412676036,0.00796455205028955,0.00571178523115453,"CTNNB1/CTBP1/LEF1/TCF7/TCF7L2",5
"R-HSA-2990846","R-HSA-2990846","SUMOylation","8/47","109/2914",0.000275908269640516,0.00796455205028955,0.00571178523115453,"AR/DDX5/HIPK2/MDM2/UBE2I/AURKA/CTBP1/TP53",8
"R-HSA-201722","R-HSA-201722","Formation of the beta-catenin:TCF transactivating complex","4/47","22/2914",0.000351469334680901,0.00895213070099002,0.00642002809479046,"CTNNB1/LEF1/TCF7/TCF7L2",4
"R-HSA-525793","R-HSA-525793","Myogenesis","4/47","22/2914",0.000351469334680901,0.00895213070099002,0.00642002809479046,"ABL1/CTNNB1/MYOD1/MEF2A",4
"R-HSA-8878166","R-HSA-8878166","Transcriptional regulation by RUNX2","6/47","62/2914",0.000394716682728669,0.00899538545376389,0.00645104827728296,"ABL1/AR/YAP1/CDK1/SMAD1/SMAD4",6
"R-HSA-983231","R-HSA-983231","Factors involved in megakaryocyte development and platelet production","6/47","62/2914",0.000394716682728669,0.00899538545376389,0.00645104827728296,"ABL1/CDK5/CDK2/PRKACA/TP53/WEE1",6
"R-HSA-6804116","R-HSA-6804116","TP53 Regulates Transcription of Genes Involved in G1 Cell Cycle Arrest","3/47","11/2914",0.000592909773950014,0.0128364966060178,0.00920570438501338,"CDK2/TP53/ARID3A",3
"R-HSA-5633007","R-HSA-5633007","Regulation of TP53 Activity","7/47","95/2914",0.000678011969925639,0.0134838768022459,0.00966997363963177,"CDK5/HIPK2/MDM2/AURKA/CDK1/CDK2/TP53",7
"R-HSA-8854518","R-HSA-8854518","AURKA Activation by TPX2","4/47","26/2914",0.000685093047689166,0.0134838768022459,0.00966997363963177,"PLK1/AURKA/CDK1/PRKACA",4
"R-HSA-9616222","R-HSA-9616222","Transcriptional regulation of granulopoiesis","4/47","27/2914",0.000794781155485012,0.0149626191445657,0.0107304549596375,"CDK2/LEF1/SPI1/CREB1",4
"R-HSA-195258","R-HSA-195258","RHO GTPase Effectors","8/47","130/2914",0.000913307708419651,0.0164775932394045,0.01181691991157,"ABL1/AR/CTNNB1/PLK1/PRKCD/ROCK2/PAK1/SRF",8
"R-HSA-6804757","R-HSA-6804757","Regulation of TP53 Degradation","4/47","29/2914",0.00105046229138629,0.0174942373911641,0.0125460071238444,"MDM2/CDK1/CDK2/TP53",4
"R-HSA-6806003","R-HSA-6806003","Regulation of TP53 Expression and Degradation","4/47","29/2914",0.00105046229138629,0.0174942373911641,0.0125460071238444,"MDM2/CDK1/CDK2/TP53",4
"R-HSA-450282","R-HSA-450282","MAPK targets/ Nuclear events mediated by MAP kinases","4/47","30/2914",0.00119782796611064,0.0192096114565151,0.0137761890839236,"JUN/MEF2A/CREB1/ATF1",4
"R-HSA-5689880","R-HSA-5689880","Ub-specific processing proteases","6/47","80/2914",0.00154981937413549,0.0233289638723822,0.0167303861489067,"AR/MDM2/TP53/SMAD3/SMAD1/SMAD4",6
"R-HSA-6804114","R-HSA-6804114","TP53 Regulates Transcription of Genes Involved in G2 Cell Cycle Arrest","3/47","15/2914",0.00156244792678773,0.0233289638723822,0.0167303861489067,"AURKA/CDK1/TP53",3
"R-HSA-3232118","R-HSA-3232118","SUMOylation of transcription factors","3/47","16/2914",0.00190134539831611,0.0265575018538992,0.0190457348897539,"MDM2/UBE2I/TP53",3
"R-HSA-8852276","R-HSA-8852276","The role of GTSE1 in G2/M progression after G2 checkpoint","3/47","16/2914",0.00190134539831611,0.0265575018538992,0.0190457348897539,"PLK1/CDK1/TP53",3
"R-HSA-4420097","R-HSA-4420097","VEGFA-VEGFR2 Pathway","6/47","85/2914",0.00212247647700999,0.0287197598295415,0.0205964000236167,"BCAR1/CTNNB1/PRKCD/ROCK2/PAK1/PRKACA",6
"R-HSA-9006934","R-HSA-9006934","Signaling by Receptor Tyrosine Kinases","13/47","347/2914",0.00245141422852272,0.0314645820616147,0.0225648516061173,"BCAR1/CDK5/CTNNB1/PRKCD/ROCK2/YAP1/MAP2K1/PAK1/PRKACA/STAT5A/MEF2A/CREB1/ATF1",13
"R-HSA-450294","R-HSA-450294","MAP kinase activation","5/47","60/2914",0.00247066002331386,0.0314645820616147,0.0225648516061173,"JUN/MAP2K1/MEF2A/CREB1/ATF1",5
"R-HSA-2565942","R-HSA-2565942","Regulation of PLK1 Activity at G2/M Transition","4/47","37/2914",0.00265769793583083,0.031966200172632,0.0229245874581899,"PLK1/AURKA/CDK1/PRKACA",4
"R-HSA-3899300","R-HSA-3899300","SUMOylation of transcription cofactors","4/47","37/2914",0.00265769793583083,0.031966200172632,0.0229245874581899,"DDX5/HIPK2/UBE2I/CTBP1",4
"R-HSA-3700989","R-HSA-3700989","Transcriptional Regulation by TP53","9/47","194/2914",0.00316890880736632,0.0347132973779771,0.0248946705396943,"CDK5/HIPK2/JUN/MDM2/AURKA/CDK1/CDK2/TP53/ARID3A",9
"R-HSA-194138","R-HSA-194138","Signaling by VEGF","6/47","92/2914",0.0031779811603274,0.0347132973779771,0.0248946705396943,"BCAR1/CTNNB1/PRKCD/ROCK2/PAK1/PRKACA",6
"R-HSA-8940973","R-HSA-8940973","RUNX2 regulates osteoblast differentiation","3/47","19/2914",0.00318016033264167,0.0347132973779771,0.0248946705396943,"ABL1/AR/YAP1",3
"R-HSA-5688426","R-HSA-5688426","Deubiquitination","7/47","124/2914",0.00324125634957932,0.0347132973779771,0.0248946705396943,"AR/MDM2/CDK1/TP53/SMAD3/SMAD1/SMAD4",7
"R-HSA-448424","R-HSA-448424","Interleukin-17 signaling","5/47","64/2914",0.00328694039837658,0.0347132973779771,0.0248946705396943,"JUN/MAP2K1/MEF2A/CREB1/ATF1",5
"R-HSA-174143","R-HSA-174143","APC/C-mediated degradation of cell cycle proteins","4/47","40/2914",0.00354977058298724,0.0349329696007608,0.0250522086598382,"PLK1/AURKA/CDK1/CDK2",4
"R-HSA-4086398","R-HSA-4086398","Ca2+ pathway","4/47","40/2914",0.00354977058298724,0.0349329696007608,0.0250522086598382,"CTNNB1/LEF1/TCF7/TCF7L2",4
"R-HSA-453276","R-HSA-453276","Regulation of mitotic cell cycle","4/47","40/2914",0.00354977058298724,0.0349329696007608,0.0250522086598382,"PLK1/AURKA/CDK1/CDK2",4
"R-HSA-69563","R-HSA-69563","p53-Dependent G1 DNA Damage Response","3/47","22/2914",0.00488564744764674,0.0450103264857668,0.0322791936630636,"MDM2/CDK2/TP53",3
"R-HSA-69580","R-HSA-69580","p53-Dependent G1/S DNA damage checkpoint","3/47","22/2914",0.00488564744764674,0.0450103264857668,0.0322791936630636,"MDM2/CDK2/TP53",3
"R-HSA-9022692","R-HSA-9022692","Regulation of MECP2 expression and activity","3/47","22/2914",0.00488564744764674,0.0450103264857668,0.0322791936630636,"HIPK2/PRKACA/CREB1",3
"R-HSA-1640170","R-HSA-1640170","Cell Cycle","10/47","249/2914",0.0052474240817093,0.0473361380704193,0.0339471514057948,"ABL1/MDM2/PLK1/UBE2I/AURKA/CDK1/CDK2/PRKACA/TP53/WEE1",10
"R-HSA-198725","R-HSA-198725","Nuclear Events (kinase and transcription factor activation)","3/47","24/2914",0.00627782930137694,0.0533000017156121,0.0382241412570939,"MEF2A/CREB1/ATF1",3
"R-HSA-5674400","R-HSA-5674400","Constitutive Signaling by AKT1 E17K in Cancer","3/47","24/2914",0.00627782930137694,0.0533000017156121,0.0382241412570939,"MDM2/BAD/CREB1",3
"R-HSA-69615","R-HSA-69615","G1/S DNA Damage Checkpoints","3/47","24/2914",0.00627782930137694,0.0533000017156121,0.0382241412570939,"MDM2/CDK2/TP53",3
"R-HSA-201681","R-HSA-201681","TCF dependent signaling in response to WNT","6/47","108/2914",0.00702022183388291,0.0545418146702517,0.0391147084665717,"CTNNB1/CTBP1/LEF1/TCF7/TCF7L2/SOX6",6
"R-HSA-111933","R-HSA-111933","Calmodulin induced events","3/47","25/2914",0.00705390674719191,0.0545418146702517,0.0391147084665717,"PRKCD/PRKACA/CREB1",3
"R-HSA-111997","R-HSA-111997","CaM pathway","3/47","25/2914",0.00705390674719191,0.0545418146702517,0.0391147084665717,"PRKCD/PRKACA/CREB1",3
"R-HSA-380259","R-HSA-380259","Loss of Nlp from mitotic centrosomes","3/47","25/2914",0.00705390674719191,0.0545418146702517,0.0391147084665717,"PLK1/CDK1/PRKACA",3
"R-HSA-380284","R-HSA-380284","Loss of proteins required for interphase microtubule organization from the centrosome","3/47","25/2914",0.00705390674719191,0.0545418146702517,0.0391147084665717,"PLK1/CDK1/PRKACA",3
"R-HSA-168142","R-HSA-168142","Toll Like Receptor 10 (TLR10) Cascade","5/47","78/2914",0.00769060912314254,0.0559678875915455,0.0401374178667945,"JUN/MAP2K1/MEF2A/CREB1/ATF1",5
"R-HSA-168176","R-HSA-168176","Toll Like Receptor 5 (TLR5) Cascade","5/47","78/2914",0.00769060912314254,0.0559678875915455,0.0401374178667945,"JUN/MAP2K1/MEF2A/CREB1/ATF1",5
"R-HSA-975871","R-HSA-975871","MyD88 cascade initiated on plasma membrane","5/47","78/2914",0.00769060912314254,0.0559678875915455,0.0401374178667945,"JUN/MAP2K1/MEF2A/CREB1/ATF1",5
"R-HSA-111996","R-HSA-111996","Ca-dependent events","3/47","26/2914",0.00788462157756184,0.0559678875915455,0.0401374178667945,"PRKCD/PRKACA/CREB1",3
"R-HSA-380320","R-HSA-380320","Recruitment of NuMA to mitotic centrosomes","3/47","26/2914",0.00788462157756184,0.0559678875915455,0.0401374178667945,"PLK1/CDK1/PRKACA",3
"R-HSA-380270","R-HSA-380270","Recruitment of mitotic centrosome proteins and complexes","3/47","27/2914",0.00877085163032144,0.0586009434634048,0.0420257161096497,"PLK1/CDK1/PRKACA",3
"R-HSA-380287","R-HSA-380287","Centrosome maturation","3/47","27/2914",0.00877085163032144,0.0586009434634048,0.0420257161096497,"PLK1/CDK1/PRKACA",3
"R-HSA-8939236","R-HSA-8939236","RUNX1 regulates transcription of genes involved in differentiation of HSCs","3/47","27/2914",0.00877085163032144,0.0586009434634048,0.0420257161096497,"ABL1/YAP1/SPI1",3
"R-HSA-5663202","R-HSA-5663202","Diseases of signal transduction","10/47","268/2914",0.00879690837210464,0.0586009434634048,0.0420257161096497,"CTNNB1/MDM2/BAD/CTBP1/MAP2K1/STAT5A/SMAD3/TCF7L2/SMAD4/CREB1",10
"R-HSA-69620","R-HSA-69620","Cell Cycle Checkpoints","6/47","114/2914",0.0090959396324004,0.0596748766792329,0.0427958882226175,"MDM2/PLK1/CDK1/CDK2/TP53/WEE1",6
"R-HSA-5620912","R-HSA-5620912","Anchoring of the basal body to the plasma membrane","3/47","28/2914",0.00971339274677285,0.0627746128261589,0.0450188666189787,"PLK1/CDK1/PRKACA",3
"R-HSA-975138","R-HSA-975138","TRAF6 mediated induction of NFkB and MAP kinases upon TLR7/8 or 9 activation","5/47","83/2914",0.0099605321439876,0.0633759888249275,0.0454501439245256,"JUN/MAP2K1/MEF2A/CREB1/ATF1",5
"R-HSA-69278","R-HSA-69278","Cell Cycle, Mitotic","8/47","191/2914",0.0100991760483141,0.0633759888249275,0.0454501439245256,"ABL1/PLK1/AURKA/CDK1/CDK2/PRKACA/TP53/WEE1",8
"R-HSA-168181","R-HSA-168181","Toll Like Receptor 7/8 (TLR7/8) Cascade","5/47","84/2914",0.0104645654089449,0.0634669641563338,0.0455153869602977,"JUN/MAP2K1/MEF2A/CREB1/ATF1",5
"R-HSA-975155","R-HSA-975155","MyD88 dependent cascade initiated on endosome","5/47","84/2914",0.0104645654089449,0.0634669641563338,0.0455153869602977,"JUN/MAP2K1/MEF2A/CREB1/ATF1",5
"R-HSA-110056","R-HSA-110056","MAPK3 (ERK1) activation","2/47","10/2914",0.0105533981968962,0.0634669641563338,0.0455153869602977,"CDK1/MAP2K1",2
"R-HSA-166058","R-HSA-166058","MyD88:MAL(TIRAP) cascade initiated on plasma membrane","5/47","86/2914",0.0115249509261724,0.0662207908549221,0.0474902961035664,"JUN/MAP2K1/MEF2A/CREB1/ATF1",5
"R-HSA-168138","R-HSA-168138","Toll Like Receptor 9 (TLR9) Cascade","5/47","86/2914",0.0115249509261724,0.0662207908549221,0.0474902961035664,"JUN/MAP2K1/MEF2A/CREB1/ATF1",5
"R-HSA-168188","R-HSA-168188","Toll Like Receptor TLR6:TLR2 Cascade","5/47","86/2914",0.0115249509261724,0.0662207908549221,0.0474902961035664,"JUN/MAP2K1/MEF2A/CREB1/ATF1",5
"R-HSA-1489509","R-HSA-1489509","DAG and IP3 signaling","3/47","30/2914",0.0117701987209558,0.0662207908549221,0.0474902961035664,"PRKCD/PRKACA/CREB1",3
"R-HSA-168164","R-HSA-168164","Toll Like Receptor 3 (TLR3) Cascade","5/47","87/2914",0.0120818532968565,0.0662207908549221,0.0474902961035664,"JUN/MAP2K1/MEF2A/CREB1/ATF1",5
"R-HSA-168179","R-HSA-168179","Toll Like Receptor TLR1:TLR2 Cascade","5/47","87/2914",0.0120818532968565,0.0662207908549221,0.0474902961035664,"JUN/MAP2K1/MEF2A/CREB1/ATF1",5
"R-HSA-181438","R-HSA-181438","Toll Like Receptor 2 (TLR2) Cascade","5/47","87/2914",0.0120818532968565,0.0662207908549221,0.0474902961035664,"JUN/MAP2K1/MEF2A/CREB1/ATF1",5
"R-HSA-5627117","R-HSA-5627117","RHO GTPases Activate ROCKs","2/47","11/2914",0.012766840068662,0.068042627353876,0.0487968276878411,"ROCK2/PAK1",2
"R-HSA-75035","R-HSA-75035","Chk1/Chk2(Cds1) mediated inactivation of Cyclin B:Cdk1 complex","2/47","11/2914",0.012766840068662,0.068042627353876,0.0487968276878411,"CDK1/WEE1",2
"R-HSA-4791275","R-HSA-4791275","Signaling by WNT in cancer","3/47","31/2914",0.0128856707690943,0.068042627353876,0.0487968276878411,"CTNNB1/CTBP1/TCF7L2",3
"R-HSA-166520","R-HSA-166520","Signaling by NTRKs","5/47","89/2914",0.0132504209653524,0.0691256900963564,0.04957354704856,"CDK5/MAP2K1/MEF2A/CREB1/ATF1",5
"R-HSA-9006925","R-HSA-9006925","Intracellular signaling by second messengers","8/47","201/2914",0.0135395552146949,0.0695744540366015,0.0498953784874133,"JUN/MDM2/PRKCD/BAD/PRKACA/TP53/EGR1/CREB1",8
"R-HSA-166166","R-HSA-166166","MyD88-independent TLR4 cascade ","5/47","90/2914",0.0138626105161441,0.0695744540366015,0.0498953784874133,"JUN/MAP2K1/MEF2A/CREB1/ATF1",5
"R-HSA-937061","R-HSA-937061","TRIF(TICAM1)-mediated TLR4 signaling ","5/47","90/2914",0.0138626105161441,0.0695744540366015,0.0498953784874133,"JUN/MAP2K1/MEF2A/CREB1/ATF1",5
"R-HSA-8943724","R-HSA-8943724","Regulation of PTEN gene transcription","3/47","32/2914",0.0140598736406795,0.0695744540366015,0.0498953784874133,"JUN/TP53/EGR1",3
"R-HSA-111885","R-HSA-111885","Opioid Signalling","4/47","59/2914",0.0141398428527042,0.0695744540366015,0.0498953784874133,"CDK5/PRKCD/PRKACA/CREB1",4
"R-HSA-1502540","R-HSA-1502540","Signaling by Activin","2/47","12/2914",0.0151638840081925,0.0713691497342106,0.0511824460230755,"SMAD3/SMAD4",2
"R-HSA-2032785","R-HSA-2032785","YAP1- and WWTR1 (TAZ)-stimulated gene expression","2/47","12/2914",0.0151638840081925,0.0713691497342106,0.0511824460230755,"HIPK2/YAP1",2
"R-HSA-381771","R-HSA-381771","Synthesis, secretion, and inactivation of Glucagon-like Peptide-1 (GLP-1)","2/47","12/2914",0.0151638840081925,0.0713691497342106,0.0511824460230755,"CTNNB1/TCF7L2",2
"R-HSA-442720","R-HSA-442720","CREB1 phosphorylation through the activation of Adenylate Cyclase","2/47","12/2914",0.0151638840081925,0.0713691497342106,0.0511824460230755,"PRKACA/CREB1",2
"R-HSA-112040","R-HSA-112040","G-protein mediated events","3/47","34/2914",0.0165861159641107,0.0746933116614749,0.0535663715573966,"PRKCD/PRKACA/CREB1",3
"R-HSA-112043","R-HSA-112043","PLC beta mediated events","3/47","34/2914",0.0165861159641107,0.0746933116614749,0.0535663715573966,"PRKCD/PRKACA/CREB1",3
"R-HSA-176408","R-HSA-176408","Regulation of APC/C activators between G1/S and early anaphase","3/47","34/2914",0.0165861159641107,0.0746933116614749,0.0535663715573966,"PLK1/CDK1/CDK2",3
"R-HSA-5693565","R-HSA-5693565","Recruitment and ATM-mediated phosphorylation of repair and signaling proteins at DNA double strand breaks","3/47","34/2914",0.0165861159641107,0.0746933116614749,0.0535663715573966,"ABL1/UBE2I/TP53",3
"R-HSA-69481","R-HSA-69481","G2/M Checkpoints","4/47","62/2914",0.0167326818271664,0.0746933116614749,0.0535663715573966,"CDK1/CDK2/TP53/WEE1",4
"R-HSA-111931","R-HSA-111931","PKA-mediated phosphorylation of CREB","2/47","13/2914",0.0177382920785787,0.0768068047002459,0.0550820648755866,"PRKACA/CREB1",2
"R-HSA-198323","R-HSA-198323","AKT phosphorylates targets in the cytosol","2/47","13/2914",0.0177382920785787,0.0768068047002459,0.0550820648755866,"MDM2/BAD",2
"R-HSA-6804760","R-HSA-6804760","Regulation of TP53 Activity through Methylation","2/47","13/2914",0.0177382920785787,0.0768068047002459,0.0550820648755866,"MDM2/TP53",2
"R-HSA-5693606","R-HSA-5693606","DNA Double Strand Break Response","3/47","35/2914",0.017938815301885,0.0769060101556062,0.0551532101517049,"ABL1/UBE2I/TP53",3
"R-HSA-597592","R-HSA-597592","Post-translational protein modification","12/47","393/2914",0.0188144277146306,0.0798690902003434,0.0572781855089372,"AR/DDX5/HIPK2/MDM2/UBE2I/AURKA/CDK1/CTBP1/TP53/SMAD3/SMAD1/SMAD4",12
"R-HSA-1643685","R-HSA-1643685","Disease","13/47","443/2914",0.0194388161716641,0.0817185184692285,0.058604504554327,"CDK5/CTNNB1/JUN/MDM2/BAD/CTBP1/MAP2K1/PRKACA/STAT5A/SMAD3/TCF7L2/SMAD4/CREB1",13
"R-HSA-400508","R-HSA-400508","Incretin synthesis, secretion, and inactivation","2/47","14/2914",0.0204839723852919,0.0844720004079179,0.0605791664527429,"CTNNB1/TCF7L2",2
"R-HSA-9617828","R-HSA-9617828","FOXO-mediated transcription of cell cycle genes","2/47","14/2914",0.0204839723852919,0.0844720004079179,0.0605791664527429,"SMAD3/SMAD4",2
"R-HSA-373755","R-HSA-373755","Semaphorin interactions","3/47","38/2914",0.0223579035396979,0.0912614835328292,0.0654482500113884,"CDK5/ROCK2/PAK1",3
"R-HSA-1181150","R-HSA-1181150","Signaling by NODAL","2/47","15/2914",0.0233949761481387,0.0912614835328292,0.0654482500113884,"SMAD3/SMAD4",2
"R-HSA-176412","R-HSA-176412","Phosphorylation of the APC/C","2/47","15/2914",0.0233949761481387,0.0912614835328292,0.0654482500113884,"PLK1/CDK1",2
"R-HSA-69541","R-HSA-69541","Stabilization of p53","2/47","15/2914",0.0233949761481387,0.0912614835328292,0.0654482500113884,"MDM2/TP53",2
"R-HSA-8862803","R-HSA-8862803","Deregulated CDK5 triggers multiple neurodegenerative pathways in Alzheimer's disease models","2/47","15/2914",0.0233949761481387,0.0912614835328292,0.0654482500113884,"CDK5/JUN",2
"R-HSA-8863678","R-HSA-8863678","Neurodegenerative Diseases","2/47","15/2914",0.0233949761481387,0.0912614835328292,0.0654482500113884,"CDK5/JUN",2
"R-HSA-187037","R-HSA-187037","Signaling by NTRK1 (TRKA)","4/47","70/2914",0.0250467560061883,0.0968325477739245,0.0694435434382101,"MAP2K1/MEF2A/CREB1/ATF1",4
"R-HSA-194315","R-HSA-194315","Signaling by Rho GTPases","8/47","228/2914",0.0271021420276054,0.103769946274645,0.0744187046335734,"ABL1/AR/CTNNB1/PLK1/PRKCD/ROCK2/PAK1/SRF",8
"R-HSA-8986944","R-HSA-8986944","Transcriptional Regulation by MECP2","3/47","41/2914",0.0273204939383593,0.103769946274645,0.0744187046335734,"HIPK2/PRKACA/CREB1",3
"R-HSA-8939211","R-HSA-8939211","ESR-mediated signaling","5/47","108/2914",0.0283442207125512,0.106722152769867,0.0765358820155844,"DDX5/JUN/NCOA3/CREB1/SRF",5
"R-HSA-5617833","R-HSA-5617833","Cilium Assembly","3/47","42/2914",0.0290954304231946,0.108606218734856,0.0778870415139965,"PLK1/CDK1/PRKACA",3
"R-HSA-3232142","R-HSA-3232142","SUMOylation of ubiquitinylation proteins","2/47","17/2914",0.0296898572982346,0.109877847949877,0.0787989914797949,"MDM2/UBE2I",2
"R-HSA-166016","R-HSA-166016","Toll Like Receptor 4 (TLR4) Cascade","5/47","110/2914",0.0303866888538327,0.111503697234827,0.0799649706679808,"JUN/MAP2K1/MEF2A/CREB1/ATF1",5
"R-HSA-3858494","R-HSA-3858494","Beta-catenin independent WNT signaling","4/47","76/2914",0.0326783366343804,0.118446120112134,0.0849437350992571,"CTNNB1/LEF1/TCF7/TCF7L2",4
"R-HSA-2559580","R-HSA-2559580","Oxidative Stress Induced Senescence","3/47","44/2914",0.0328257145807299,0.118446120112134,0.0849437350992571,"JUN/MDM2/TP53",3
"R-HSA-453279","R-HSA-453279","Mitotic G1-G1/S phases","4/47","77/2914",0.0340697725821577,0.121919103537804,0.0874343880968814,"ABL1/CDK1/CDK2/WEE1",4
"R-HSA-449147","R-HSA-449147","Signaling by Interleukins","10/47","332/2914",0.0353049940822813,0.125303790472359,0.0898617191913114,"JUN/MAP2K1/PRKACA/TP53/STAT5A/SMAD3/MEF2A/IRF4/CREB1/ATF1",10
"R-HSA-1538133","R-HSA-1538133","G0 and Early G1","2/47","19/2914",0.0365780996468611,0.125451307318397,0.0899675110220669,"CDK1/CDK2",2
"R-HSA-2980766","R-HSA-2980766","Nuclear Envelope Breakdown","2/47","19/2914",0.0365780996468611,0.125451307318397,0.0899675110220669,"PLK1/CDK1",2
"R-HSA-5621575","R-HSA-5621575","CD209 (DC-SIGN) signaling","2/47","19/2914",0.0365780996468611,0.125451307318397,0.0899675110220669,"PAK1/PRKACA",2
"R-HSA-9615017","R-HSA-9615017","FOXO-mediated transcription of oxidative stress, metabolic and neuronal genes","2/47","19/2914",0.0365780996468611,0.125451307318397,0.0899675110220669,"SMAD3/SMAD4",2
"R-HSA-69473","R-HSA-69473","G2/M DNA damage checkpoint","3/47","46/2914",0.0367951871349572,0.125451307318397,0.0899675110220669,"CDK1/TP53/WEE1",3
"R-HSA-1852241","R-HSA-1852241","Organelle biogenesis and maintenance","4/47","80/2914",0.0384512012028921,0.130073204069159,0.0932821081813584,"PLK1/CDK1/PRKACA/CREB1",4
"R-HSA-5693532","R-HSA-5693532","DNA Double-Strand Break Repair","4/47","81/2914",0.0399809581749163,0.132978265377604,0.095365475352846,"ABL1/UBE2I/CDK2/TP53",4
"R-HSA-2173795","R-HSA-2173795","Downregulation of SMAD2/3:SMAD4 transcriptional activity","2/47","20/2914",0.0402312996869887,0.132978265377604,0.095365475352846,"SMAD3/SMAD4",2
"R-HSA-445144","R-HSA-445144","Signal transduction by L1","2/47","20/2914",0.0402312996869887,0.132978265377604,0.095365475352846,"MAP2K1/PAK1",2
"R-HSA-9018519","R-HSA-9018519","Estrogen-dependent gene expression","3/47","49/2914",0.0431929114083181,0.141685838180316,0.101610118544289,"DDX5/JUN/NCOA3",3
"R-HSA-111465","R-HSA-111465","Apoptotic cleavage of cellular proteins","2/47","21/2914",0.0440169785559094,0.142233968020215,0.102003210322021,"CTNNB1/PRKCD",2
"R-HSA-4615885","R-HSA-4615885","SUMOylation of DNA replication proteins","2/47","21/2914",0.0440169785559094,0.142233968020215,0.102003210322021,"UBE2I/AURKA",2
"R-HSA-422475","R-HSA-422475","Axon guidance","8/47","254/2914",0.0473323034384282,0.151082470484316,0.108348921339184,"ABL1/CDK5/ROCK2/MAP2K1/PAK1/PRKACA/RPS6KA4/CREB1",8
"R-HSA-1500620","R-HSA-1500620","Meiosis","2/47","22/2914",0.0479301116667357,0.151082470484316,0.108348921339184,"UBE2I/CDK2",2
"R-HSA-180024","R-HSA-180024","DARPP-32 events","2/47","22/2914",0.0479301116667357,0.151082470484316,0.108348921339184,"CDK5/PRKACA",2
"R-HSA-8878171","R-HSA-8878171","Transcriptional regulation by RUNX1","4/47","86/2914",0.0481509952120915,0.151082470484316,0.108348921339184,"ABL1/HIPK2/YAP1/SPI1",4
"R-HSA-168898","R-HSA-168898","Toll-like Receptor Cascades","5/47","127/2914",0.0515389036208882,0.156880575287817,0.112507037097134,"JUN/MAP2K1/MEF2A/CREB1/ATF1",5
"R-HSA-112409","R-HSA-112409","RAF-independent MAPK1/3 activation","2/47","23/2914",0.0519657959725957,0.156880575287817,0.112507037097134,"CDK1/MAP2K1",2
"R-HSA-1912408","R-HSA-1912408","Pre-NOTCH Transcription and Translation","2/47","23/2914",0.0519657959725957,0.156880575287817,0.112507037097134,"JUN/TP53",2
"R-HSA-201451","R-HSA-201451","Signaling by BMP","2/47","23/2914",0.0519657959725957,0.156880575287817,0.112507037097134,"SMAD1/SMAD4",2
"R-HSA-2559585","R-HSA-2559585","Oncogene Induced Senescence","2/47","23/2914",0.0519657959725957,0.156880575287817,0.112507037097134,"MDM2/TP53",2
"R-HSA-373760","R-HSA-373760","L1CAM interactions","3/47","53/2914",0.05253506562756,0.156880575287817,0.112507037097134,"MAP2K1/PAK1/RPS6KA4",3
"R-HSA-397014","R-HSA-397014","Muscle contraction","3/47","53/2914",0.05253506562756,0.156880575287817,0.112507037097134,"HIPK2/PAK1/PRKACA",3
"R-HSA-1257604","R-HSA-1257604","PIP3 activates AKT signaling","6/47","172/2914",0.0555960526913839,0.159866014226143,0.114648047153792,"JUN/MDM2/BAD/TP53/EGR1/CREB1",6
"R-HSA-195721","R-HSA-195721","Signaling by WNT","6/47","172/2914",0.0555960526913839,0.159866014226143,0.114648047153792,"CTNNB1/CTBP1/LEF1/TCF7/TCF7L2/SOX6",6
"R-HSA-1474165","R-HSA-1474165","Reproduction","2/47","24/2914",0.0561192474881611,0.159866014226143,0.114648047153792,"UBE2I/CDK2",2
"R-HSA-2173796","R-HSA-2173796","SMAD2/SMAD3:SMAD4 heterotrimer regulates transcription","2/47","24/2914",0.0561192474881611,0.159866014226143,0.114648047153792,"SMAD3/SMAD4",2
"R-HSA-2559586","R-HSA-2559586","DNA Damage/Telomere Stress Induced Senescence","2/47","24/2914",0.0561192474881611,0.159866014226143,0.114648047153792,"CDK2/TP53",2
"R-HSA-5625740","R-HSA-5625740","RHO GTPases activate PKNs","2/47","24/2914",0.0561192474881611,0.159866014226143,0.114648047153792,"AR/PAK1",2
"R-HSA-9634638","R-HSA-9634638","Estrogen-dependent nuclear events downstream of ESR-membrane signaling","2/47","24/2914",0.0561192474881611,0.159866014226143,0.114648047153792,"CREB1/SRF",2
"R-HSA-68877","R-HSA-68877","Mitotic Prometaphase","3/47","56/2914",0.0601339133028845,0.169786044838022,0.121762205487338,"PLK1/CDK1/PRKACA",3
"R-HSA-5218920","R-HSA-5218920","VEGFR2 mediated vascular permeability","2/47","25/2914",0.060385798856941,0.169786044838022,0.121762205487338,"CTNNB1/PAK1",2
"R-HSA-75153","R-HSA-75153","Apoptotic execution phase","2/47","26/2914",0.0647608969635559,0.180912699259482,0.129741695105256,"CTNNB1/PRKCD",2
"R-HSA-9006931","R-HSA-9006931","Signaling by Nuclear Receptors","5/47","136/2914",0.0655644006212029,0.181983240185775,0.130509434434918,"DDX5/JUN/NCOA3/CREB1/SRF",5
"R-HSA-5693567","R-HSA-5693567","HDR through Homologous Recombination (HRR) or Single Strand Annealing (SSA)","3/47","59/2914",0.0682234743103496,0.185067676268907,0.132721440377605,"ABL1/UBE2I/CDK2",3
"R-HSA-6807070","R-HSA-6807070","PTEN Regulation","3/47","59/2914",0.0682234743103496,0.185067676268907,0.132721440377605,"JUN/TP53/EGR1",3
"R-HSA-1251985","R-HSA-1251985","Nuclear signaling by ERBB4","2/47","27/2914",0.0692401005902147,0.185067676268907,0.132721440377605,"YAP1/STAT5A",2
"R-HSA-5617472","R-HSA-5617472","Activation of anterior HOX genes in hindbrain development during early embryogenesis","2/47","27/2914",0.0692401005902147,0.185067676268907,0.132721440377605,"JUN/NCOA3",2
"R-HSA-5619507","R-HSA-5619507","Activation of HOX genes during differentiation","2/47","27/2914",0.0692401005902147,0.185067676268907,0.132721440377605,"JUN/NCOA3",2
"R-HSA-5689896","R-HSA-5689896","Ovarian tumor domain proteases","2/47","27/2914",0.0692401005902147,0.185067676268907,0.132721440377605,"CDK1/TP53",2
"R-HSA-69206","R-HSA-69206","G1/S Transition","3/47","60/2914",0.0710261121207918,0.188676727290201,0.135309674366378,"CDK1/CDK2/WEE1",3
"R-HSA-2559583","R-HSA-2559583","Cellular Senescence","4/47","99/2914",0.0734315407844806,0.191399166613786,0.137262074027147,"JUN/MDM2/CDK2/TP53",4
"R-HSA-174178","R-HSA-174178","APC/C:Cdh1 mediated degradation of Cdc20 and other APC/C:Cdh1 targeted proteins in late mitosis/early G1","2/47","28/2914",0.0738190781166333,0.191399166613786,0.137262074027147,"PLK1/AURKA",2
"R-HSA-2173789","R-HSA-2173789","TGF-beta receptor signaling activates SMADs","2/47","28/2914",0.0738190781166333,0.191399166613786,0.137262074027147,"SMAD3/SMAD4",2
"R-HSA-4090294","R-HSA-4090294","SUMOylation of intracellular receptors","2/47","28/2914",0.0738190781166333,0.191399166613786,0.137262074027147,"AR/UBE2I",2
"R-HSA-2029480","R-HSA-2029480","Fcgamma receptor (FCGR) dependent phagocytosis","3/47","62/2914",0.0767865256810771,0.197603087667008,0.14171122125141,"ABL1/PRKCD/PAK1",3
"R-HSA-109581","R-HSA-109581","Apoptosis","4/47","101/2914",0.0778284304976043,0.197603087667008,0.14171122125141,"CTNNB1/PRKCD/BAD/TP53",4
"R-HSA-114452","R-HSA-114452","Activation of BH3-only proteins","2/47","29/2914",0.0784936052626453,0.197603087667008,0.14171122125141,"BAD/TP53",2
"R-HSA-186763","R-HSA-186763","Downstream signal transduction","2/47","29/2914",0.0784936052626453,0.197603087667008,0.14171122125141,"BCAR1/STAT5A",2
"R-HSA-1912422","R-HSA-1912422","Pre-NOTCH Expression and Processing","2/47","29/2914",0.0784936052626453,0.197603087667008,0.14171122125141,"JUN/TP53",2
"R-HSA-5693538","R-HSA-5693538","Homology Directed Repair","3/47","63/2914",0.0797428930292851,0.199587703362315,0.143134490073861,"ABL1/UBE2I/CDK2",3
"R-HSA-5357801","R-HSA-5357801","Programmed Cell Death","4/47","103/2914",0.0823569534805782,0.203680173581399,0.146069408548712,"CTNNB1/PRKCD/BAD/TP53",4
"R-HSA-376176","R-HSA-376176","Signaling by ROBO receptors","3/47","64/2914",0.0827490683616358,0.203680173581399,0.146069408548712,"ABL1/PAK1/PRKACA",3
"R-HSA-176814","R-HSA-176814","Activation of APC/C and APC/C:Cdc20 mediated degradation of mitotic proteins","2/47","30/2914",0.083259562872766,0.203680173581399,0.146069408548712,"PLK1/CDK1",2
"R-HSA-2871796","R-HSA-2871796","FCERI mediated MAPK activation","2/47","30/2914",0.083259562872766,0.203680173581399,0.146069408548712,"JUN/PAK1",2
"R-HSA-157118","R-HSA-157118","Signaling by NOTCH","4/47","104/2914",0.0846700514597508,0.20596703529254,0.14770943335675,"JUN/TP53/SMAD3/CREB1",4
"R-HSA-68875","R-HSA-68875","Mitotic Prophase","2/47","33/2914",0.0980663584276971,0.237221973179848,0.170123938466161,"PLK1/CDK1",2
"R-HSA-109582","R-HSA-109582","Hemostasis","8/47","298/2914",0.100668585217756,0.24216387444049,0.173668027130046,"ABL1/BCAR1/CDK5/PRKCD/CDK2/PRKACA/TP53/WEE1",8
"R-HSA-5683057","R-HSA-5683057","MAPK family signaling cascades","6/47","202/2914",0.102961878496376,0.242759740548172,0.174095353012546,"JUN/NCOA3/CDK1/MAP2K1/PAK1/PRKACA",6
"R-HSA-2500257","R-HSA-2500257","Resolution of Sister Chromatid Cohesion","2/47","34/2914",0.103158873581671,0.242759740548172,0.174095353012546,"PLK1/CDK1",2
"R-HSA-3928662","R-HSA-3928662","EPHB-mediated forward signaling","2/47","34/2914",0.103158873581671,0.242759740548172,0.174095353012546,"ROCK2/PAK1",2
"R-HSA-6796648","R-HSA-6796648","TP53 Regulates Transcription of DNA Repair Genes","2/47","34/2914",0.103158873581671,0.242759740548172,0.174095353012546,"JUN/TP53",2
"R-HSA-5576891","R-HSA-5576891","Cardiac conduction","2/47","35/2914",0.108323725598628,0.252582830849529,0.181139990520508,"HIPK2/PRKACA",2
"R-HSA-5621481","R-HSA-5621481","C-type lectin receptors (CLRs)","3/47","72/2914",0.108499784152454,0.252582830849529,0.181139990520508,"PRKCD/PAK1/PRKACA",3
"R-HSA-2173793","R-HSA-2173793","Transcriptional activity of SMAD2/SMAD3:SMAD4 heterotrimer","2/47","36/2914",0.113557381806481,0.262943028460997,0.188569814989654,"SMAD3/SMAD4",2
"R-HSA-556833","R-HSA-556833","Metabolism of lipids","4/47","119/2914",0.123090518575399,0.283501034803978,0.203313006605503,"NCOA3/UBE2I/PRKACA/CLOCK",4
"R-HSA-112314","R-HSA-112314","Neurotransmitter receptors and postsynaptic signal transmission","3/47","77/2914",0.126007962672116,0.288684909190615,0.207030626501109,"MDM2/PRKACA/CREB1",3
"R-HSA-69202","R-HSA-69202","Cyclin E associated events during G1/S transition ","2/47","39/2914",0.129637198438476,0.295436352230843,0.211872429580889,"CDK2/WEE1",2
"R-HSA-69656","R-HSA-69656","Cyclin A:Cdk2-associated events at S phase entry","2/47","40/2914",0.135112530966189,0.3063022298867,0.219664902921056,"CDK2/WEE1",2
"R-HSA-168249","R-HSA-168249","Innate Immune System","10/47","428/2914",0.141070906188688,0.318144283227614,0.228157441478416,"ABL1/CTNNB1/JUN/PRKCD/MAP2K1/PAK1/PRKACA/MEF2A/CREB1/ATF1",10
"R-HSA-2980736","R-HSA-2980736","Peptide hormone metabolism","2/47","42/2914",0.146217572602529,0.322154027656478,0.231033033082925,"CTNNB1/TCF7L2",2
"R-HSA-909733","R-HSA-909733","Interferon alpha/beta signaling","2/47","42/2914",0.146217572602529,0.322154027656478,0.231033033082925,"EGR1/IRF4",2
"R-HSA-114508","R-HSA-114508","Effects of PIP2 hydrolysis","1/47","10/2914",0.150288945927503,0.322154027656478,0.231033033082925,"PRKCD",1
"R-HSA-1221632","R-HSA-1221632","Meiotic synapsis","1/47","10/2914",0.150288945927503,0.322154027656478,0.231033033082925,"UBE2I",1
"R-HSA-1362300","R-HSA-1362300","Transcription of E2F targets under negative control by p107 (RBL1) and p130 (RBL2) in complex with HDAC1","1/47","10/2914",0.150288945927503,0.322154027656478,0.231033033082925,"CDK1",1
"R-HSA-442729","R-HSA-442729","CREB1 phosphorylation through the activation of CaMKII/CaMKK/CaMKIV cascasde","1/47","10/2914",0.150288945927503,0.322154027656478,0.231033033082925,"CREB1",1
"R-HSA-450341","R-HSA-450341","Activation of the AP-1 family of transcription factors","1/47","10/2914",0.150288945927503,0.322154027656478,0.231033033082925,"JUN",1
"R-HSA-4755510","R-HSA-4755510","SUMOylation of immune response proteins","1/47","10/2914",0.150288945927503,0.322154027656478,0.231033033082925,"UBE2I",1
"R-HSA-6804759","R-HSA-6804759","Regulation of TP53 Activity through Association with Co-factors","1/47","10/2914",0.150288945927503,0.322154027656478,0.231033033082925,"TP53",1
"R-HSA-9020958","R-HSA-9020958","Interleukin-21 signaling","1/47","10/2914",0.150288945927503,0.322154027656478,0.231033033082925,"STAT5A",1
"R-HSA-2029482","R-HSA-2029482","Regulation of actin dynamics for phagocytic cup formation","2/47","43/2914",0.151841329242603,0.323067947848743,0.231688451720869,"ABL1/PAK1",2
"R-HSA-1236394","R-HSA-1236394","Signaling by ERBB4","2/47","44/2914",0.157508739464597,0.323067947848743,0.231688451720869,"YAP1/STAT5A",2
"R-HSA-9006936","R-HSA-9006936","Signaling by TGF-beta family members","3/47","86/2914",0.15987447093639,0.323067947848743,0.231688451720869,"SMAD3/SMAD1/SMAD4",3
"R-HSA-2559582","R-HSA-2559582","Senescence-Associated Secretory Phenotype (SASP)","2/47","45/2914",0.163217021537313,0.323067947848743,0.231688451720869,"JUN/CDK2",2
"R-HSA-512988","R-HSA-512988","Interleukin-3, Interleukin-5 and GM-CSF signaling","2/47","45/2914",0.163217021537313,0.323067947848743,0.231688451720869,"PRKACA/STAT5A",2
"R-HSA-113510","R-HSA-113510","E2F mediated regulation of DNA replication","1/47","11/2914",0.164041156513387,0.323067947848743,0.231688451720869,"CDK1",1
"R-HSA-163615","R-HSA-163615","PKA activation","1/47","11/2914",0.164041156513387,0.323067947848743,0.231688451720869,"PRKACA",1
"R-HSA-2197563","R-HSA-2197563","NOTCH2 intracellular domain regulates transcription","1/47","11/2914",0.164041156513387,0.323067947848743,0.231688451720869,"CREB1",1
"R-HSA-2586552","R-HSA-2586552","Signaling by Leptin","1/47","11/2914",0.164041156513387,0.323067947848743,0.231688451720869,"STAT5A",1
"R-HSA-349425","R-HSA-349425","Autodegradation of the E3 ubiquitin ligase COP1","1/47","11/2914",0.164041156513387,0.323067947848743,0.231688451720869,"TP53",1
"R-HSA-380994","R-HSA-380994","ATF4 activates genes in response to endoplasmic reticulum  stress","1/47","11/2914",0.164041156513387,0.323067947848743,0.231688451720869,"ATF3",1
"R-HSA-416572","R-HSA-416572","Sema4D induced cell migration and growth-cone collapse","1/47","11/2914",0.164041156513387,0.323067947848743,0.231688451720869,"ROCK2",1
"R-HSA-452723","R-HSA-452723","Transcriptional regulation of pluripotent stem cells","1/47","11/2914",0.164041156513387,0.323067947848743,0.231688451720869,"SMAD4",1
"R-HSA-5210891","R-HSA-5210891","Uptake and function of anthrax toxins","1/47","11/2914",0.164041156513387,0.323067947848743,0.231688451720869,"MAP2K1",1
"R-HSA-6803207","R-HSA-6803207","TP53 Regulates Transcription of Caspase Activators and Caspases","1/47","11/2914",0.164041156513387,0.323067947848743,0.231688451720869,"TP53",1
"R-HSA-112315","R-HSA-112315","Transmission across Chemical Synapses","3/47","88/2914",0.167760406094712,0.323067947848743,0.231688451720869,"MDM2/PRKACA/CREB1",3
"R-HSA-1989781","R-HSA-1989781","PPARA activates gene expression","2/47","47/2914",0.174745446836254,0.323067947848743,0.231688451720869,"NCOA3/CLOCK",2
"R-HSA-438064","R-HSA-438064","Post NMDA receptor activation events","2/47","47/2914",0.174745446836254,0.323067947848743,0.231688451720869,"PRKACA/CREB1",2
"R-HSA-5663220","R-HSA-5663220","RHO GTPases Activate Formins","2/47","47/2914",0.174745446836254,0.323067947848743,0.231688451720869,"PLK1/SRF",2
"R-HSA-877300","R-HSA-877300","Interferon gamma signaling","2/47","47/2914",0.174745446836254,0.323067947848743,0.231688451720869,"PRKCD/IRF4",2
"R-HSA-8848021","R-HSA-8848021","Signaling by PTK6","2/47","47/2914",0.174745446836254,0.323067947848743,0.231688451720869,"BCAR1/CDK2",2
"R-HSA-9006927","R-HSA-9006927","Signaling by Non-Receptor Tyrosine Kinases","2/47","47/2914",0.174745446836254,0.323067947848743,0.231688451720869,"BCAR1/CDK2",2
"R-HSA-111932","R-HSA-111932","CaMK IV-mediated phosphorylation of CREB","1/47","12/2914",0.177575454013859,0.323067947848743,0.231688451720869,"CREB1",1
"R-HSA-170968","R-HSA-170968","Frs2-mediated activation","1/47","12/2914",0.177575454013859,0.323067947848743,0.231688451720869,"MAP2K1",1
"R-HSA-1839117","R-HSA-1839117","Signaling by cytosolic FGFR1 fusion mutants","1/47","12/2914",0.177575454013859,0.323067947848743,0.231688451720869,"STAT5A",1
"R-HSA-3301854","R-HSA-3301854","Nuclear Pore Complex (NPC) Disassembly","1/47","12/2914",0.177575454013859,0.323067947848743,0.231688451720869,"CDK1",1
"R-HSA-389359","R-HSA-389359","CD28 dependent Vav1 pathway","1/47","12/2914",0.177575454013859,0.323067947848743,0.231688451720869,"PAK1",1
"R-HSA-399954","R-HSA-399954","Sema3A PAK dependent Axon repulsion","1/47","12/2914",0.177575454013859,0.323067947848743,0.231688451720869,"PAK1",1
"R-HSA-418990","R-HSA-418990","Adherens junctions interactions","1/47","12/2914",0.177575454013859,0.323067947848743,0.231688451720869,"CTNNB1",1
"R-HSA-68962","R-HSA-68962","Activation of the pre-replicative complex","1/47","12/2914",0.177575454013859,0.323067947848743,0.231688451720869,"CDK2",1
"R-HSA-8854050","R-HSA-8854050","FBXL7 down-regulates AURKA during mitotic entry and in early mitosis","1/47","12/2914",0.177575454013859,0.323067947848743,0.231688451720869,"AURKA",1
"R-HSA-8963898","R-HSA-8963898","Plasma lipoprotein assembly","1/47","12/2914",0.177575454013859,0.323067947848743,0.231688451720869,"PRKACA",1
"R-HSA-9005891","R-HSA-9005891","Loss of function of MECP2 in Rett syndrome","1/47","12/2914",0.177575454013859,0.323067947848743,0.231688451720869,"PRKACA",1
"R-HSA-9005895","R-HSA-9005895","Pervasive developmental disorders","1/47","12/2914",0.177575454013859,0.323067947848743,0.231688451720869,"PRKACA",1
"R-HSA-9020558","R-HSA-9020558","Interleukin-2 signaling","1/47","12/2914",0.177575454013859,0.323067947848743,0.231688451720869,"STAT5A",1
"R-HSA-9022699","R-HSA-9022699","MECP2 regulates neuronal receptors and channels","1/47","12/2914",0.177575454013859,0.323067947848743,0.231688451720869,"CREB1",1
"R-HSA-2262752","R-HSA-2262752","Cellular responses to stress","5/47","187/2914",0.180324871183433,0.324409339216378,0.232650431673347,"AR/JUN/MDM2/CDK2/TP53",5
"R-HSA-400206","R-HSA-400206","Regulation of lipid metabolism by Peroxisome proliferator-activated receptor alpha (PPARalpha)","2/47","48/2914",0.18056039434445,0.324409339216378,0.232650431673347,"NCOA3/CLOCK",2
"R-HSA-5693607","R-HSA-5693607","Processing of DNA double-strand break ends","2/47","48/2914",0.18056039434445,0.324409339216378,0.232650431673347,"UBE2I/CDK2",2
"R-HSA-8953897","R-HSA-8953897","Cellular responses to external stimuli","5/47","189/2914",0.18589198891909,0.326709996763501,0.234300350176815,"AR/JUN/MDM2/CDK2/TP53",5
"R-HSA-109606","R-HSA-109606","Intrinsic Pathway for Apoptosis","2/47","49/2914",0.186405819150243,0.326709996763501,0.234300350176815,"BAD/TP53",2
"R-HSA-186797","R-HSA-186797","Signaling by PDGF","2/47","49/2914",0.186405819150243,0.326709996763501,0.234300350176815,"BCAR1/STAT5A",2
"R-HSA-442755","R-HSA-442755","Activation of NMDA receptors and postsynaptic events","2/47","49/2914",0.186405819150243,0.326709996763501,0.234300350176815,"PRKACA/CREB1",2
"R-HSA-9614085","R-HSA-9614085","FOXO-mediated transcription","2/47","49/2914",0.186405819150243,0.326709996763501,0.234300350176815,"SMAD3/SMAD4",2
"R-HSA-169893","R-HSA-169893","Prolonged ERK activation events","1/47","13/2914",0.190895217508466,0.326709996763501,0.234300350176815,"MAP2K1",1
"R-HSA-372708","R-HSA-372708","p130Cas linkage to MAPK signaling for integrins","1/47","13/2914",0.190895217508466,0.326709996763501,0.234300350176815,"BCAR1",1
"R-HSA-4085377","R-HSA-4085377","SUMOylation of SUMOylation proteins","1/47","13/2914",0.190895217508466,0.326709996763501,0.234300350176815,"UBE2I",1
"R-HSA-428540","R-HSA-428540","Activation of RAC1","1/47","13/2914",0.190895217508466,0.326709996763501,0.234300350176815,"PAK1",1
"R-HSA-5626467","R-HSA-5626467","RHO GTPases activate IQGAPs","1/47","13/2914",0.190895217508466,0.326709996763501,0.234300350176815,"CTNNB1",1
"R-HSA-8964616","R-HSA-8964616","G beta:gamma signalling through CDC42","1/47","13/2914",0.190895217508466,0.326709996763501,0.234300350176815,"PAK1",1
"R-HSA-912446","R-HSA-912446","Meiotic recombination","1/47","13/2914",0.190895217508466,0.326709996763501,0.234300350176815,"CDK2",1
"R-HSA-381042","R-HSA-381042","PERK regulates gene expression","1/47","14/2914",0.204003774825633,0.330539601409776,0.237046754384062,"ATF3",1
"R-HSA-445355","R-HSA-445355","Smooth Muscle Contraction","1/47","14/2914",0.204003774825633,0.330539601409776,0.237046754384062,"PAK1",1
"R-HSA-4839743","R-HSA-4839743","phosphorylation site mutants of CTNNB1 are not targeted to the proteasome by the destruction complex","1/47","14/2914",0.204003774825633,0.330539601409776,0.237046754384062,"CTNNB1",1
"R-HSA-5339716","R-HSA-5339716","Misspliced GSK3beta mutants stabilize beta-catenin","1/47","14/2914",0.204003774825633,0.330539601409776,0.237046754384062,"CTNNB1",1
"R-HSA-5358747","R-HSA-5358747","S33 mutants of beta-catenin aren't phosphorylated","1/47","14/2914",0.204003774825633,0.330539601409776,0.237046754384062,"CTNNB1",1
"R-HSA-5358749","R-HSA-5358749","S37 mutants of beta-catenin aren't phosphorylated","1/47","14/2914",0.204003774825633,0.330539601409776,0.237046754384062,"CTNNB1",1
"R-HSA-5358751","R-HSA-5358751","S45 mutants of beta-catenin aren't phosphorylated","1/47","14/2914",0.204003774825633,0.330539601409776,0.237046754384062,"CTNNB1",1
"R-HSA-5358752","R-HSA-5358752","T41 mutants of beta-catenin aren't phosphorylated","1/47","14/2914",0.204003774825633,0.330539601409776,0.237046754384062,"CTNNB1",1
"R-HSA-5684264","R-HSA-5684264","MAP3K8 (TPL2)-dependent MAPK1/3 activation","1/47","14/2914",0.204003774825633,0.330539601409776,0.237046754384062,"MAP2K1",1
"R-HSA-6804758","R-HSA-6804758","Regulation of TP53 Activity through Acetylation","1/47","14/2914",0.204003774825633,0.330539601409776,0.237046754384062,"TP53",1
"R-HSA-8849471","R-HSA-8849471","PTK6 Regulates RHO GTPases, RAS GTPase and MAP kinases","1/47","14/2914",0.204003774825633,0.330539601409776,0.237046754384062,"BCAR1",1
"R-HSA-8983432","R-HSA-8983432","Interleukin-15 signaling","1/47","14/2914",0.204003774825633,0.330539601409776,0.237046754384062,"STAT5A",1
"R-HSA-400253","R-HSA-400253","Circadian Clock","2/47","52/2914",0.204101058034547,0.330539601409776,0.237046754384062,"CLOCK/CREB1",2
"R-HSA-2219528","R-HSA-2219528","PI3K/AKT Signaling in Cancer","3/47","97/2914",0.204583402258245,0.330539601409776,0.237046754384062,"MDM2/BAD/CREB1",3
"R-HSA-913531","R-HSA-913531","Interferon Signaling","3/47","97/2914",0.204583402258245,0.330539601409776,0.237046754384062,"PRKCD/EGR1/IRF4",3
"R-HSA-111447","R-HSA-111447","Activation of BAD and translocation to mitochondria ","1/47","15/2914",0.216904403302597,0.337840311618793,0.242282464877948,"BAD",1
"R-HSA-1170546","R-HSA-1170546","Prolactin receptor signaling","1/47","15/2914",0.216904403302597,0.337840311618793,0.242282464877948,"STAT5A",1
"R-HSA-2028269","R-HSA-2028269","Signaling by Hippo","1/47","15/2914",0.216904403302597,0.337840311618793,0.242282464877948,"YAP1",1
"R-HSA-3371497","R-HSA-3371497","HSP90 chaperone cycle for steroid hormone receptors (SHR)","1/47","15/2914",0.216904403302597,0.337840311618793,0.242282464877948,"AR",1
"R-HSA-392517","R-HSA-392517","Rap1 signalling","1/47","15/2914",0.216904403302597,0.337840311618793,0.242282464877948,"PRKACA",1
"R-HSA-400685","R-HSA-400685","Sema4D in semaphorin signaling","1/47","15/2914",0.216904403302597,0.337840311618793,0.242282464877948,"ROCK2",1
"R-HSA-6803204","R-HSA-6803204","TP53 Regulates Transcription of Genes Involved in Cytochrome C Release","1/47","15/2914",0.216904403302597,0.337840311618793,0.242282464877948,"TP53",1
"R-HSA-69205","R-HSA-69205","G1/S-Specific Transcription","1/47","15/2914",0.216904403302597,0.337840311618793,0.242282464877948,"CDK1",1
"R-HSA-8876384","R-HSA-8876384","Listeria monocytogenes entry into host cells","1/47","15/2914",0.216904403302597,0.337840311618793,0.242282464877948,"CTNNB1",1
"R-HSA-9008059","R-HSA-9008059","Interleukin-37 signaling","1/47","15/2914",0.216904403302597,0.337840311618793,0.242282464877948,"SMAD3",1
"R-HSA-176187","R-HSA-176187","Activation of ATR in response to replication stress","1/47","16/2914",0.229600330534324,0.350059658878036,0.251045580087567,"CDK2",1
"R-HSA-196299","R-HSA-196299","Beta-catenin phosphorylation cascade","1/47","16/2914",0.229600330534324,0.350059658878036,0.251045580087567,"CTNNB1",1
"R-HSA-3928664","R-HSA-3928664","Ephrin signaling","1/47","16/2914",0.229600330534324,0.350059658878036,0.251045580087567,"PAK1",1
"R-HSA-5627123","R-HSA-5627123","RHO GTPases activate PAKs","1/47","16/2914",0.229600330534324,0.350059658878036,0.251045580087567,"PAK1",1
"R-HSA-5668599","R-HSA-5668599","RHO GTPases Activate NADPH Oxidases","1/47","16/2914",0.229600330534324,0.350059658878036,0.251045580087567,"PRKCD",1
"R-HSA-8941858","R-HSA-8941858","Regulation of RUNX3 expression and activity","1/47","16/2914",0.229600330534324,0.350059658878036,0.251045580087567,"MDM2",1
"R-HSA-112316","R-HSA-112316","Neuronal System","3/47","105/2914",0.238789435897135,0.356554490827599,0.255703354306896,"MDM2/PRKACA/CREB1",3
"R-HSA-68886","R-HSA-68886","M Phase","3/47","105/2914",0.238789435897135,0.356554490827599,0.255703354306896,"PLK1/CDK1/PRKACA",3
"R-HSA-163359","R-HSA-163359","Glucagon signaling in metabolic regulation","1/47","17/2914",0.24209473511158,0.356554490827599,0.255703354306896,"PRKACA",1
"R-HSA-174048","R-HSA-174048","APC/C:Cdc20 mediated degradation of Cyclin B","1/47","17/2914",0.24209473511158,0.356554490827599,0.255703354306896,"CDK1",1
"R-HSA-2029485","R-HSA-2029485","Role of phospholipids in phagocytosis","1/47","17/2914",0.24209473511158,0.356554490827599,0.255703354306896,"PRKCD",1
"R-HSA-399719","R-HSA-399719","Trafficking of AMPA receptors","1/47","17/2914",0.24209473511158,0.356554490827599,0.255703354306896,"MDM2",1
"R-HSA-399721","R-HSA-399721","Glutamate binding, activation of AMPA receptors and synaptic plasticity","1/47","17/2914",0.24209473511158,0.356554490827599,0.255703354306896,"MDM2",1
"R-HSA-4570464","R-HSA-4570464","SUMOylation of RNA binding proteins","1/47","17/2914",0.24209473511158,0.356554490827599,0.255703354306896,"UBE2I",1
"R-HSA-68949","R-HSA-68949","Orc1 removal from chromatin","1/47","17/2914",0.24209473511158,0.356554490827599,0.255703354306896,"CDK2",1
"R-HSA-9013695","R-HSA-9013695","NOTCH4 Intracellular Domain Regulates Transcription","1/47","17/2914",0.24209473511158,0.356554490827599,0.255703354306896,"SMAD3",1
"R-HSA-73894","R-HSA-73894","DNA Repair","4/47","157/2914",0.245512804549747,0.360362862271324,0.258434531104997,"ABL1/UBE2I/CDK2/TP53",4
"R-HSA-202433","R-HSA-202433","Generation of second messenger molecules","1/47","18/2914",0.254390747348292,0.367170645339368,0.26331673848332,"PAK1",1
"R-HSA-5610780","R-HSA-5610780","Degradation of GLI1 by the proteasome","1/47","18/2914",0.254390747348292,0.367170645339368,0.26331673848332,"PRKACA",1
"R-HSA-5610783","R-HSA-5610783","Degradation of GLI2 by the proteasome","1/47","18/2914",0.254390747348292,0.367170645339368,0.26331673848332,"PRKACA",1
"R-HSA-881907","R-HSA-881907","Gastrin-CREB signalling pathway via PKC and MAPK","1/47","18/2914",0.254390747348292,0.367170645339368,0.26331673848332,"CREB1",1
"R-HSA-8939243","R-HSA-8939243","RUNX1 interacts with co-factors whose precise effect on RUNX1 targets is not known","1/47","18/2914",0.254390747348292,0.367170645339368,0.26331673848332,"HIPK2",1
"R-HSA-1368108","R-HSA-1368108","BMAL1:CLOCK,NPAS2 activates circadian gene expression","1/47","19/2914",0.266491449998372,0.379574992925312,0.272212526833517,"CLOCK",1
"R-HSA-421270","R-HSA-421270","Cell-cell junction organization","1/47","19/2914",0.266491449998372,0.379574992925312,0.272212526833517,"CTNNB1",1
"R-HSA-5218921","R-HSA-5218921","VEGFR2 mediated cell proliferation","1/47","19/2914",0.266491449998372,0.379574992925312,0.272212526833517,"PRKCD",1
"R-HSA-5610785","R-HSA-5610785","GLI3 is processed to GLI3R by the proteasome","1/47","19/2914",0.266491449998372,0.379574992925312,0.272212526833517,"PRKACA",1
"R-HSA-170834","R-HSA-170834","Signaling by TGF-beta Receptor Complex","2/47","63/2914",0.27020080130777,0.382342963942041,0.274197579586489,"SMAD3/SMAD4",2
"R-HSA-9009391","R-HSA-9009391","Extra-nuclear estrogen signaling","2/47","63/2914",0.27020080130777,0.382342963942041,0.274197579586489,"CREB1/SRF",2
"R-HSA-437239","R-HSA-437239","Recycling pathway of L1","1/47","20/2914",0.278399878962129,0.387611407043735,0.277975848007541,"RPS6KA4",1
"R-HSA-5339562","R-HSA-5339562","Uptake and actions of bacterial toxins","1/47","20/2914",0.278399878962129,0.387611407043735,0.277975848007541,"MAP2K1",1
"R-HSA-5578775","R-HSA-5578775","Ion homeostasis","1/47","20/2914",0.278399878962129,0.387611407043735,0.277975848007541,"PRKACA",1
"R-HSA-70171","R-HSA-70171","Glycolysis","1/47","20/2914",0.278399878962129,0.387611407043735,0.277975848007541,"PRKACA",1
"R-HSA-70326","R-HSA-70326","Glucose metabolism","1/47","20/2914",0.278399878962129,0.387611407043735,0.277975848007541,"PRKACA",1
"R-HSA-198753","R-HSA-198753","ERK/MAPK targets","1/47","21/2914",0.29011902398244,0.400068590396167,0.286909527572309,"MEF2A",1
"R-HSA-3928663","R-HSA-3928663","EPHA-mediated growth cone collapse","1/47","21/2914",0.29011902398244,0.400068590396167,0.286909527572309,"ROCK2",1
"R-HSA-397795","R-HSA-397795","G-protein beta:gamma signalling","1/47","21/2914",0.29011902398244,0.400068590396167,0.286909527572309,"PAK1",1
"R-HSA-2682334","R-HSA-2682334","EPH-Ephrin signaling","2/47","68/2914",0.300409985425395,0.40563739782683,0.290903202525623,"ROCK2/PAK1",2
"R-HSA-1250196","R-HSA-1250196","SHC1 events in ERBB2 signaling","1/47","22/2914",0.301651829330807,0.40563739782683,0.290903202525623,"PRKCD",1
"R-HSA-1266695","R-HSA-1266695","Interleukin-7 signaling","1/47","22/2914",0.301651829330807,0.40563739782683,0.290903202525623,"STAT5A",1
"R-HSA-187577","R-HSA-187577","SCF(Skp2)-mediated degradation of p27/p21","1/47","22/2914",0.301651829330807,0.40563739782683,0.290903202525623,"CDK2",1
"R-HSA-2173788","R-HSA-2173788","Downregulation of TGF-beta receptor signaling","1/47","22/2914",0.301651829330807,0.40563739782683,0.290903202525623,"SMAD3",1
"R-HSA-432040","R-HSA-432040","Vasopressin regulates renal water homeostasis via Aquaporins","1/47","22/2914",0.301651829330807,0.40563739782683,0.290903202525623,"PRKACA",1
"R-HSA-442742","R-HSA-442742","CREB1 phosphorylation through NMDA receptor-mediated activation of RAS signaling","1/47","22/2914",0.301651829330807,0.40563739782683,0.290903202525623,"CREB1",1
"R-HSA-445717","R-HSA-445717","Aquaporin-mediated transport","1/47","22/2914",0.301651829330807,0.40563739782683,0.290903202525623,"PRKACA",1
"R-HSA-4551638","R-HSA-4551638","SUMOylation of chromatin organization proteins","1/47","23/2914",0.313001194483453,0.4170138991118,0.299061870032773,"UBE2I",1
"R-HSA-5685938","R-HSA-5685938","HDR through Single Strand Annealing (SSA)","1/47","23/2914",0.313001194483453,0.4170138991118,0.299061870032773,"ABL1",1
"R-HSA-69002","R-HSA-69002","DNA Replication Pre-Initiation","1/47","23/2914",0.313001194483453,0.4170138991118,0.299061870032773,"CDK2",1
"R-HSA-69242","R-HSA-69242","S Phase","2/47","71/2914",0.318465836176318,0.422992966455049,0.303349763228976,"CDK2/WEE1",2
"R-HSA-1839124","R-HSA-1839124","FGFR1 mutant receptor activation","1/47","24/2914",0.324169974787596,0.425350300251603,0.305040327152602,"STAT5A",1
"R-HSA-8854691","R-HSA-8854691","Interleukin-20 family signaling","1/47","24/2914",0.324169974787596,0.425350300251603,0.305040327152602,"STAT5A",1
"R-HSA-9006335","R-HSA-9006335","Signaling by Erythropoietin","1/47","24/2914",0.324169974787596,0.425350300251603,0.305040327152602,"STAT5A",1
"R-HSA-982772","R-HSA-982772","Growth hormone receptor signaling","1/47","24/2914",0.324169974787596,0.425350300251603,0.305040327152602,"STAT5A",1
"R-HSA-354192","R-HSA-354192","Integrin alphaIIb beta3 signaling","1/47","25/2914",0.33516098211804,0.433208075394362,0.310675537234318,"BCAR1",1
"R-HSA-5663213","R-HSA-5663213","RHO GTPases Activate WASPs and WAVEs","1/47","25/2914",0.33516098211804,0.433208075394362,0.310675537234318,"ABL1",1
"R-HSA-8864260","R-HSA-8864260","Transcriptional regulation by the AP-2 (TFAP2) family of transcription factors","1/47","25/2914",0.33516098211804,0.433208075394362,0.310675537234318,"UBE2I",1
"R-HSA-9006115","R-HSA-9006115","Signaling by NTRK2 (TRKB)","1/47","25/2914",0.33516098211804,0.433208075394362,0.310675537234318,"CDK5",1
"R-HSA-9006921","R-HSA-9006921","Integrin signaling","1/47","25/2914",0.33516098211804,0.433208075394362,0.310675537234318,"BCAR1",1
"R-HSA-174184","R-HSA-174184","Cdc20:Phospho-APC/C mediated degradation of Cyclin A","1/47","27/2914",0.356620711867835,0.458209994773805,0.328605684838392,"CDK1",1
"R-HSA-69017","R-HSA-69017","CDK-mediated phosphorylation and removal of Cdc6","1/47","27/2914",0.356620711867835,0.458209994773805,0.328605684838392,"CDK2",1
"R-HSA-179419","R-HSA-179419","APC:Cdc20 mediated degradation of cell cycle proteins prior to satisfation of the cell cycle checkpoint","1/47","28/2914",0.367094846451212,0.467506083862867,0.335272382981757,"CDK1",1
"R-HSA-381676","R-HSA-381676","Glucagon-like Peptide-1 (GLP1) regulates insulin secretion","1/47","28/2914",0.367094846451212,0.467506083862867,0.335272382981757,"PRKACA",1
"R-HSA-8957322","R-HSA-8957322","Metabolism of steroids","1/47","28/2914",0.367094846451212,0.467506083862867,0.335272382981757,"UBE2I",1
"R-HSA-141424","R-HSA-141424","Amplification of signal from the kinetochores","1/47","29/2914",0.377402033636518,0.470936831598307,0.337732746618453,"PLK1",1
"R-HSA-141444","R-HSA-141444","Amplification  of signal from unattached  kinetochores via a MAD2  inhibitory signal","1/47","29/2914",0.377402033636518,0.470936831598307,0.337732746618453,"PLK1",1
"R-HSA-176409","R-HSA-176409","APC/C:Cdc20 mediated degradation of mitotic proteins","1/47","29/2914",0.377402033636518,0.470936831598307,0.337732746618453,"CDK1",1
"R-HSA-1980145","R-HSA-1980145","Signaling by NOTCH2","1/47","29/2914",0.377402033636518,0.470936831598307,0.337732746618453,"CREB1",1
"R-HSA-381119","R-HSA-381119","Unfolded Protein Response (UPR)","1/47","29/2914",0.377402033636518,0.470936831598307,0.337732746618453,"ATF3",1
"R-HSA-418597","R-HSA-418597","G alpha (z) signalling events","1/47","29/2914",0.377402033636518,0.470936831598307,0.337732746618453,"PRKCD",1
"R-HSA-5673000","R-HSA-5673000","RAF activation","1/47","29/2914",0.377402033636518,0.470936831598307,0.337732746618453,"MAP2K1",1
"R-HSA-446652","R-HSA-446652","Interleukin-1 family signaling","2/47","82/2914",0.383624892513969,0.476724238461448,0.341883190339437,"MAP2K1/SMAD3",2
"R-HSA-390466","R-HSA-390466","Chaperonin-mediated protein folding","1/47","30/2914",0.387544877455958,0.476724238461448,0.341883190339437,"TP53",1
"R-HSA-4641262","R-HSA-4641262","Disassembly of the destruction complex and recruitment of AXIN to the membrane","1/47","30/2914",0.387544877455958,0.476724238461448,0.341883190339437,"CTNNB1",1
"R-HSA-5633008","R-HSA-5633008","TP53 Regulates Transcription of Cell Death Genes","1/47","30/2914",0.387544877455958,0.476724238461448,0.341883190339437,"TP53",1
"R-HSA-5696395","R-HSA-5696395","Formation of Incision Complex in GG-NER","1/47","30/2914",0.387544877455958,0.476724238461448,0.341883190339437,"UBE2I",1
"R-HSA-174824","R-HSA-174824","Plasma lipoprotein assembly, remodeling, and clearance","1/47","31/2914",0.397525942213091,0.482153313664617,0.34577665620776,"PRKACA",1
"R-HSA-389356","R-HSA-389356","CD28 co-stimulation","1/47","31/2914",0.397525942213091,0.482153313664617,0.34577665620776,"PAK1",1
"R-HSA-391251","R-HSA-391251","Protein folding","1/47","31/2914",0.397525942213091,0.482153313664617,0.34577665620776,"TP53",1
"R-HSA-450531","R-HSA-450531","Regulation of mRNA stability by proteins that bind AU-rich elements","1/47","31/2914",0.397525942213091,0.482153313664617,0.34577665620776,"PRKCD",1
"R-HSA-5655302","R-HSA-5655302","Signaling by FGFR1 in disease","1/47","31/2914",0.397525942213091,0.482153313664617,0.34577665620776,"STAT5A",1
"R-HSA-2151201","R-HSA-2151201","Transcriptional activation of mitochondrial biogenesis","1/47","32/2914",0.407347753075381,0.488591626264931,0.350393897528029,"CREB1",1
"R-HSA-375165","R-HSA-375165","NCAM signaling for neurite out-growth","1/47","32/2914",0.407347753075381,0.488591626264931,0.350393897528029,"CREB1",1
"R-HSA-6802948","R-HSA-6802948","Signaling by high-kinase activity BRAF mutants","1/47","32/2914",0.407347753075381,0.488591626264931,0.350393897528029,"MAP2K1",1
"R-HSA-8853659","R-HSA-8853659","RET signaling","1/47","32/2914",0.407347753075381,0.488591626264931,0.350393897528029,"PRKACA",1
"R-HSA-2454202","R-HSA-2454202","Fc epsilon receptor (FCERI) signaling","2/47","87/2914",0.412446095024967,0.492006923577566,0.352843180880958,"JUN/PAK1",2
"R-HSA-187687","R-HSA-187687","Signalling to ERKs","1/47","33/2914",0.417012796658121,0.492006923577566,0.352843180880958,"MAP2K1",1
"R-HSA-69052","R-HSA-69052","Switching of origins to a post-replicative state","1/47","33/2914",0.417012796658121,0.492006923577566,0.352843180880958,"CDK2",1
"R-HSA-72163","R-HSA-72163","mRNA Splicing - Major Pathway","1/47","33/2914",0.417012796658121,0.492006923577566,0.352843180880958,"DDX5",1
"R-HSA-72172","R-HSA-72172","mRNA Splicing","1/47","33/2914",0.417012796658121,0.492006923577566,0.352843180880958,"DDX5",1
"R-HSA-76009","R-HSA-76009","Platelet Aggregation (Plug Formation)","1/47","33/2914",0.417012796658121,0.492006923577566,0.352843180880958,"BCAR1",1
"R-HSA-1834949","R-HSA-1834949","Cytosolic sensors of pathogen-associated DNA ","1/47","34/2914",0.426523521599832,0.497802385047782,0.35699940097021,"CTNNB1",1
"R-HSA-3214847","R-HSA-3214847","HATs acetylate histones","1/47","34/2914",0.426523521599832,0.497802385047782,0.35699940097021,"CLOCK",1
"R-HSA-5674135","R-HSA-5674135","MAP2K and MAPK activation","1/47","34/2914",0.426523521599832,0.497802385047782,0.35699940097021,"MAP2K1",1
"R-HSA-5675221","R-HSA-5675221","Negative regulation of MAPK pathway","1/47","34/2914",0.426523521599832,0.497802385047782,0.35699940097021,"MAP2K1",1
"R-HSA-373752","R-HSA-373752","Netrin-1 signaling","1/47","35/2914",0.435882339129279,0.503298807581274,0.360941165033368,"PAK1",1
"R-HSA-446728","R-HSA-446728","Cell junction organization","1/47","35/2914",0.435882339129279,0.503298807581274,0.360941165033368,"CTNNB1",1
"R-HSA-5610787","R-HSA-5610787","Hedgehog 'off' state","1/47","35/2914",0.435882339129279,0.503298807581274,0.360941165033368,"PRKACA",1
"R-HSA-5628897","R-HSA-5628897","TP53 Regulates Metabolic Genes","1/47","35/2914",0.435882339129279,0.503298807581274,0.360941165033368,"TP53",1
"R-HSA-6785807","R-HSA-6785807","Interleukin-4 and Interleukin-13 signaling","2/47","94/2914",0.451706021522115,0.520182732231584,0.373049485859529,"TP53/IRF4",2
"R-HSA-1592230","R-HSA-1592230","Mitochondrial biogenesis","1/47","38/2914",0.463070910062003,0.530448952531342,0.380411914420192,"CREB1",1
"R-HSA-3108214","R-HSA-3108214","SUMOylation of DNA damage response and repair proteins","1/47","38/2914",0.463070910062003,0.530448952531342,0.380411914420192,"UBE2I",1
"R-HSA-418594","R-HSA-418594","G alpha (i) signalling events","4/47","217/2914",0.468299452744744,0.535022857621304,0.383692094319399,"CDK5/PRKCD/PRKACA/CREB1",4
"R-HSA-381340","R-HSA-381340","Transcriptional regulation of white adipocyte differentiation","1/47","40/2914",0.480479659637294,0.543205463767489,0.389560257229633,"NCOA3",1
"R-HSA-69231","R-HSA-69231","Cyclin D associated events in G1","1/47","40/2914",0.480479659637294,0.543205463767489,0.389560257229633,"ABL1",1
"R-HSA-69236","R-HSA-69236","G1 Phase","1/47","40/2914",0.480479659637294,0.543205463767489,0.389560257229633,"ABL1",1
"R-HSA-9013694","R-HSA-9013694","Signaling by NOTCH4","1/47","40/2914",0.480479659637294,0.543205463767489,0.389560257229633,"SMAD3",1
"R-HSA-1433557","R-HSA-1433557","Signaling by SCF-KIT","1/47","41/2914",0.488975642934806,0.549938839976028,0.394389103665804,"STAT5A",1
"R-HSA-451927","R-HSA-451927","Interleukin-2 family signaling","1/47","41/2914",0.488975642934806,0.549938839976028,0.394389103665804,"STAT5A",1
"R-HSA-6802946","R-HSA-6802946","Signaling by moderate kinase activity BRAF mutants","1/47","42/2914",0.497335595869739,0.550757833789251,0.394976445770825,"MAP2K1",1
"R-HSA-6802949","R-HSA-6802949","Signaling by RAS mutants","1/47","42/2914",0.497335595869739,0.550757833789251,0.394976445770825,"MAP2K1",1
"R-HSA-6802955","R-HSA-6802955","Paradoxical activation of RAF signaling by kinase inactive BRAF","1/47","42/2914",0.497335595869739,0.550757833789251,0.394976445770825,"MAP2K1",1
"R-HSA-69618","R-HSA-69618","Mitotic Spindle Checkpoint","1/47","42/2914",0.497335595869739,0.550757833789251,0.394976445770825,"PLK1",1
"R-HSA-72203","R-HSA-72203","Processing of Capped Intron-Containing Pre-mRNA","1/47","42/2914",0.497335595869739,0.550757833789251,0.394976445770825,"DDX5",1
"R-HSA-9649948","R-HSA-9649948","Signaling downstream of RAS mutants","1/47","42/2914",0.497335595869739,0.550757833789251,0.394976445770825,"MAP2K1",1
"R-HSA-1227986","R-HSA-1227986","Signaling by ERBB2","1/47","44/2914",0.513655903566644,0.564500015848621,0.404831663243815,"PRKCD",1
"R-HSA-69239","R-HSA-69239","Synthesis of DNA","1/47","44/2914",0.513655903566644,0.564500015848621,0.404831663243815,"CDK2",1
"R-HSA-71387","R-HSA-71387","Metabolism of carbohydrates","1/47","44/2914",0.513655903566644,0.564500015848621,0.404831663243815,"PRKACA",1
"R-HSA-1226099","R-HSA-1226099","Signaling by FGFR in disease","1/47","45/2914",0.521620423612765,0.570357685414968,0.409032495921759,"STAT5A",1
"R-HSA-422356","R-HSA-422356","Regulation of insulin secretion","1/47","45/2914",0.521620423612765,0.570357685414968,0.409032495921759,"PRKACA",1
"R-HSA-383280","R-HSA-383280","Nuclear Receptor transcription pathway","1/47","46/2914",0.529457244836258,0.574551970105752,0.412040430731,"AR",1
"R-HSA-5696399","R-HSA-5696399","Global Genome Nucleotide Excision Repair (GG-NER)","1/47","46/2914",0.529457244836258,0.574551970105752,0.412040430731,"UBE2I",1
"R-HSA-6802952","R-HSA-6802952","Signaling by BRAF and RAF fusions","1/47","46/2914",0.529457244836258,0.574551970105752,0.412040430731,"MAP2K1",1
"R-HSA-8953854","R-HSA-8953854","Metabolism of RNA","2/47","109/2914",0.53076394467044,0.574551970105752,0.412040430731,"DDX5/PRKCD",2
"R-HSA-193648","R-HSA-193648","NRAGE signals death through JNK","1/47","48/2914",0.544755774635806,0.588227557150384,0.421847889532912,"BAD",1
"R-HSA-6802957","R-HSA-6802957","Oncogenic MAPK signaling","1/47","49/2914",0.552221398708422,0.594805635922255,0.426565364281185,"MAP2K1",1
"R-HSA-69306","R-HSA-69306","DNA Replication","1/47","51/2914",0.56679492949675,0.60898810042703,0.436736330681837,"CDK2",1
"R-HSA-388841","R-HSA-388841","Costimulation by the CD28 family","1/47","53/2914",0.580903915412005,0.621065173761477,0.445397414026099,"PAK1",1
"R-HSA-5607764","R-HSA-5607764","CLEC7A (Dectin-1) signaling","1/47","53/2914",0.580903915412005,0.621065173761477,0.445397414026099,"PRKCD",1
"R-HSA-163685","R-HSA-163685","Integration of energy metabolism","1/47","55/2914",0.594562852412095,0.630994399741268,0.452518166825511,"PRKACA",1
"R-HSA-5358351","R-HSA-5358351","Signaling by Hedgehog","1/47","55/2914",0.594562852412095,0.630994399741268,0.452518166825511,"PRKACA",1
"R-HSA-5696398","R-HSA-5696398","Nucleotide Excision Repair","1/47","55/2914",0.594562852412095,0.630994399741268,0.452518166825511,"UBE2I",1
"R-HSA-2467813","R-HSA-2467813","Separation of Sister Chromatids","1/47","56/2914",0.601227961169224,0.636507841531232,0.456472136262826,"PLK1",1
"R-HSA-1500931","R-HSA-1500931","Cell-Cell communication","1/47","57/2914",0.607785793858184,0.640319340001444,0.459205555610614,"CTNNB1",1
"R-HSA-9020702","R-HSA-9020702","Interleukin-1 signaling","1/47","57/2914",0.607785793858184,0.640319340001444,0.459205555610614,"MAP2K1",1
"R-HSA-5663205","R-HSA-5663205","Infectious disease","2/47","126/2914",0.610918022319243,0.64205704772872,0.460451754175209,"CTNNB1/MAP2K1",2
"R-HSA-202403","R-HSA-202403","TCR signaling","1/47","59/2914",0.620586363730302,0.650638972143392,0.466606288519024,"PAK1",1
"R-HSA-68882","R-HSA-68882","Mitotic Anaphase","1/47","60/2914",0.626832402576073,0.655600073225699,0.470164146351237,"PLK1",1
"R-HSA-204998","R-HSA-204998","Cell death signalling via NRAGE, NRIF and NADE","1/47","61/2914",0.632977769457266,0.657264686270974,0.471357925002886,"BAD",1
"R-HSA-2555396","R-HSA-2555396","Mitotic Metaphase and Anaphase","1/47","61/2914",0.632977769457266,0.657264686270974,0.471357925002886,"PLK1",1
"R-HSA-416482","R-HSA-416482","G alpha (12/13) signalling events","1/47","61/2914",0.632977769457266,0.657264686270974,0.471357925002886,"ROCK2",1
"R-HSA-1430728","R-HSA-1430728","Metabolism","4/47","289/2914",0.700143278180874,0.725268036967269,0.520126585402563,"NCOA3/UBE2I/PRKACA/CLOCK",4
"R-HSA-193704","R-HSA-193704","p75 NTR receptor-mediated signalling","1/47","76/2914",0.714101315648177,0.737961502805873,0.529229715151896,"BAD",1
"R-HSA-76002","R-HSA-76002","Platelet activation, signaling and aggregation","2/47","153/2914",0.716721100778193,0.738905325326089,0.529906578269591,"BCAR1/PRKCD",2
"R-HSA-388396","R-HSA-388396","GPCR downstream signalling","6/47","436/2914",0.726335721249729,0.74703887719984,0.535739561866909,"CDK5/PRKCD/ROCK2/PAK1/PRKACA/CREB1",6
"R-HSA-416476","R-HSA-416476","G alpha (q) signalling events","2/47","165/2914",0.755640470754735,0.775337260276778,0.556033771196425,"PRKCD/CREB1",2
"R-HSA-5684996","R-HSA-5684996","MAPK1/MAPK3 signaling","2/47","177/2914",0.789987238667619,0.808663059912716,0.579933396558287,"CDK1/MAP2K1",2
"R-HSA-9607240","R-HSA-9607240","FLT3 Signaling","2/47","188/2914",0.817762244236001,0.835120405080633,0.598907303996078,"MAP2K1/STAT5A",2
"R-HSA-372790","R-HSA-372790","Signaling by GPCR","6/47","486/2914",0.820489700159653,0.835934212162658,0.59949092643244,"CDK5/PRKCD/ROCK2/PAK1/PRKACA/CREB1",6
"R-HSA-73887","R-HSA-73887","Death Receptor Signalling","1/47","106/2914",0.827214760723717,0.840807491533731,0.602985802850251,"BAD",1
"R-HSA-3247509","R-HSA-3247509","Chromatin modifying enzymes","1/47","109/2914",0.835749520850767,0.845512949832668,0.606360326244408,"CLOCK",1
"R-HSA-4839726","R-HSA-4839726","Chromatin organization","1/47","109/2914",0.835749520850767,0.845512949832668,0.606360326244408,"CLOCK",1
"R-HSA-382551","R-HSA-382551","Transport of small molecules","1/47","121/2914",0.865949394984851,0.87402351521781,0.626806702295501,"PRKACA",1
"R-HSA-6798695","R-HSA-6798695","Neutrophil degranulation","1/47","125/2914",0.874751888763662,0.880854808917827,0.631705770343404,"PRKCD",1
"R-HSA-5673001","R-HSA-5673001","RAF/MAP kinase cascade","1/47","171/2914",0.943055859657328,0.94743198893648,0.67945165123681,"MAP2K1",1
"R-HSA-1280218","R-HSA-1280218","Adaptive Immune System","2/47","296/2914",0.960011678749968,0.962233928006334,0.690066874345128,"PAK1/PRKACA",2
"R-HSA-5689603","R-HSA-5689603","UCH proteinases","0/47","27/2914",1,1,0.717150844779385,"",0
