"","Gene set","Overlap","pValue","pAdj"
"1","#upgenes.DNA_0","GADD45A, DDX5, YY1, CDK2, ARID3A, HMGB1, PPM1D","0.458730963921115",1
"2","#upgenes.ERS_0","","1",1
"3","#upgenes.HTS_0","","1",1
"4","#upgenes.HYP_0","EGR1, HDAC1, JUN, RELA, TP53","0.600331913345064",1
"5","#upgenes.MTL_0","CDK5","0.972357009485276",1
"6","#upgenes.OXD_0","MYB, ROCK2, SMAD3","0.705223852453258",1
"7","#upgenes.DNA_0.25","GADD45A, DDX5, YY1, CDK2, ARID3A, HMGB1, PPM1D","0.407216346359948",1
"8","#upgenes.ERS_0.25","","1",1
"9","#upgenes.HTS_0.25","","1",1
"10","#upgenes.HYP_0.25","EGR1, HDAC1, JUN, RELA, TP53","0.516930356485378",1
"11","#upgenes.MTL_0.25","CDK5","0.964379317214719",1
"12","#upgenes.OXD_0.25","SMAD3","0.965807708008932",1
"13","#upgenes.DNA_0.45","GADD45A, DDX5, CDK2, ARID3A, HMGB1, PPM1D","0.467541221277528",1
"14","#upgenes.ERS_0.45","","1",1
"15","#upgenes.HTS_0.45","","1",1
"16","#upgenes.HYP_0.45","EGR1, JUN, RELA","0.799675234294471",1
"17","#upgenes.MTL_0.45","CDK5","0.872793207028675",1
"18","#upgenes.OXD_0.45","SMAD3","0.942519818398143",1
"19","#upgenes.DNA_0.5","GADD45A, DDX5, CDK2, ARID3A, HMGB1, PPM1D","0.467541221277528",1
"20","#upgenes.ERS_0.5","","1",1
"21","#upgenes.HTS_0.5","","1",1
"22","#upgenes.HYP_0.5","EGR1, JUN, RELA","0.799675234294471",1
"23","#upgenes.MTL_0.5","CDK5","0.872793207028675",1
"24","#upgenes.OXD_0.5","SMAD3","0.942519818398143",1
"25","#upgenes.DNA_0.65","GADD45A, DDX5, CDK2, ARID3A, PPM1D","0.399751138733894",1
"26","#upgenes.ERS_0.65","","1",1
"27","#upgenes.HTS_0.65","","1",1
"28","#upgenes.HYP_0.65","EGR1, JUN, RELA","0.702828662588967",1
"29","#upgenes.MTL_0.65","CDK5","0.872793207028675",1
"30","#upgenes.OXD_0.65","SMAD3","0.82446449119143",1
"31","#upgenes.DNA_0.75","GADD45A, DDX5, CDK2, ARID3A, PPM1D","0.399751138733894",1
"32","#upgenes.ERS_0.75","","1",1
"33","#upgenes.HTS_0.75","","1",1
"34","#upgenes.HYP_0.75","JUN","0.913333036021926",1
"35","#upgenes.MTL_0.75","","1",1
"36","#upgenes.OXD_0.75","SMAD3","0.82446449119143",1
"37","#upgenes.DNA_0.85","DDX5, PPM1D","0.684811178515129",1
"38","#upgenes.ERS_0.85","","1",1
"39","#upgenes.HTS_0.85","","1",1
"40","#upgenes.HYP_0.85","JUN","0.760179813380964",1
"41","#upgenes.MTL_0.85","","1",1
"42","#upgenes.OXD_0.85","","1",1
"43","#upgenes.DNA_0.95","DDX5, PPM1D","0.684811178515129",1
"44","#upgenes.ERS_0.95","","1",1
"45","#upgenes.HTS_0.95","","1",1
"46","#upgenes.HYP_0.95","JUN","0.760179813380964",1
"47","#upgenes.MTL_0.95","","1",1
"48","#upgenes.OXD_0.95","","1",1
"49","#upgenes.DNA_1","DDX5, PPM1D","0.684811178515129",1
"50","#upgenes.ERS_1","","1",1
"51","#upgenes.HTS_1","","1",1
"52","#upgenes.HYP_1","JUN","0.760179813380964",1
"53","#upgenes.MTL_1","","1",1
"54","#upgenes.OXD_1","","1",1
"55","#dngenes.DNA_0","GADD45A, DDX5, YY1, CDK2, ARID3A, HMGB1, PPM1D","0.458730963921115",1
"56","#dngenes.ERS_0","","1",1
"57","#dngenes.HTS_0","","1",1
"58","#dngenes.HYP_0","EGR1, HDAC1, JUN, RELA, TP53","0.600331913345064",1
"59","#dngenes.MTL_0","CDK5","0.972357009485276",1
"60","#dngenes.OXD_0","MYB, ROCK2, SMAD3","0.705223852453258",1
"61","#dngenes.DNA_0.25","GADD45A, YY1, CDK2, ARID3A, HMGB1","0.397217237652677",1
"62","#dngenes.ERS_0.25","","1",1
"63","#dngenes.HTS_0.25","","1",1
"64","#dngenes.HYP_0.25","EGR1, HDAC1, RELA, TP53","0.324276753020434",1
"65","#dngenes.MTL_0.25","CDK5","0.947854448858582",1
"66","#dngenes.OXD_0.25","MYB, ROCK2, SMAD3","0.617164462143027",1
"67","#dngenes.DNA_0.45","YY1, HMGB1","0.67729515545474",1
"68","#dngenes.ERS_0.45","","1",1
"69","#dngenes.HTS_0.45","","1",1
"70","#dngenes.HYP_0.45","HDAC1, TP53","0.503544430622525",1
"71","#dngenes.MTL_0.45","","1",1
"72","#dngenes.OXD_0.45","MYB, ROCK2","0.580266732292829",1
"73","#dngenes.DNA_0.5","YY1, HMGB1","0.67729515545474",1
"74","#dngenes.ERS_0.5","","1",1
"75","#dngenes.HTS_0.5","","1",1
"76","#dngenes.HYP_0.5","HDAC1, TP53","0.503544430622525",1
"77","#dngenes.MTL_0.5","","1",1
"78","#dngenes.OXD_0.5","MYB, ROCK2","0.580266732292829",1
"79","#dngenes.DNA_0.65","YY1","0.606887649942417",1
"80","#dngenes.ERS_0.65","","1",1
"81","#dngenes.HTS_0.65","","1",1
"82","#dngenes.HYP_0.65","HDAC1, TP53","0.280622440014612",1
"83","#dngenes.MTL_0.65","","1",1
"84","#dngenes.OXD_0.65","MYB, ROCK2","0.205423051551049",1
"85","#dngenes.DNA_0.75","YY1","0.606887649942417",1
"86","#dngenes.ERS_0.75","","1",1
"87","#dngenes.HTS_0.75","","1",1
"88","#dngenes.HYP_0.75","","1",1
"89","#dngenes.MTL_0.75","","1",1
"90","#dngenes.OXD_0.75","MYB, ROCK2","0.205423051551049",1
"91","#dngenes.DNA_0.85","","1",1
"92","#dngenes.ERS_0.85","","1",1
"93","#dngenes.HTS_0.85","","1",1
"94","#dngenes.HYP_0.85","","1",1
"95","#dngenes.MTL_0.85","","1",1
"96","#dngenes.OXD_0.85","MYB, ROCK2","0.0420879228282991",1
"97","#dngenes.DNA_0.95","","1",1
"98","#dngenes.ERS_0.95","","1",1
"99","#dngenes.HTS_0.95","","1",1
"100","#dngenes.HYP_0.95","","1",1
"101","#dngenes.MTL_0.95","","1",1
"102","#dngenes.OXD_0.95","MYB, ROCK2","0.0420879228282991",1
"103","#dngenes.DNA_1","","1",1
"104","#dngenes.ERS_1","","1",1
"105","#dngenes.HTS_1","","1",1
"106","#dngenes.HYP_1","","1",1
"107","#dngenes.MTL_1","","1",1
"108","#dngenes.OXD_1","MYB, ROCK2","0.0420879228282991",1
