"","Gene set","Overlap","pValue","pAdj"
"1","#upgenes.DNA_0","PRKDC, FOXM1, YY1, CCNE1, E2F4","0.953286726421216",1
"2","#upgenes.ERS_0","SHC1, GSK3A, PTPN1","0.555003903921544",1
"3","#upgenes.HTS_0","CSNK2A1, CSNK2A2","0.978640814615243",1
"4","#upgenes.HYP_0","FOS, HDAC1, MXI1, NFKB1, PIM1, RELA, TP53, TXN","0.447868462776002",1
"5","#upgenes.MTL_0","GSN, CDK5","0.960757574747003",1
"6","#upgenes.OXD_0","MYB, SRC, GATA6, GNGT1, PTK2B, RHOA, SMAD3","0.240343729463093",1
"7","#upgenes.DNA_0.25","PRKDC, FOXM1, YY1, CCNE1, E2F4","0.937847590080749",1
"8","#upgenes.ERS_0.25","SHC1, GSK3A, PTPN1","0.494334331568136",1
"9","#upgenes.HTS_0.25","CSNK2A1","0.993736792044525",1
"10","#upgenes.HYP_0.25","FOS, HDAC1, MXI1, NFKB1, PIM1, RELA, TP53, TXN","0.348403097895182",1
"11","#upgenes.MTL_0.25","GSN, CDK5","0.947234007138331",1
"12","#upgenes.OXD_0.25","SRC, GATA6, GNGT1, PTK2B, RHOA, SMAD3","0.312305809354481",1
"13","#upgenes.DNA_0.45","PRKDC, FOXM1, CCNE1, E2F4","0.955083280399091",1
"14","#upgenes.ERS_0.45","SHC1, GSK3A","0.600698953961337",1
"15","#upgenes.HTS_0.45","CSNK2A1","0.985611540375037",1
"16","#upgenes.HYP_0.45","FOS, MXI1, PIM1, RELA","0.851109355109942",1
"17","#upgenes.MTL_0.45","GSN, CDK5","0.783140154037025",1
"18","#upgenes.OXD_0.45","SRC, GATA6, GNGT1, PTK2B, RHOA, SMAD3","0.194699764761564",1
"19","#upgenes.DNA_0.5","PRKDC, FOXM1, CCNE1, E2F4","0.955083280399091",1
"20","#upgenes.ERS_0.5","SHC1, GSK3A","0.600698953961337",1
"21","#upgenes.HTS_0.5","CSNK2A1","0.985611540375037",1
"22","#upgenes.HYP_0.5","FOS, MXI1, PIM1, RELA","0.851109355109942",1
"23","#upgenes.MTL_0.5","GSN, CDK5","0.783140154037025",1
"24","#upgenes.OXD_0.5","SRC, GATA6, GNGT1, PTK2B, RHOA, SMAD3","0.194699764761564",1
"25","#upgenes.DNA_0.65","PRKDC, CCNE1","0.983086681009744",1
"26","#upgenes.ERS_0.65","GSK3A","0.821208427609472",1
"27","#upgenes.HTS_0.65","CSNK2A1","0.948410789878398",1
"28","#upgenes.HYP_0.65","FOS, MXI1, PIM1, RELA","0.750716034068279",1
"29","#upgenes.MTL_0.65","GSN, CDK5","0.783140154037025",1
"30","#upgenes.OXD_0.65","PTK2B, SMAD3","0.698512769621551",1
"31","#upgenes.DNA_0.75","PRKDC, CCNE1","0.983086681009744",1
"32","#upgenes.ERS_0.75","","1",1
"33","#upgenes.HTS_0.75","","1",1
"34","#upgenes.HYP_0.75","FOS, MXI1, PIM1","0.659323372473174",1
"35","#upgenes.MTL_0.75","GSN","0.600078432897396",1
"36","#upgenes.OXD_0.75","PTK2B, SMAD3","0.698512769621551",1
"37","#upgenes.DNA_0.85","PRKDC","0.966220304296081",1
"38","#upgenes.ERS_0.85","","1",1
"39","#upgenes.HTS_0.85","","1",1
"40","#upgenes.HYP_0.85","MXI1","0.867314743691915",1
"41","#upgenes.MTL_0.85","GSN","0.600078432897396",1
"42","#upgenes.OXD_0.85","","1",1
"43","#upgenes.DNA_0.95","PRKDC","0.966220304296081",1
"44","#upgenes.ERS_0.95","","1",1
"45","#upgenes.HTS_0.95","","1",1
"46","#upgenes.HYP_0.95","MXI1","0.867314743691915",1
"47","#upgenes.MTL_0.95","GSN","0.600078432897396",1
"48","#upgenes.OXD_0.95","","1",1
"49","#upgenes.DNA_1","PRKDC","0.966220304296081",1
"50","#upgenes.ERS_1","","1",1
"51","#upgenes.HTS_1","","1",1
"52","#upgenes.HYP_1","MXI1","0.867314743691915",1
"53","#upgenes.MTL_1","GSN","0.600078432897396",1
"54","#upgenes.OXD_1","","1",1
"55","#dngenes.DNA_0","PRKDC, FOXM1, YY1, CCNE1, E2F4","0.953286726421216",1
"56","#dngenes.ERS_0","SHC1, GSK3A, PTPN1","0.555003903921544",1
"57","#dngenes.HTS_0","CSNK2A1, CSNK2A2","0.978640814615243",1
"58","#dngenes.HYP_0","FOS, HDAC1, MXI1, NFKB1, PIM1, RELA, TP53, TXN","0.447868462776002",1
"59","#dngenes.MTL_0","GSN, CDK5","0.960757574747003",1
"60","#dngenes.OXD_0","MYB, SRC, GATA6, GNGT1, PTK2B, RHOA, SMAD3","0.240343729463093",1
"61","#dngenes.DNA_0.25","FOXM1, YY1, CCNE1, E2F4","0.842063991657753",1
"62","#dngenes.ERS_0.25","SHC1, GSK3A, PTPN1","0.189396537297812",1
"63","#dngenes.HTS_0.25","CSNK2A1, CSNK2A2","0.880110714377099",1
"64","#dngenes.HYP_0.25","HDAC1, NFKB1, RELA, TP53, TXN","0.380429125289245",1
"65","#dngenes.MTL_0.25","CDK5","0.984651171347712",1
"66","#dngenes.OXD_0.25","MYB, SRC, GATA6, GNGT1, PTK2B, RHOA, SMAD3","0.15335705232134",1
"67","#dngenes.DNA_0.45","FOXM1, YY1, E2F4","0.635863648180145",1
"68","#dngenes.ERS_0.45","PTPN1","0.600498634267349",1
"69","#dngenes.HTS_0.45","CSNK2A2","0.942446912797941",1
"70","#dngenes.HYP_0.45","HDAC1, NFKB1, TP53, TXN","0.208299000052226",1
"71","#dngenes.MTL_0.45","","1",1
"72","#dngenes.OXD_0.45","MYB, SRC, GATA6, GNGT1, RHOA","0.133324315946926",1
"73","#dngenes.DNA_0.5","FOXM1, YY1, E2F4","0.635863648180145",1
"74","#dngenes.ERS_0.5","PTPN1","0.600498634267349",1
"75","#dngenes.HTS_0.5","CSNK2A2","0.942446912797941",1
"76","#dngenes.HYP_0.5","HDAC1, NFKB1, TP53, TXN","0.208299000052226",1
"77","#dngenes.MTL_0.5","","1",1
"78","#dngenes.OXD_0.5","MYB, SRC, GATA6, GNGT1, RHOA","0.133324315946926",1
"79","#dngenes.DNA_0.65","YY1","0.732948666229994",1
"80","#dngenes.ERS_0.65","PTPN1","0.464258461007245",1
"81","#dngenes.HTS_0.65","CSNK2A2","0.793089302555221",1
"82","#dngenes.HYP_0.65","HDAC1, NFKB1, TP53, TXN","0.0572583920676567",1
"83","#dngenes.MTL_0.65","","1",1
"84","#dngenes.OXD_0.65","MYB","0.702457137136513",1
"85","#dngenes.DNA_0.75","YY1","0.732948666229994",1
"86","#dngenes.ERS_0.75","","1",1
"87","#dngenes.HTS_0.75","CSNK2A2","0.520079400094776",1
"88","#dngenes.HYP_0.75","","1",1
"89","#dngenes.MTL_0.75","","1",1
"90","#dngenes.OXD_0.75","MYB","0.702457137136513",1
"91","#dngenes.DNA_0.85","","1",1
"92","#dngenes.ERS_0.85","","1",1
"93","#dngenes.HTS_0.85","","1",1
"94","#dngenes.HYP_0.85","","1",1
"95","#dngenes.MTL_0.85","","1",1
"96","#dngenes.OXD_0.85","MYB","0.379685784706258",1
"97","#dngenes.DNA_0.95","","1",1
"98","#dngenes.ERS_0.95","","1",1
"99","#dngenes.HTS_0.95","","1",1
"100","#dngenes.HYP_0.95","","1",1
"101","#dngenes.MTL_0.95","","1",1
"102","#dngenes.OXD_0.95","MYB","0.379685784706258",1
"103","#dngenes.DNA_1","","1",1
"104","#dngenes.ERS_1","","1",1
"105","#dngenes.HTS_1","","1",1
"106","#dngenes.HYP_1","","1",1
"107","#dngenes.MTL_1","","1",1
"108","#dngenes.OXD_1","MYB","0.379685784706258",1
