"","ID","Description","GeneRatio","BgRatio","pvalue","p.adjust","qvalue","geneID","Count"
"R-HSA-1266738","R-HSA-1266738","Developmental Biology","26/50","397/2914",7.64359027575462e-11,1.82231733249522e-08,1.19889298190475e-08,"CREBBP/NCOR2/NFKB1/RELA/SMAD3/STAT3/CSNK2A1/E2F1/EP300/MAPK1/MED1/PRKACA/RHOA/ROCK2/RPS6KA1/RPS6KA2/RPS6KA3/RPS6KA4/RPS6KA5/SMAD2/JUN/FOXO1/MYOD1/YY1/CEBPB/FOXO3",26
"R-HSA-2559582","R-HSA-2559582","Senescence-Associated Secretory Phenotype (SASP)","11/50","45/2914",7.85481608834147e-11,1.82231733249522e-08,1.19889298190475e-08,"NFKB1/RELA/STAT3/CDKN1B/MAPK1/RPS6KA1/RPS6KA2/RPS6KA3/FOS/JUN/CEBPB",11
"R-HSA-212436","R-HSA-212436","Generic Transcription Pathway","28/50","481/2914",1.51001046618199e-10,2.33548285436148e-08,1.5365018778694e-08,"CREBBP/IL2RA/NCOR2/SMAD3/CDKN1B/CSNK2A1/E2F1/EP300/FBXW7/MAPK1/MED1/PRKAA1/PRKACA/SGK1/STK11/SMAD2/TCF7/ESR2/FOS/JUN/SP1/MAX/FOXO1/JUNB/YY1/TBP/NR2C2/FOXO3",28
"R-HSA-2559583","R-HSA-2559583","Cellular Senescence","14/50","99/2914",3.69758452375052e-10,3.45269102167453e-08,2.27150725110167e-08,"NFKB1/RELA/STAT3/CDKN1B/E2F1/MAPK1/MAPKAPK2/RPS6KA1/RPS6KA2/RPS6KA3/FOS/JUN/SP1/CEBPB",14
"R-HSA-73857","R-HSA-73857","RNA Polymerase II Transcription","28/50","499/2914",3.72057222163204e-10,3.45269102167453e-08,2.27150725110167e-08,"CREBBP/IL2RA/NCOR2/SMAD3/CDKN1B/CSNK2A1/E2F1/EP300/FBXW7/MAPK1/MED1/PRKAA1/PRKACA/SGK1/STK11/SMAD2/TCF7/ESR2/FOS/JUN/SP1/MAX/FOXO1/JUNB/YY1/TBP/NR2C2/FOXO3",28
"R-HSA-2262752","R-HSA-2262752","Cellular responses to stress","17/50","187/2914",3.92760343126504e-09,3.03734665351163e-07,1.99825437731029e-07,"CREBBP/NFKB1/RELA/STAT3/CDKN1B/E2F1/EP300/MAPK1/MAPKAPK2/RPS6KA1/RPS6KA2/RPS6KA3/FOS/JUN/SP1/CEBPB/HIF1A",17
"R-HSA-8953897","R-HSA-8953897","Cellular responses to external stimuli","17/50","189/2914",4.63809981543351e-09,3.0743975919445e-07,2.02262999470033e-07,"CREBBP/NFKB1/RELA/STAT3/CDKN1B/E2F1/EP300/MAPK1/MAPKAPK2/RPS6KA1/RPS6KA2/RPS6KA3/FOS/JUN/SP1/CEBPB/HIF1A",17
"R-HSA-8939211","R-HSA-8939211","ESR-mediated signaling","13/50","108/2914",1.36064963447836e-08,7.89176787997449e-07,5.1919525526148e-07,"CREBBP/CDKN1B/EP300/MAPK1/MED1/ESR2/FOS/JUN/SP1/FOXA1/YY1/TBP/FOXO3",13
"R-HSA-450282","R-HSA-450282","MAPK targets/ Nuclear events mediated by MAP kinases","8/50","30/2914",1.85054931137775e-08,9.54060978310306e-07,6.27671696256781e-07,"MAPK1/MAPKAPK2/RPS6KA1/RPS6KA2/RPS6KA3/RPS6KA5/FOS/JUN",8
"R-HSA-449147","R-HSA-449147","Signaling by Interleukins","21/50","332/2914",2.53313536658276e-08,1.119742800781e-06,7.36672895250657e-07,"IL2RA/IL2RG/NFKB1/RELA/SMAD3/STAT3/MAPK1/MAPKAPK2/PRKACA/RPS6KA1/RPS6KA2/RPS6KA3/RPS6KA5/STAT5A/FOS/JUN/FOXO1/JUNB/HIF1A/IRF4/FOXO3",21
"R-HSA-9006931","R-HSA-9006931","Signaling by Nuclear Receptors","14/50","136/2914",2.6545626742653e-08,1.119742800781e-06,7.36672895250657e-07,"CREBBP/NCOR2/CDKN1B/EP300/MAPK1/MED1/ESR2/FOS/JUN/SP1/FOXA1/YY1/TBP/FOXO3",14
"R-HSA-9018519","R-HSA-9018519","Estrogen-dependent gene expression","9/50","49/2914",7.47228586502206e-08,2.88928386780853e-06,1.90084464987403e-06,"CREBBP/EP300/MED1/FOS/JUN/SP1/FOXA1/YY1/TBP",9
"R-HSA-5621575","R-HSA-5621575","CD209 (DC-SIGN) signaling","6/50","19/2914",4.30076938714369e-07,1.27360671125315e-05,8.37899152140229e-06,"CREBBP/NFKB1/RELA/EP300/PRKACA/RPS6KA5",6
"R-HSA-168142","R-HSA-168142","Toll Like Receptor 10 (TLR10) Cascade","10/50","78/2914",4.55331427680438e-07,1.27360671125315e-05,8.37899152140229e-06,"NFKB1/RELA/MAPK1/MAPKAPK2/RPS6KA1/RPS6KA2/RPS6KA3/RPS6KA5/FOS/JUN",10
"R-HSA-168176","R-HSA-168176","Toll Like Receptor 5 (TLR5) Cascade","10/50","78/2914",4.55331427680438e-07,1.27360671125315e-05,8.37899152140229e-06,"NFKB1/RELA/MAPK1/MAPKAPK2/RPS6KA1/RPS6KA2/RPS6KA3/RPS6KA5/FOS/JUN",10
"R-HSA-975871","R-HSA-975871","MyD88 cascade initiated on plasma membrane","10/50","78/2914",4.55331427680438e-07,1.27360671125315e-05,8.37899152140229e-06,"NFKB1/RELA/MAPK1/MAPKAPK2/RPS6KA1/RPS6KA2/RPS6KA3/RPS6KA5/FOS/JUN",10
"R-HSA-450294","R-HSA-450294","MAP kinase activation","9/50","60/2914",4.66623148519472e-07,1.27360671125315e-05,8.37899152140229e-06,"NFKB1/MAPK1/MAPKAPK2/RPS6KA1/RPS6KA2/RPS6KA3/RPS6KA5/FOS/JUN",9
"R-HSA-437239","R-HSA-437239","Recycling pathway of L1","6/50","20/2914",6.06425266597723e-07,1.56322957611857e-05,1.02844051060433e-05,"MAPK1/RPS6KA1/RPS6KA2/RPS6KA3/RPS6KA4/RPS6KA5",6
"R-HSA-448424","R-HSA-448424","Interleukin-17 signaling","9/50","64/2914",8.25581823694334e-07,1.91555741112468e-05,1.26023513889782e-05,"NFKB1/MAPK1/MAPKAPK2/RPS6KA1/RPS6KA2/RPS6KA3/RPS6KA5/FOS/JUN",9
"R-HSA-975138","R-HSA-975138","TRAF6 mediated induction of NFkB and MAP kinases upon TLR7/8 or 9 activation","10/50","83/2914",8.25671297898571e-07,1.91555741112468e-05,1.26023513889782e-05,"NFKB1/RELA/MAPK1/MAPKAPK2/RPS6KA1/RPS6KA2/RPS6KA3/RPS6KA5/FOS/JUN",10
"R-HSA-168181","R-HSA-168181","Toll Like Receptor 7/8 (TLR7/8) Cascade","10/50","84/2914",9.25338881574832e-07,1.95162382295783e-05,1.28396304141962e-05,"NFKB1/RELA/MAPK1/MAPKAPK2/RPS6KA1/RPS6KA2/RPS6KA3/RPS6KA5/FOS/JUN",10
"R-HSA-975155","R-HSA-975155","MyD88 dependent cascade initiated on endosome","10/50","84/2914",9.25338881574832e-07,1.95162382295783e-05,1.28396304141962e-05,"NFKB1/RELA/MAPK1/MAPKAPK2/RPS6KA1/RPS6KA2/RPS6KA3/RPS6KA5/FOS/JUN",10
"R-HSA-9614085","R-HSA-9614085","FOXO-mediated transcription","8/50","49/2914",1.11409662050968e-06,2.06431931556887e-05,1.35810481287426e-05,"CREBBP/SMAD3/CDKN1B/EP300/STK11/SMAD2/FOXO1/FOXO3",8
"R-HSA-166058","R-HSA-166058","MyD88:MAL(TIRAP) cascade initiated on plasma membrane","10/50","86/2914",1.15673065096531e-06,2.06431931556887e-05,1.35810481287426e-05,"NFKB1/RELA/MAPK1/MAPKAPK2/RPS6KA1/RPS6KA2/RPS6KA3/RPS6KA5/FOS/JUN",10
"R-HSA-168138","R-HSA-168138","Toll Like Receptor 9 (TLR9) Cascade","10/50","86/2914",1.15673065096531e-06,2.06431931556887e-05,1.35810481287426e-05,"NFKB1/RELA/MAPK1/MAPKAPK2/RPS6KA1/RPS6KA2/RPS6KA3/RPS6KA5/FOS/JUN",10
"R-HSA-168188","R-HSA-168188","Toll Like Receptor TLR6:TLR2 Cascade","10/50","86/2914",1.15673065096531e-06,2.06431931556887e-05,1.35810481287426e-05,"NFKB1/RELA/MAPK1/MAPKAPK2/RPS6KA1/RPS6KA2/RPS6KA3/RPS6KA5/FOS/JUN",10
"R-HSA-168164","R-HSA-168164","Toll Like Receptor 3 (TLR3) Cascade","10/50","87/2914",1.29033841944622e-06,2.06454147111395e-05,1.35825096783813e-05,"NFKB1/RELA/MAPK1/MAPKAPK2/RPS6KA1/RPS6KA2/RPS6KA3/RPS6KA5/FOS/JUN",10
"R-HSA-168179","R-HSA-168179","Toll Like Receptor TLR1:TLR2 Cascade","10/50","87/2914",1.29033841944622e-06,2.06454147111395e-05,1.35825096783813e-05,"NFKB1/RELA/MAPK1/MAPKAPK2/RPS6KA1/RPS6KA2/RPS6KA3/RPS6KA5/FOS/JUN",10
"R-HSA-181438","R-HSA-181438","Toll Like Receptor 2 (TLR2) Cascade","10/50","87/2914",1.29033841944622e-06,2.06454147111395e-05,1.35825096783813e-05,"NFKB1/RELA/MAPK1/MAPKAPK2/RPS6KA1/RPS6KA2/RPS6KA3/RPS6KA5/FOS/JUN",10
"R-HSA-9614657","R-HSA-9614657","FOXO-mediated transcription of cell death genes","5/50","13/2914",1.40870080745503e-06,2.17879058219711e-05,1.43341485670862e-05,"CREBBP/EP300/STK11/FOXO1/FOXO3",5
"R-HSA-166166","R-HSA-166166","MyD88-independent TLR4 cascade ","10/50","90/2914",1.775535388096e-06,2.57452631273921e-05,1.69376731101264e-05,"NFKB1/RELA/MAPK1/MAPKAPK2/RPS6KA1/RPS6KA2/RPS6KA3/RPS6KA5/FOS/JUN",10
"R-HSA-937061","R-HSA-937061","TRIF(TICAM1)-mediated TLR4 signaling ","10/50","90/2914",1.775535388096e-06,2.57452631273921e-05,1.69376731101264e-05,"NFKB1/RELA/MAPK1/MAPKAPK2/RPS6KA1/RPS6KA2/RPS6KA3/RPS6KA5/FOS/JUN",10
"R-HSA-198725","R-HSA-198725","Nuclear Events (kinase and transcription factor activation)","6/50","24/2914",1.99867234297051e-06,2.81025444587369e-05,1.84885160912743e-05,"MAPK1/MAPKAPK2/RPS6KA1/RPS6KA2/RPS6KA3/RPS6KA5",6
"R-HSA-9617828","R-HSA-9617828","FOXO-mediated transcription of cell cycle genes","5/50","14/2914",2.16308308079285e-06,2.95197220437613e-05,1.94208697656324e-05,"SMAD3/CDKN1B/SMAD2/FOXO1/FOXO3",5
"R-HSA-381340","R-HSA-381340","Transcriptional regulation of white adipocyte differentiation","7/50","40/2914",3.44496994067558e-06,4.56704586420992e-05,3.00463543698021e-05,"CREBBP/NCOR2/NFKB1/RELA/EP300/MED1/CEBPB",7
"R-HSA-166016","R-HSA-166016","Toll Like Receptor 4 (TLR4) Cascade","10/50","110/2914",1.1261814374067e-05,0.000145152274154642,9.54949172070012e-05,"NFKB1/RELA/MAPK1/MAPKAPK2/RPS6KA1/RPS6KA2/RPS6KA3/RPS6KA5/FOS/JUN",10
"R-HSA-9617629","R-HSA-9617629","Regulation of FOXO transcriptional activity by acetylation","4/50","10/2914",1.49457947253625e-05,0.000187428344664005,0.000123308121489477,"CREBBP/EP300/FOXO1/FOXO3",4
"R-HSA-187037","R-HSA-187037","Signaling by NTRK1 (TRKA)","8/50","70/2914",1.77423930303317e-05,0.000216643957001945,0.000142528919080227,"STAT3/MAPK1/MAPKAPK2/RHOA/RPS6KA1/RPS6KA2/RPS6KA3/RPS6KA5",8
"R-HSA-198753","R-HSA-198753","ERK/MAPK targets","5/50","21/2914",2.00793369608281e-05,0.000238892624354468,0.000157166200233203,"MAPK1/RPS6KA1/RPS6KA2/RPS6KA3/RPS6KA5",5
"R-HSA-373760","R-HSA-373760","L1CAM interactions","7/50","53/2914",2.40318041010909e-05,0.000278768927572655,0.000183400610245168,"CSNK2A1/MAPK1/RPS6KA1/RPS6KA2/RPS6KA3/RPS6KA4/RPS6KA5",7
"R-HSA-168898","R-HSA-168898","Toll-like Receptor Cascades","10/50","127/2914",4.03482409423324e-05,0.000456623995054689,0.000300410523062295,"NFKB1/RELA/MAPK1/MAPKAPK2/RPS6KA1/RPS6KA2/RPS6KA3/RPS6KA5/FOS/JUN",10
"R-HSA-166520","R-HSA-166520","Signaling by NTRKs","8/50","89/2914",0.00010358527720452,0.00114437068149756,0.000752875448353656,"STAT3/MAPK1/MAPKAPK2/RHOA/RPS6KA1/RPS6KA2/RPS6KA3/RPS6KA5",8
"R-HSA-438064","R-HSA-438064","Post NMDA receptor activation events","6/50","47/2914",0.000118079711462481,0.00127416246787421,0.000838264781496192,"MAPK1/PRKAA1/PRKACA/RPS6KA1/RPS6KA2/RPS6KA3",6
"R-HSA-442755","R-HSA-442755","Activation of NMDA receptors and postsynaptic events","6/50","49/2914",0.000149814241077018,0.00157696558165044,0.00103747735634898,"MAPK1/PRKAA1/PRKACA/RPS6KA1/RPS6KA2/RPS6KA3",6
"R-HSA-6785807","R-HSA-6785807","Interleukin-4 and Interleukin-13 signaling","8/50","94/2914",0.00015293847235834,0.00157696558165044,0.00103747735634898,"IL2RG/STAT3/FOS/FOXO1/JUNB/HIF1A/IRF4/FOXO3",8
"R-HSA-881907","R-HSA-881907","Gastrin-CREB signalling pathway via PKC and MAPK","4/50","18/2914",0.000196749214011637,0.00198460076742173,0.00130565839961956,"MAPK1/RPS6KA1/RPS6KA2/RPS6KA3",4
"R-HSA-1643685","R-HSA-1643685","Disease","18/50","443/2914",0.000213149070179322,0.00210428018219586,0.0013843948567078,"CREBBP/NCOR2/NFKB1/RELA/SMAD3/STAT3/CDKN1B/EP300/FBXW7/MAPK1/PRKACA/SMAD2/STAT5A/ESR2/JUN/FOXO1/TBP/FOXO3",18
"R-HSA-9615017","R-HSA-9615017","FOXO-mediated transcription of oxidative stress, metabolic and neuronal genes","4/50","19/2914",0.000246075630361617,0.00237873109349563,0.00156495466677344,"SMAD3/SMAD2/FOXO1/FOXO3",4
"R-HSA-2173793","R-HSA-2173793","Transcriptional activity of SMAD2/SMAD3:SMAD4 heterotrimer","5/50","36/2914",0.00030633839384746,0.00288152206519614,0.00189573820078694,"NCOR2/SMAD3/SMAD2/SP1/JUNB",5
"R-HSA-157118","R-HSA-157118","Signaling by NOTCH","8/50","104/2914",0.000310508843232343,0.00288152206519614,0.00189573820078694,"CREBBP/NCOR2/SMAD3/E2F1/EP300/FBXW7/JUN/HIF1A",8
"R-HSA-3700989","R-HSA-3700989","Transcriptional Regulation by TP53","11/50","194/2914",0.000321155402498355,0.00292188444625954,0.00192229239885496,"CREBBP/CDKN1B/CSNK2A1/E2F1/EP300/PRKAA1/SGK1/STK11/FOS/JUN/TBP",11
"R-HSA-5663202","R-HSA-5663202","Diseases of signal transduction","13/50","268/2914",0.000396074450066441,0.00353420278520824,0.00232513341132121,"CREBBP/NCOR2/SMAD3/STAT3/CDKN1B/EP300/FBXW7/MAPK1/SMAD2/STAT5A/ESR2/FOXO1/FOXO3",13
"R-HSA-442742","R-HSA-442742","CREB1 phosphorylation through NMDA receptor-mediated activation of RAS signaling","4/50","22/2914",0.000447083113134164,0.00391408612253305,0.00257505665956122,"MAPK1/RPS6KA1/RPS6KA2/RPS6KA3",4
"R-HSA-2122947","R-HSA-2122947","NOTCH1 Intracellular Domain Regulates Transcription","5/50","40/2914",0.000507733576029804,0.00434431111914539,0.00285809942049039,"CREBBP/NCOR2/EP300/FBXW7/HIF1A",5
"R-HSA-450341","R-HSA-450341","Activation of the AP-1 family of transcription factors","3/50","10/2914",0.00052431341093134,0.00434431111914539,0.00285809942049039,"MAPK1/FOS/JUN",3
"R-HSA-9020958","R-HSA-9020958","Interleukin-21 signaling","3/50","10/2914",0.00052431341093134,0.00434431111914539,0.00285809942049039,"IL2RG/STAT3/STAT5A",3
"R-HSA-1912408","R-HSA-1912408","Pre-NOTCH Transcription and Translation","4/50","23/2914",0.00053439454418027,0.00435015909648501,0.00286194677400329,"CREBBP/E2F1/EP300/JUN",4
"R-HSA-170834","R-HSA-170834","Signaling by TGF-beta Receptor Complex","6/50","63/2914",0.000606329785619599,0.00485063828495679,0.00319120939799789,"NCOR2/SMAD3/RHOA/SMAD2/SP1/JUNB",6
"R-HSA-2173796","R-HSA-2173796","SMAD2/SMAD3:SMAD4 heterotrimer regulates transcription","4/50","24/2914",0.000633205050761072,0.00489678572588563,0.0032215695565037,"SMAD3/SMAD2/SP1/JUNB",4
"R-HSA-9634638","R-HSA-9634638","Estrogen-dependent nuclear events downstream of ESR-membrane signaling","4/50","24/2914",0.000633205050761072,0.00489678572588563,0.0032215695565037,"CDKN1B/MAPK1/FOS/FOXO3",4
"R-HSA-556833","R-HSA-556833","Metabolism of lipids","8/50","119/2914",0.000776837319386825,0.00590905764254896,0.00388753792272958,"CREBBP/NCOR2/CSNK2A1/EP300/MAPKAPK2/MED1/PRKACA/SP1",8
"R-HSA-2559580","R-HSA-2559580","Oxidative Stress Induced Senescence","5/50","44/2914",0.000795765053049299,0.00595540297765927,0.00391802827477584,"E2F1/MAPK1/MAPKAPK2/FOS/JUN",5
"R-HSA-9020558","R-HSA-9020558","Interleukin-2 signaling","3/50","12/2914",0.000938197929145176,0.00690990220830733,0.00454598829493903,"IL2RA/IL2RG/STAT5A",3
"R-HSA-5617472","R-HSA-5617472","Activation of anterior HOX genes in hindbrain development during early embryogenesis","4/50","27/2914",0.00100684981688819,0.00707845931872907,0.00465688113074281,"CREBBP/EP300/JUN/YY1",4
"R-HSA-5619507","R-HSA-5619507","Activation of HOX genes during differentiation","4/50","27/2914",0.00100684981688819,0.00707845931872907,0.00465688113074281,"CREBBP/EP300/JUN/YY1",4
"R-HSA-9616222","R-HSA-9616222","Transcriptional regulation of granulopoiesis","4/50","27/2914",0.00100684981688819,0.00707845931872907,0.00465688113074281,"STAT3/E2F1/EP300/CEBPB",4
"R-HSA-1989781","R-HSA-1989781","PPARA activates gene expression","5/50","47/2914",0.00108125544007059,0.00748809737601128,0.004926379852639,"CREBBP/NCOR2/EP300/MED1/SP1",5
"R-HSA-400206","R-HSA-400206","Regulation of lipid metabolism by Peroxisome proliferator-activated receptor alpha (PPARalpha)","5/50","48/2914",0.00119149472698959,0.00810293362963239,0.00533087738791605,"CREBBP/NCOR2/EP300/MED1/SP1",5
"R-HSA-1368082","R-HSA-1368082","RORA activates gene expression","3/50","13/2914",0.00120496211302723,0.00810293362963239,0.00533087738791605,"CREBBP/EP300/MED1",3
"R-HSA-5621481","R-HSA-5621481","C-type lectin receptors (CLRs)","6/50","72/2914",0.00123972481815151,0.00821760450888998,0.00540631875584867,"CREBBP/NFKB1/RELA/EP300/PRKACA/RPS6KA5",6
"R-HSA-1912422","R-HSA-1912422","Pre-NOTCH Expression and Processing","4/50","29/2914",0.0013285758381076,0.00868252378706936,0.00571218670201931,"CREBBP/E2F1/EP300/JUN",4
"R-HSA-2426168","R-HSA-2426168","Activation of gene expression by SREBF (SREBP)","3/50","14/2914",0.0015151211412743,0.00963035903494896,0.00633576252299274,"CREBBP/MED1/SP1",3
"R-HSA-8983432","R-HSA-8983432","Interleukin-15 signaling","3/50","14/2914",0.0015151211412743,0.00963035903494896,0.00633576252299274,"IL2RG/STAT3/STAT5A",3
"R-HSA-112314","R-HSA-112314","Neurotransmitter receptors and postsynaptic signal transmission","6/50","77/2914",0.00176248091070276,0.0110512316562984,0.00727054714230158,"MAPK1/PRKAA1/PRKACA/RPS6KA1/RPS6KA2/RPS6KA3",6
"R-HSA-1181150","R-HSA-1181150","Signaling by NODAL","3/50","15/2914",0.00187110883972959,0.011429238710134,0.00751923599350924,"SMAD3/SMAD2/FOXO3",3
"R-HSA-8878159","R-HSA-8878159","Transcriptional regulation by RUNX3","5/50","53/2914",0.00187203047838402,0.011429238710134,0.00751923599350924,"CREBBP/SMAD3/EP300/TCF7/FOXO3",5
"R-HSA-1834949","R-HSA-1834949","Cytosolic sensors of pathogen-associated DNA ","4/50","34/2914",0.00243539465671902,0.0144874759066362,0.00953123414910279,"CREBBP/NFKB1/RELA/EP300",4
"R-HSA-5687128","R-HSA-5687128","MAPK6/MAPK4 signaling","4/50","34/2914",0.00243539465671902,0.0144874759066362,0.00953123414910279,"PRKACA/JUN/FOXO1/FOXO3",4
"R-HSA-9013695","R-HSA-9013695","NOTCH4 Intracellular Domain Regulates Transcription","3/50","17/2914",0.00272953825212411,0.0160317183415897,0.0105471831194669,"CREBBP/SMAD3/EP300",3
"R-HSA-9006936","R-HSA-9006936","Signaling by TGF-beta family members","6/50","86/2914",0.00310789331051382,0.0180257812009802,0.0118590665795922,"NCOR2/SMAD3/RHOA/SMAD2/SP1/JUNB",6
"R-HSA-112315","R-HSA-112315","Transmission across Chemical Synapses","6/50","88/2914",0.00349014916979441,0.0199929532689458,0.0131532587295696,"MAPK1/PRKAA1/PRKACA/RPS6KA1/RPS6KA2/RPS6KA3",6
"R-HSA-9009391","R-HSA-9009391","Extra-nuclear estrogen signaling","5/50","63/2914",0.0040305341259702,0.0228069248103679,0.0150045557962947,"CDKN1B/MAPK1/ESR2/FOS/FOXO3",5
"R-HSA-1980143","R-HSA-1980143","Signaling by NOTCH1","5/50","64/2914",0.00431614064461735,0.0240069776321325,0.0157940642316661,"CREBBP/NCOR2/EP300/FBXW7/HIF1A",5
"R-HSA-1655829","R-HSA-1655829","Regulation of cholesterol biosynthesis by SREBP (SREBF)","3/50","20/2914",0.00441313751397954,0.0240069776321325,0.0157940642316661,"CREBBP/MED1/SP1",3
"R-HSA-2173795","R-HSA-2173795","Downregulation of SMAD2/3:SMAD4 transcriptional activity","3/50","20/2914",0.00441313751397954,0.0240069776321325,0.0157940642316661,"NCOR2/SMAD3/SMAD2",3
"R-HSA-9013694","R-HSA-9013694","Signaling by NOTCH4","4/50","40/2914",0.00444956913009352,0.0240069776321325,0.0157940642316661,"CREBBP/SMAD3/EP300/FBXW7",4
"R-HSA-451927","R-HSA-451927","Interleukin-2 family signaling","4/50","41/2914",0.00486889283175773,0.0259674284360412,0.0170838344973955,"IL2RA/IL2RG/STAT3/STAT5A",4
"R-HSA-5633007","R-HSA-5633007","Regulation of TP53 Activity","6/50","95/2914",0.0051091299866506,0.0269390490205213,0.0177230585661325,"CSNK2A1/EP300/PRKAA1/SGK1/STK11/TBP",6
"R-HSA-1266695","R-HSA-1266695","Interleukin-7 signaling","3/50","22/2914",0.00581952265750311,0.0300028723675716,0.0197387318207708,"IL2RG/STAT3/STAT5A",3
"R-HSA-201722","R-HSA-201722","Formation of the beta-catenin:TCF transactivating complex","3/50","22/2914",0.00581952265750311,0.0300028723675716,0.0197387318207708,"CREBBP/EP300/TCF7",3
"R-HSA-2559585","R-HSA-2559585","Oncogene Induced Senescence","3/50","23/2914",0.00661229187450153,0.0337154223051507,0.0221811988849675,"E2F1/MAPK1/SP1",3
"R-HSA-512988","R-HSA-512988","Interleukin-3, Interleukin-5 and GM-CSF signaling","4/50","45/2914",0.00681176944298074,0.034355011103729,0.0226019809892954,"IL2RA/IL2RG/PRKACA/STAT5A",4
"R-HSA-383280","R-HSA-383280","Nuclear Receptor transcription pathway","4/50","46/2914",0.00736729130069061,0.0357157883572851,0.0234972291824244,"NCOR2/MED1/ESR2/NR2C2",4
"R-HSA-1234174","R-HSA-1234174","Cellular response to hypoxia","3/50","24/2914",0.00746644713503588,0.0357157883572851,0.0234972291824244,"CREBBP/EP300/HIF1A",3
"R-HSA-186712","R-HSA-186712","Regulation of beta-cell development","3/50","24/2914",0.00746644713503588,0.0357157883572851,0.0234972291824244,"CREBBP/EP300/FOXO1",3
"R-HSA-5674400","R-HSA-5674400","Constitutive Signaling by AKT1 E17K in Cancer","3/50","24/2914",0.00746644713503588,0.0357157883572851,0.0234972291824244,"CDKN1B/FOXO1/FOXO3",3
"R-HSA-982772","R-HSA-982772","Growth hormone receptor signaling","3/50","24/2914",0.00746644713503588,0.0357157883572851,0.0234972291824244,"STAT3/MAPK1/STAT5A",3
"R-HSA-8848021","R-HSA-8848021","Signaling by PTK6","4/50","47/2914",0.00795203882260874,0.0372701617544491,0.024519843259506,"STAT3/CDKN1B/RHOA/HIF1A",4
"R-HSA-9006927","R-HSA-9006927","Signaling by Non-Receptor Tyrosine Kinases","4/50","47/2914",0.00795203882260874,0.0372701617544491,0.024519843259506,"STAT3/CDKN1B/RHOA/HIF1A",4
"R-HSA-112316","R-HSA-112316","Neuronal System","6/50","105/2914",0.0083051646761494,0.0385124545345874,0.0253371411411759,"MAPK1/PRKAA1/PRKACA/RPS6KA1/RPS6KA2/RPS6KA3",6
"R-HSA-8864260","R-HSA-8864260","Transcriptional regulation by the AP-2 (TFAP2) family of transcription factors","3/50","25/2914",0.00838309893964078,0.0385124545345874,0.0253371411411759,"CREBBP/EP300/YY1",3
"R-HSA-3371556","R-HSA-3371556","Cellular response to heat stress","4/50","49/2914",0.00921167962758454,0.0419041112470513,0.0275684942414811,"CREBBP/EP300/MAPK1/MAPKAPK2",4
"R-HSA-422475","R-HSA-422475","Axon guidance","10/50","254/2914",0.00950011779806683,0.0427966471679904,0.0281556889263094,"CSNK2A1/MAPK1/PRKACA/RHOA/ROCK2/RPS6KA1/RPS6KA2/RPS6KA3/RPS6KA4/RPS6KA5",10
"R-HSA-168249","R-HSA-168249","Innate Immune System","14/50","428/2914",0.0103934964833373,0.0451035482979102,0.0296733870380988,"CREBBP/NFKB1/RELA/EP300/MAPK1/MAPKAPK2/PRKACA/RHOA/RPS6KA1/RPS6KA2/RPS6KA3/RPS6KA5/FOS/JUN",14
"R-HSA-2644602","R-HSA-2644602","Signaling by NOTCH1 PEST Domain Mutants in Cancer","4/50","51/2914",0.0105954456130867,0.0451035482979102,0.0296733870380988,"CREBBP/NCOR2/EP300/FBXW7",4
"R-HSA-2644603","R-HSA-2644603","Signaling by NOTCH1 in Cancer","4/50","51/2914",0.0105954456130867,0.0451035482979102,0.0296733870380988,"CREBBP/NCOR2/EP300/FBXW7",4
"R-HSA-2644606","R-HSA-2644606","Constitutive Signaling by NOTCH1 PEST Domain Mutants","4/50","51/2914",0.0105954456130867,0.0451035482979102,0.0296733870380988,"CREBBP/NCOR2/EP300/FBXW7",4
"R-HSA-2894858","R-HSA-2894858","Signaling by NOTCH1 HD+PEST Domain Mutants in Cancer","4/50","51/2914",0.0105954456130867,0.0451035482979102,0.0296733870380988,"CREBBP/NCOR2/EP300/FBXW7",4
"R-HSA-2894862","R-HSA-2894862","Constitutive Signaling by NOTCH1 HD+PEST Domain Mutants","4/50","51/2914",0.0105954456130867,0.0451035482979102,0.0296733870380988,"CREBBP/NCOR2/EP300/FBXW7",4
"R-HSA-1852241","R-HSA-1852241","Organelle biogenesis and maintenance","5/50","80/2914",0.0110773323363382,0.0467262018550995,0.0307409222730918,"CREBBP/MED1/PRKACA/SMO/GABPA",5
"R-HSA-400253","R-HSA-400253","Circadian Clock","4/50","52/2914",0.0113352789004546,0.047383508196495,0.0311733606555888,"CREBBP/EP300/MED1/HIF1A",4
"R-HSA-8957322","R-HSA-8957322","Metabolism of steroids","3/50","28/2914",0.0115175487420068,0.0477155590740281,0.0313918151802816,"CREBBP/MED1/SP1",3
"R-HSA-209560","R-HSA-209560","NF-kB is activated and signals survival","2/50","10/2914",0.0118935577820288,0.0484088667619417,0.0318479386591722,"NFKB1/RELA",2
"R-HSA-5250924","R-HSA-5250924","B-WICH complex positively regulates rRNA expression","2/50","10/2914",0.0118935577820288,0.0484088667619417,0.0318479386591722,"EP300/TBP",2
"R-HSA-2871796","R-HSA-2871796","FCERI mediated MAPK activation","3/50","30/2914",0.0139353639848425,0.0529486464020949,0.0348346357908519,"MAPK1/FOS/JUN",3
"R-HSA-390466","R-HSA-390466","Chaperonin-mediated protein folding","3/50","30/2914",0.0139353639848425,0.0529486464020949,0.0348346357908519,"STAT3/CSNK2A1/FBXW7",3
"R-HSA-6791312","R-HSA-6791312","TP53 Regulates Transcription of Cell Cycle Genes","3/50","30/2914",0.0139353639848425,0.0529486464020949,0.0348346357908519,"CDKN1B/E2F1/EP300",3
"R-HSA-1362277","R-HSA-1362277","Transcription of E2F targets under negative control by DREAM complex","2/50","11/2914",0.0143782962212585,0.0529486464020949,0.0348346357908519,"E2F1/MAX",2
"R-HSA-193692","R-HSA-193692","Regulated proteolysis of p75NTR","2/50","11/2914",0.0143782962212585,0.0529486464020949,0.0348346357908519,"NFKB1/RELA",2
"R-HSA-2586552","R-HSA-2586552","Signaling by Leptin","2/50","11/2914",0.0143782962212585,0.0529486464020949,0.0348346357908519,"STAT3/STAT5A",2
"R-HSA-3371568","R-HSA-3371568","Attenuation phase","2/50","11/2914",0.0143782962212585,0.0529486464020949,0.0348346357908519,"CREBBP/EP300",2
"R-HSA-416572","R-HSA-416572","Sema4D induced cell migration and growth-cone collapse","2/50","11/2914",0.0143782962212585,0.0529486464020949,0.0348346357908519,"RHOA/ROCK2",2
"R-HSA-452723","R-HSA-452723","Transcriptional regulation of pluripotent stem cells","2/50","11/2914",0.0143782962212585,0.0529486464020949,0.0348346357908519,"STAT3/SMAD2",2
"R-HSA-5627117","R-HSA-5627117","RHO GTPases Activate ROCKs","2/50","11/2914",0.0143782962212585,0.0529486464020949,0.0348346357908519,"RHOA/ROCK2",2
"R-HSA-6804116","R-HSA-6804116","TP53 Regulates Transcription of Genes Involved in G1 Cell Cycle Arrest","2/50","11/2914",0.0143782962212585,0.0529486464020949,0.0348346357908519,"CDKN1B/E2F1",2
"R-HSA-9614399","R-HSA-9614399","Regulation of localization of FOXO transcription factors","2/50","11/2914",0.0143782962212585,0.0529486464020949,0.0348346357908519,"FOXO1/FOXO3",2
"R-HSA-6804756","R-HSA-6804756","Regulation of TP53 Activity through Phosphorylation","4/50","56/2914",0.0146263598550002,0.0534380391552765,0.0351566047074187,"CSNK2A1/PRKAA1/STK11/TBP",4
"R-HSA-391251","R-HSA-391251","Protein folding","3/50","31/2914",0.0152445652747885,0.0552615491211082,0.0363562823165186,"STAT3/CSNK2A1/FBXW7",3
"R-HSA-2454202","R-HSA-2454202","Fc epsilon receptor (FCERI) signaling","5/50","87/2914",0.0155630724120748,0.0559788030945947,0.0368281599306544,"NFKB1/RELA/MAPK1/FOS/JUN",5
"R-HSA-2151201","R-HSA-2151201","Transcriptional activation of mitochondrial biogenesis","3/50","32/2914",0.0166212411584692,0.0582262541777359,0.0383067461695631,"CREBBP/MED1/GABPA",3
"R-HSA-1502540","R-HSA-1502540","Signaling by Activin","2/50","12/2914",0.0170663158796812,0.0582262541777359,0.0383067461695631,"SMAD3/SMAD2",2
"R-HSA-1839117","R-HSA-1839117","Signaling by cytosolic FGFR1 fusion mutants","2/50","12/2914",0.0170663158796812,0.0582262541777359,0.0383067461695631,"STAT3/STAT5A",2
"R-HSA-210744","R-HSA-210744","Regulation of gene expression in late stage (branching morphogenesis) pancreatic bud precursor cells","2/50","12/2914",0.0170663158796812,0.0582262541777359,0.0383067461695631,"CREBBP/EP300",2
"R-HSA-844456","R-HSA-844456","The NLRP3 inflammasome","2/50","12/2914",0.0170663158796812,0.0582262541777359,0.0383067461695631,"NFKB1/RELA",2
"R-HSA-9005891","R-HSA-9005891","Loss of function of MECP2 in Rett syndrome","2/50","12/2914",0.0170663158796812,0.0582262541777359,0.0383067461695631,"NCOR2/PRKACA",2
"R-HSA-9005895","R-HSA-9005895","Pervasive developmental disorders","2/50","12/2914",0.0170663158796812,0.0582262541777359,0.0383067461695631,"NCOR2/PRKACA",2
"R-HSA-5688426","R-HSA-5688426","Deubiquitination","6/50","124/2914",0.0179976815851188,0.0609556514999645,0.0401024023026082,"SMAD3/EP300/RHOA/SMAD2/YY1/HIF1A",6
"R-HSA-9006925","R-HSA-9006925","Intracellular signaling by second messengers","8/50","201/2914",0.0193581624304985,0.0650883142590674,0.0428212593809654,"CDKN1B/CSNK2A1/MAPK1/PRKACA/ESR2/JUN/FOXO1/FOXO3",8
"R-HSA-193639","R-HSA-193639","p75NTR signals via NF-kB","2/50","13/2914",0.0199501983827092,0.0656517166636672,0.0431919188576758,"NFKB1/RELA",2
"R-HSA-6807505","R-HSA-6807505","RNA polymerase II transcribes snRNA genes","2/50","13/2914",0.0199501983827092,0.0656517166636672,0.0431919188576758,"SP1/TBP",2
"R-HSA-8941856","R-HSA-8941856","RUNX3 regulates NOTCH signaling","2/50","13/2914",0.0199501983827092,0.0656517166636672,0.0431919188576758,"CREBBP/EP300",2
"R-HSA-918233","R-HSA-918233","TRAF3-dependent IRF activation pathway","2/50","14/2914",0.0230227112562817,0.0752291410064417,0.0494928559252906,"CREBBP/EP300",2
"R-HSA-3899300","R-HSA-3899300","SUMOylation of transcription cofactors","3/50","37/2914",0.0245265217501784,0.0795825600844948,0.0523569474240097,"CREBBP/NCOR2/EP300",3
"R-HSA-168928","R-HSA-168928","DDX58/IFIH1-mediated induction of interferon-alpha/beta","4/50","66/2914",0.0253276705957466,0.0808554902603623,0.0531944014870805,"CREBBP/NFKB1/RELA/EP300",4
"R-HSA-1257604","R-HSA-1257604","PIP3 activates AKT signaling","7/50","172/2914",0.0256067068516045,0.0808554902603623,0.0531944014870805,"CDKN1B/CSNK2A1/MAPK1/ESR2/JUN/FOXO1/FOXO3",7
"R-HSA-400685","R-HSA-400685","Sema4D in semaphorin signaling","2/50","15/2914",0.0262768039357512,0.0808554902603623,0.0531944014870805,"RHOA/ROCK2",2
"R-HSA-5250913","R-HSA-5250913","Positive epigenetic regulation of rRNA expression","2/50","15/2914",0.0262768039357512,0.0808554902603623,0.0531944014870805,"EP300/TBP",2
"R-HSA-8862803","R-HSA-8862803","Deregulated CDK5 triggers multiple neurodegenerative pathways in Alzheimer's disease models","2/50","15/2914",0.0262768039357512,0.0808554902603623,0.0531944014870805,"JUN/FOXO3",2
"R-HSA-8863678","R-HSA-8863678","Neurodegenerative Diseases","2/50","15/2914",0.0262768039357512,0.0808554902603623,0.0531944014870805,"JUN/FOXO3",2
"R-HSA-9008059","R-HSA-9008059","Interleukin-37 signaling","2/50","15/2914",0.0262768039357512,0.0808554902603623,0.0531944014870805,"SMAD3/STAT3",2
"R-HSA-1592230","R-HSA-1592230","Mitochondrial biogenesis","3/50","38/2914",0.0263128858390403,0.0808554902603623,0.0531944014870805,"CREBBP/MED1/GABPA",3
"R-HSA-69202","R-HSA-69202","Cyclin E associated events during G1/S transition ","3/50","39/2914",0.0281676775277364,0.0859855419267744,0.056569435478141,"CDKN1B/E2F1/MAX",3
"R-HSA-1810476","R-HSA-1810476","RIP-mediated NFkB activation via ZBP1","2/50","16/2914",0.0297056038529029,0.0889918853502945,0.0585472929936148,"NFKB1/RELA",2
"R-HSA-622312","R-HSA-622312","Inflammasomes","2/50","16/2914",0.0297056038529029,0.0889918853502945,0.0585472929936148,"NFKB1/RELA",2
"R-HSA-9006934","R-HSA-9006934","Signaling by Receptor Tyrosine Kinases","11/50","347/2914",0.029727892735551,0.0889918853502945,0.0585472929936148,"STAT3/MAPK1/MAPKAPK2/PRKACA/RHOA/ROCK2/RPS6KA1/RPS6KA2/RPS6KA3/RPS6KA5/STAT5A",11
"R-HSA-69656","R-HSA-69656","Cyclin A:Cdk2-associated events at S phase entry","3/50","40/2914",0.0300907673978156,0.0895007440550412,0.058882068457264,"CDKN1B/E2F1/MAX",3
"R-HSA-8986944","R-HSA-8986944","Transcriptional Regulation by MECP2","3/50","41/2914",0.0320819680214517,0.0948154978468383,0.0623786170044989,"NCOR2/PRKACA/SGK1",3
"R-HSA-380972","R-HSA-380972","Energy dependent regulation of mTOR by LKB1-AMPK","2/50","18/2914",0.0370607021671642,0.105713092563427,0.0695480872127807,"PRKAA1/STK11",2
"R-HSA-8939243","R-HSA-8939243","RUNX1 interacts with co-factors whose precise effect on RUNX1 targets is not known","2/50","18/2914",0.0370607021671642,0.105713092563427,0.0695480872127807,"CSNK2A1/EP300",2
"R-HSA-8953750","R-HSA-8953750","Transcriptional Regulation by E2F6","2/50","18/2914",0.0370607021671642,0.105713092563427,0.0695480872127807,"E2F1/MAX",2
"R-HSA-9013508","R-HSA-9013508","NOTCH3 Intracellular Domain Regulates Transcription","2/50","18/2914",0.0370607021671642,0.105713092563427,0.0695480872127807,"CREBBP/EP300",2
"R-HSA-3247509","R-HSA-3247509","Chromatin modifying enzymes","5/50","109/2914",0.037136280361721,0.105713092563427,0.0695480872127807,"CREBBP/NCOR2/NFKB1/RELA/EP300",5
"R-HSA-4839726","R-HSA-4839726","Chromatin organization","5/50","109/2914",0.037136280361721,0.105713092563427,0.0695480872127807,"CREBBP/NCOR2/NFKB1/RELA/EP300",5
"R-HSA-1368108","R-HSA-1368108","BMAL1:CLOCK,NPAS2 activates circadian gene expression","2/50","19/2914",0.0409741112585652,0.113166592999847,0.0744517059209517,"CREBBP/MED1",2
"R-HSA-1538133","R-HSA-1538133","G0 and Early G1","2/50","19/2914",0.0409741112585652,0.113166592999847,0.0744517059209517,"E2F1/MAX",2
"R-HSA-1606322","R-HSA-1606322","ZBP1(DAI) mediated induction of type I IFNs","2/50","19/2914",0.0409741112585652,0.113166592999847,0.0744517059209517,"NFKB1/RELA",2
"R-HSA-3371571","R-HSA-3371571","HSF1-dependent transactivation","2/50","19/2914",0.0409741112585652,0.113166592999847,0.0744517059209517,"CREBBP/EP300",2
"R-HSA-9029569","R-HSA-9029569","NR1H3 & NR1H2 regulate gene expression linked to cholesterol transport and efflux","2/50","19/2914",0.0409741112585652,0.113166592999847,0.0744517059209517,"NCOR2/EP300",2
"R-HSA-69278","R-HSA-69278","Cell Cycle, Mitotic","7/50","191/2914",0.0421018208011942,0.115593164803279,0.0760481347389993,"CDKN1B/CSNK2A1/E2F1/EP300/MAPK1/PRKACA/MAX",7
"R-HSA-445144","R-HSA-445144","Signal transduction by L1","2/50","20/2914",0.0450364416746302,0.12149365661063,0.0799300372438358,"CSNK2A1/MAPK1",2
"R-HSA-5260271","R-HSA-5260271","Diseases of Immune System","2/50","20/2914",0.0450364416746302,0.12149365661063,0.0799300372438358,"NFKB1/RELA",2
"R-HSA-5602358","R-HSA-5602358","Diseases associated with the TLR signaling cascade","2/50","20/2914",0.0450364416746302,0.12149365661063,0.0799300372438358,"NFKB1/RELA",2
"R-HSA-3928663","R-HSA-3928663","EPHA-mediated growth cone collapse","2/50","21/2914",0.0492416547703714,0.131311079387657,0.0863888680181955,"RHOA/ROCK2",2
"R-HSA-933542","R-HSA-933542","TRAF6 mediated NF-kB activation","2/50","21/2914",0.0492416547703714,0.131311079387657,0.0863888680181955,"NFKB1/RELA",2
"R-HSA-446652","R-HSA-446652","Interleukin-1 family signaling","4/50","82/2914",0.0503744316012127,0.132935752214241,0.0874577317198951,"NFKB1/RELA/SMAD3/STAT3",4
"R-HSA-109606","R-HSA-109606","Intrinsic Pathway for Apoptosis","3/50","49/2914",0.0504239060122981,0.132935752214241,0.0874577317198951,"STAT3/E2F1/MAPK1",3
"R-HSA-2173788","R-HSA-2173788","Downregulation of TGF-beta receptor signaling","2/50","22/2914",0.0535838679816582,0.138820455681511,0.0913292471588888,"SMAD3/SMAD2",2
"R-HSA-9022692","R-HSA-9022692","Regulation of MECP2 expression and activity","2/50","22/2914",0.0535838679816582,0.138820455681511,0.0913292471588888,"NCOR2/PRKACA",2
"R-HSA-9024446","R-HSA-9024446","NR1H2 and NR1H3-mediated signaling","2/50","22/2914",0.0535838679816582,0.138820455681511,0.0913292471588888,"NCOR2/EP300",2
"R-HSA-1430728","R-HSA-1430728","Metabolism","9/50","289/2914",0.0538527629798965,0.138820455681511,0.0913292471588888,"CREBBP/NCOR2/CSNK2A1/EP300/MAPKAPK2/MED1/PRKACA/STK11/SP1",9
"R-HSA-5683057","R-HSA-5683057","MAPK family signaling cascades","7/50","202/2914",0.0542916455044392,0.139178582950606,0.0915648572043464,"IL2RA/IL2RG/MAPK1/PRKACA/JUN/FOXO1/FOXO3",7
"R-HSA-4420097","R-HSA-4420097","VEGFA-VEGFR2 Pathway","4/50","85/2914",0.0561883306878349,0.14324937054481,0.0942430069373749,"MAPKAPK2/PRKACA/RHOA/ROCK2",4
"R-HSA-8878171","R-HSA-8878171","Transcriptional regulation by RUNX1","4/50","86/2914",0.0582044442335723,0.147578481553976,0.0970911062855104,"CREBBP/IL2RA/CSNK2A1/EP300",4
"R-HSA-1169091","R-HSA-1169091","Activation of NF-kappaB in B cells","2/50","24/2914",0.0626565245372895,0.156304448308077,0.102831873886893,"NFKB1/RELA",2
"R-HSA-1839124","R-HSA-1839124","FGFR1 mutant receptor activation","2/50","24/2914",0.0626565245372895,0.156304448308077,0.102831873886893,"STAT3/STAT5A",2
"R-HSA-8854691","R-HSA-8854691","Interleukin-20 family signaling","2/50","24/2914",0.0626565245372895,0.156304448308077,0.102831873886893,"STAT3/STAT5A",2
"R-HSA-194138","R-HSA-194138","Signaling by VEGF","4/50","92/2914",0.0711127322312037,0.176345262938479,0.116016620354263,"MAPKAPK2/PRKACA/RHOA/ROCK2",4
"R-HSA-111996","R-HSA-111996","Ca-dependent events","2/50","26/2914",0.0722103447377394,0.176345262938479,0.116016620354263,"MAPK1/PRKACA",2
"R-HSA-350054","R-HSA-350054","Notch-HLH transcription pathway","2/50","26/2914",0.0722103447377394,0.176345262938479,0.116016620354263,"CREBBP/NCOR2",2
"R-HSA-912526","R-HSA-912526","Interleukin receptor SHC signaling","2/50","26/2914",0.0722103447377394,0.176345262938479,0.116016620354263,"IL2RA/IL2RG",2
"R-HSA-165159","R-HSA-165159","mTOR signalling","2/50","27/2914",0.0771545482970358,0.18645682505117,0.122668963849454,"PRKAA1/STK11",2
"R-HSA-445989","R-HSA-445989","TAK1 activates NFkB by phosphorylation and activation of IKKs complex","2/50","27/2914",0.0771545482970358,0.18645682505117,0.122668963849454,"NFKB1/RELA",2
"R-HSA-6807070","R-HSA-6807070","PTEN Regulation","3/50","59/2914",0.0790723724925504,0.190101455111624,0.125066746783963,"CSNK2A1/MAPK1/JUN",3
"R-HSA-2173789","R-HSA-2173789","TGF-beta receptor signaling activates SMADs","2/50","28/2914",0.0822035482628072,0.194742568422084,0.128120110804003,"SMAD3/SMAD2",2
"R-HSA-933541","R-HSA-933541","TRAF6 mediated IRF7 activation","2/50","28/2914",0.0822035482628072,0.194742568422084,0.128120110804003,"CREBBP/EP300",2
"R-HSA-69206","R-HSA-69206","G1/S Transition","3/50","60/2914",0.0822619470058805,0.194742568422084,0.128120110804003,"CDKN1B/E2F1/MAX",3
"R-HSA-2219528","R-HSA-2219528","PI3K/AKT Signaling in Cancer","4/50","97/2914",0.0829124211552193,0.19528610871077,0.128477703099191,"CDKN1B/ESR2/FOXO1/FOXO3",4
"R-HSA-186763","R-HSA-186763","Downstream signal transduction","2/50","29/2914",0.087352462988816,0.204704761751569,0.134674185362874,"STAT3/STAT5A",2
"R-HSA-3214841","R-HSA-3214841","PKMTs methylate histone lysines","2/50","31/2914",0.0979311605383628,0.227200292449002,0.149473876611185,"NFKB1/RELA",2
"R-HSA-5655302","R-HSA-5655302","Signaling by FGFR1 in disease","2/50","31/2914",0.0979311605383628,0.227200292449002,0.149473876611185,"STAT3/STAT5A",2
"R-HSA-3371453","R-HSA-3371453","Regulation of HSF1-mediated heat shock response","2/50","32/2914",0.103351821830356,0.236232735612241,0.155416273429106,"MAPK1/MAPKAPK2",2
"R-HSA-375165","R-HSA-375165","NCAM signaling for neurite out-growth","2/50","32/2914",0.103351821830356,0.236232735612241,0.155416273429106,"MAPK1/RPS6KA5",2
"R-HSA-8943724","R-HSA-8943724","Regulation of PTEN gene transcription","2/50","32/2914",0.103351821830356,0.236232735612241,0.155416273429106,"MAPK1/JUN",2
"R-HSA-187687","R-HSA-187687","Signalling to ERKs","2/50","33/2914",0.108854149193167,0.247098463371567,0.162564778533926,"MAPK1/MAPKAPK2",2
"R-HSA-3108232","R-HSA-3108232","SUMO E3 ligases SUMOylate target proteins","4/50","107/2914",0.109222819475767,0.247098463371567,0.162564778533926,"CREBBP/NCOR2/RELA/EP300",4
"R-HSA-453274","R-HSA-453274","Mitotic G2-G2/M phases","3/50","68/2914",0.109703197100308,0.247098463371567,0.162564778533926,"E2F1/EP300/PRKACA",3
"R-HSA-201681","R-HSA-201681","TCF dependent signaling in response to WNT","4/50","108/2914",0.112043396054315,0.250292057343693,0.164665827199798,"CREBBP/CSNK2A1/EP300/TCF7",4
"R-HSA-112040","R-HSA-112040","G-protein mediated events","2/50","34/2914",0.114433885860359,0.250292057343693,0.164665827199798,"MAPK1/PRKACA",2
"R-HSA-112043","R-HSA-112043","PLC beta mediated events","2/50","34/2914",0.114433885860359,0.250292057343693,0.164665827199798,"MAPK1/PRKACA",2
"R-HSA-3214847","R-HSA-3214847","HATs acetylate histones","2/50","34/2914",0.114433885860359,0.250292057343693,0.164665827199798,"CREBBP/EP300",2
"R-HSA-3928662","R-HSA-3928662","EPHB-mediated forward signaling","2/50","34/2914",0.114433885860359,0.250292057343693,0.164665827199798,"RHOA/ROCK2",2
"R-HSA-6796648","R-HSA-6796648","TP53 Regulates Transcription of DNA Repair Genes","2/50","34/2914",0.114433885860359,0.250292057343693,0.164665827199798,"FOS/JUN",2
"R-HSA-2990846","R-HSA-2990846","SUMOylation","4/50","109/2914",0.114897000461652,0.250292057343693,0.164665827199798,"CREBBP/NCOR2/RELA/EP300",4
"R-HSA-5610787","R-HSA-5610787","Hedgehog 'off' state","2/50","35/2914",0.120086891796919,0.26037531679332,0.171299550521921,"PRKACA/SMO",2
"R-HSA-69242","R-HSA-69242","S Phase","3/50","71/2914",0.120811858216212,0.260728847499173,0.171532136512614,"CDKN1B/E2F1/MAX",3
"R-HSA-597592","R-HSA-597592","Post-translational protein modification","10/50","393/2914",0.126842745990444,0.272477009905398,0.179261190727235,"CREBBP/NCOR2/RELA/SMAD3/EP300/FBXW7/RHOA/SMAD2/YY1/HIF1A",10
"R-HSA-1640170","R-HSA-1640170","Cell Cycle","7/50","249/2914",0.129825135873877,0.277598447214188,0.182630557377755,"CDKN1B/CSNK2A1/E2F1/EP300/MAPK1/PRKACA/MAX",7
"R-HSA-212165","R-HSA-212165","Epigenetic regulation of gene expression","2/50","37/2914",0.131596719326343,0.278816793458552,0.183432100959574,"EP300/TBP",2
"R-HSA-9012852","R-HSA-9012852","Signaling by NOTCH3","2/50","37/2914",0.131596719326343,0.278816793458552,0.183432100959574,"CREBBP/EP300",2
"R-HSA-2871837","R-HSA-2871837","FCERI mediated NF-kB activation","2/50","38/2914",0.137445821186748,0.288574031812901,0.189851336719014,"NFKB1/RELA",2
"R-HSA-373755","R-HSA-373755","Semaphorin interactions","2/50","38/2914",0.137445821186748,0.288574031812901,0.189851336719014,"RHOA/ROCK2",2
"R-HSA-193704","R-HSA-193704","p75 NTR receptor-mediated signalling","3/50","76/2914",0.140210329717802,0.293052220671441,0.192797513599632,"NFKB1/RELA/RHOA",3
"R-HSA-1168372","R-HSA-1168372","Downstream signaling events of B Cell Receptor (BCR)","2/50","39/2914",0.143352747871019,0.298276569561224,0.196234585237647,"NFKB1/RELA",2
"R-HSA-453279","R-HSA-453279","Mitotic G1-G1/S phases","3/50","77/2914",0.144213308412432,0.298727567425752,0.196531294359047,"CDKN1B/E2F1/MAX",3
"R-HSA-69231","R-HSA-69231","Cyclin D associated events in G1","2/50","40/2914",0.14931390473803,0.306555981409052,0.201681566716482,"CDKN1B/E2F1",2
"R-HSA-69236","R-HSA-69236","G1 Phase","2/50","40/2914",0.14931390473803,0.306555981409052,0.201681566716482,"CDKN1B/E2F1",2
"R-HSA-1433557","R-HSA-1433557","Signaling by SCF-KIT","2/50","41/2914",0.155325798928623,0.312909689389741,0.205861637756409,"STAT3/STAT5A",2
"R-HSA-5689880","R-HSA-5689880","Ub-specific processing proteases","3/50","80/2914",0.156450029452832,0.312909689389741,0.205861637756409,"SMAD3/SMAD2/HIF1A",3
"R-HSA-111458","R-HSA-111458","Formation of apoptosome","1/50","10/2914",0.159152342017196,0.312909689389741,0.205861637756409,"MAPK1",1
"R-HSA-113501","R-HSA-113501","Inhibition of replication initiation of damaged DNA by RB1/E2F1","1/50","10/2914",0.159152342017196,0.312909689389741,0.205861637756409,"E2F1",1
"R-HSA-1362300","R-HSA-1362300","Transcription of E2F targets under negative control by p107 (RBL1) and p130 (RBL2) in complex with HDAC1","1/50","10/2914",0.159152342017196,0.312909689389741,0.205861637756409,"E2F1",1
"R-HSA-4755510","R-HSA-4755510","SUMOylation of immune response proteins","1/50","10/2914",0.159152342017196,0.312909689389741,0.205861637756409,"RELA",1
"R-HSA-74749","R-HSA-74749","Signal attenuation","1/50","10/2914",0.159152342017196,0.312909689389741,0.205861637756409,"MAPK1",1
"R-HSA-8934903","R-HSA-8934903","Receptor Mediated Mitophagy","1/50","10/2914",0.159152342017196,0.312909689389741,0.205861637756409,"CSNK2A1",1
"R-HSA-9020956","R-HSA-9020956","Interleukin-27 signaling","1/50","10/2914",0.159152342017196,0.312909689389741,0.205861637756409,"STAT3",1
"R-HSA-9627069","R-HSA-9627069","Regulation of the apoptosome activity","1/50","10/2914",0.159152342017196,0.312909689389741,0.205861637756409,"MAPK1",1
"R-HSA-5617833","R-HSA-5617833","Cilium Assembly","2/50","42/2914",0.161385037047537,0.315960578861001,0.207868801882237,"PRKACA/SMO",2
"R-HSA-202424","R-HSA-202424","Downstream TCR signaling","2/50","43/2914",0.167488322892432,0.322256809683641,0.212011059002396,"NFKB1/RELA",2
"R-HSA-195721","R-HSA-195721","Signaling by WNT","5/50","172/2914",0.169610898207732,0.322256809683641,0.212011059002396,"CREBBP/CSNK2A1/EP300/RHOA/TCF7",5
"R-HSA-1059683","R-HSA-1059683","Interleukin-6 signaling","1/50","11/2914",0.173629746596789,0.322256809683641,0.212011059002396,"STAT3",1
"R-HSA-113510","R-HSA-113510","E2F mediated regulation of DNA replication","1/50","11/2914",0.173629746596789,0.322256809683641,0.212011059002396,"E2F1",1
"R-HSA-163615","R-HSA-163615","PKA activation","1/50","11/2914",0.173629746596789,0.322256809683641,0.212011059002396,"PRKACA",1
"R-HSA-210745","R-HSA-210745","Regulation of gene expression in beta cells","1/50","11/2914",0.173629746596789,0.322256809683641,0.212011059002396,"FOXO1",1
"R-HSA-2197563","R-HSA-2197563","NOTCH2 intracellular domain regulates transcription","1/50","11/2914",0.173629746596789,0.322256809683641,0.212011059002396,"EP300",1
"R-HSA-380994","R-HSA-380994","ATF4 activates genes in response to endoplasmic reticulum  stress","1/50","11/2914",0.173629746596789,0.322256809683641,0.212011059002396,"CEBPB",1
"R-HSA-73772","R-HSA-73772","RNA Polymerase I Promoter Escape","1/50","11/2914",0.173629746596789,0.322256809683641,0.212011059002396,"TBP",1
"R-HSA-73863","R-HSA-73863","RNA Polymerase I Transcription Termination","1/50","11/2914",0.173629746596789,0.322256809683641,0.212011059002396,"TBP",1
"R-HSA-8866910","R-HSA-8866910","TFAP2 (AP-2) family regulates transcription of growth factors and their receptors","1/50","11/2914",0.173629746596789,0.322256809683641,0.212011059002396,"YY1",1
"R-HSA-8978868","R-HSA-8978868","Fatty acid metabolism","1/50","11/2914",0.173629746596789,0.322256809683641,0.212011059002396,"MAPKAPK2",1
"R-HSA-8984722","R-HSA-8984722","Interleukin-35 Signalling","1/50","11/2914",0.173629746596789,0.322256809683641,0.212011059002396,"STAT3",1
"R-HSA-1226099","R-HSA-1226099","Signaling by FGFR in disease","2/50","45/2914",0.179814325612306,0.332405765275338,0.218688003470617,"STAT3/STAT5A",2
"R-HSA-195258","R-HSA-195258","RHO GTPase Effectors","4/50","130/2914",0.181706552278037,0.334570794670672,0.220112364914916,"CDKN1B/MAPK1/RHOA/ROCK2",4
"R-HSA-111461","R-HSA-111461","Cytochrome c-mediated apoptotic response","1/50","12/2914",0.187862785752891,0.335262817651312,0.220567643191653,"MAPK1",1
"R-HSA-1483206","R-HSA-1483206","Glycerophospholipid biosynthesis","1/50","12/2914",0.187862785752891,0.335262817651312,0.220567643191653,"CSNK2A1",1
"R-HSA-170968","R-HSA-170968","Frs2-mediated activation","1/50","12/2914",0.187862785752891,0.335262817651312,0.220567643191653,"MAPK1",1
"R-HSA-202670","R-HSA-202670","ERKs are inactivated","1/50","12/2914",0.187862785752891,0.335262817651312,0.220567643191653,"MAPK1",1
"R-HSA-442720","R-HSA-442720","CREB1 phosphorylation through the activation of Adenylate Cyclase","1/50","12/2914",0.187862785752891,0.335262817651312,0.220567643191653,"PRKACA",1
"R-HSA-5620920","R-HSA-5620920","Cargo trafficking to the periciliary membrane","1/50","12/2914",0.187862785752891,0.335262817651312,0.220567643191653,"SMO",1
"R-HSA-5635838","R-HSA-5635838","Activation of SMO","1/50","12/2914",0.187862785752891,0.335262817651312,0.220567643191653,"SMO",1
"R-HSA-8963898","R-HSA-8963898","Plasma lipoprotein assembly","1/50","12/2914",0.187862785752891,0.335262817651312,0.220567643191653,"PRKACA",1
"R-HSA-168643","R-HSA-168643","Nucleotide-binding domain, leucine rich repeat containing receptor (NLR) signaling pathways","2/50","48/2914",0.198556627890006,0.350790084772739,0.230782950508381,"NFKB1/RELA",2
"R-HSA-111931","R-HSA-111931","PKA-mediated phosphorylation of CREB","1/50","13/2914",0.201855501367072,0.350790084772739,0.230782950508381,"PRKACA",1
"R-HSA-169893","R-HSA-169893","Prolonged ERK activation events","1/50","13/2914",0.201855501367072,0.350790084772739,0.230782950508381,"MAPK1",1
"R-HSA-171007","R-HSA-171007","p38MAPK events","1/50","13/2914",0.201855501367072,0.350790084772739,0.230782950508381,"MAPKAPK2",1
"R-HSA-198323","R-HSA-198323","AKT phosphorylates targets in the cytosol","1/50","13/2914",0.201855501367072,0.350790084772739,0.230782950508381,"CDKN1B",1
"R-HSA-5689901","R-HSA-5689901","Metalloprotease DUBs","1/50","13/2914",0.201855501367072,0.350790084772739,0.230782950508381,"EP300",1
"R-HSA-6804760","R-HSA-6804760","Regulation of TP53 Activity through Methylation","1/50","13/2914",0.201855501367072,0.350790084772739,0.230782950508381,"EP300",1
"R-HSA-186797","R-HSA-186797","Signaling by PDGF","2/50","49/2914",0.204860147969908,0.354683241261334,0.23334423767193,"STAT3/STAT5A",2
"R-HSA-1295596","R-HSA-1295596","Spry regulation of FGF signaling","1/50","14/2914",0.215611869837133,0.362477926103006,0.238472319804609,"MAPK1",1
"R-HSA-2173791","R-HSA-2173791","TGF-beta receptor signaling in EMT (epithelial to mesenchymal transition)","1/50","14/2914",0.215611869837133,0.362477926103006,0.238472319804609,"RHOA",1
"R-HSA-381042","R-HSA-381042","PERK regulates gene expression","1/50","14/2914",0.215611869837133,0.362477926103006,0.238472319804609,"CEBPB",1
"R-HSA-5684264","R-HSA-5684264","MAP3K8 (TPL2)-dependent MAPK1/3 activation","1/50","14/2914",0.215611869837133,0.362477926103006,0.238472319804609,"NFKB1",1
"R-HSA-6785631","R-HSA-6785631","ERBB2 Regulates Cell Motility","1/50","14/2914",0.215611869837133,0.362477926103006,0.238472319804609,"RHOA",1
"R-HSA-6804758","R-HSA-6804758","Regulation of TP53 Activity through Acetylation","1/50","14/2914",0.215611869837133,0.362477926103006,0.238472319804609,"EP300",1
"R-HSA-68867","R-HSA-68867","Assembly of the pre-replicative complex","1/50","14/2914",0.215611869837133,0.362477926103006,0.238472319804609,"E2F1",1
"R-HSA-8849471","R-HSA-8849471","PTK6 Regulates RHO GTPases, RAS GTPase and MAP kinases","1/50","14/2914",0.215611869837133,0.362477926103006,0.238472319804609,"RHOA",1
"R-HSA-8951664","R-HSA-8951664","Neddylation","2/50","51/2914",0.217535136403469,0.364390986610866,0.239730912243991,"FBXW7/HIF1A",2
"R-HSA-1170546","R-HSA-1170546","Prolactin receptor signaling","1/50","15/2914",0.229135803115803,0.373607306698827,0.245794280722912,"STAT5A",1
"R-HSA-392517","R-HSA-392517","Rap1 signalling","1/50","15/2914",0.229135803115803,0.373607306698827,0.245794280722912,"PRKACA",1
"R-HSA-427413","R-HSA-427413","NoRC negatively regulates rRNA expression","1/50","15/2914",0.229135803115803,0.373607306698827,0.245794280722912,"TBP",1
"R-HSA-6803204","R-HSA-6803204","TP53 Regulates Transcription of Genes Involved in Cytochrome C Release","1/50","15/2914",0.229135803115803,0.373607306698827,0.245794280722912,"CREBBP",1
"R-HSA-6804114","R-HSA-6804114","TP53 Regulates Transcription of Genes Involved in G2 Cell Cycle Arrest","1/50","15/2914",0.229135803115803,0.373607306698827,0.245794280722912,"EP300",1
"R-HSA-69205","R-HSA-69205","G1/S-Specific Transcription","1/50","15/2914",0.229135803115803,0.373607306698827,0.245794280722912,"E2F1",1
"R-HSA-9604323","R-HSA-9604323","Negative regulation of NOTCH4 signaling","1/50","15/2914",0.229135803115803,0.373607306698827,0.245794280722912,"FBXW7",1
"R-HSA-1632852","R-HSA-1632852","Macroautophagy","2/50","53/2914",0.230283814042811,0.373607306698827,0.245794280722912,"CSNK2A1/PRKAA1",2
"R-HSA-5607764","R-HSA-5607764","CLEC7A (Dectin-1) signaling","2/50","53/2914",0.230283814042811,0.373607306698827,0.245794280722912,"NFKB1/RELA",2
"R-HSA-111471","R-HSA-111471","Apoptotic factor-mediated response","1/50","16/2914",0.24243114973333,0.382346950723829,0.251544046528835,"MAPK1",1
"R-HSA-3214815","R-HSA-3214815","HDACs deacetylate histones","1/50","16/2914",0.24243114973333,0.382346950723829,0.251544046528835,"NCOR2",1
"R-HSA-392451","R-HSA-392451","G beta:gamma signalling through PI3Kgamma","1/50","16/2914",0.24243114973333,0.382346950723829,0.251544046528835,"RHOA",1
"R-HSA-5205647","R-HSA-5205647","Mitophagy","1/50","16/2914",0.24243114973333,0.382346950723829,0.251544046528835,"CSNK2A1",1
"R-HSA-5668599","R-HSA-5668599","RHO GTPases Activate NADPH Oxidases","1/50","16/2914",0.24243114973333,0.382346950723829,0.251544046528835,"MAPK1",1
"R-HSA-8941858","R-HSA-8941858","Regulation of RUNX3 expression and activity","1/50","16/2914",0.24243114973333,0.382346950723829,0.251544046528835,"EP300",1
"R-HSA-163685","R-HSA-163685","Integration of energy metabolism","2/50","55/2914",0.243086962205882,0.382346950723829,0.251544046528835,"PRKACA/STK11",2
"R-HSA-5358351","R-HSA-5358351","Signaling by Hedgehog","2/50","55/2914",0.243086962205882,0.382346950723829,0.251544046528835,"PRKACA/SMO",2
"R-HSA-5696398","R-HSA-5696398","Nucleotide Excision Repair","2/50","55/2914",0.243086962205882,0.382346950723829,0.251544046528835,"EP300/YY1",2
"R-HSA-68877","R-HSA-68877","Mitotic Prometaphase","2/50","56/2914",0.249503279215827,0.385551663768307,0.253652410373886,"CSNK2A1/PRKACA",2
"R-HSA-109581","R-HSA-109581","Apoptosis","3/50","101/2914",0.249510104536662,0.385551663768307,0.253652410373886,"STAT3/E2F1/MAPK1",3
"R-HSA-163359","R-HSA-163359","Glucagon signaling in metabolic regulation","1/50","17/2914",0.255501695804183,0.385551663768307,0.253652410373886,"PRKACA",1
"R-HSA-167161","R-HSA-167161","HIV Transcription Initiation","1/50","17/2914",0.255501695804183,0.385551663768307,0.253652410373886,"TBP",1
"R-HSA-167162","R-HSA-167162","RNA Polymerase II HIV Promoter Escape","1/50","17/2914",0.255501695804183,0.385551663768307,0.253652410373886,"TBP",1
"R-HSA-5250941","R-HSA-5250941","Negative epigenetic regulation of rRNA expression","1/50","17/2914",0.255501695804183,0.385551663768307,0.253652410373886,"TBP",1
"R-HSA-5607761","R-HSA-5607761","Dectin-1 mediated noncanonical NF-kB signaling","1/50","17/2914",0.255501695804183,0.385551663768307,0.253652410373886,"RELA",1
"R-HSA-5696394","R-HSA-5696394","DNA Damage Recognition in GG-NER","1/50","17/2914",0.255501695804183,0.385551663768307,0.253652410373886,"YY1",1
"R-HSA-73776","R-HSA-73776","RNA Polymerase II Promoter Escape","1/50","17/2914",0.255501695804183,0.385551663768307,0.253652410373886,"TBP",1
"R-HSA-73779","R-HSA-73779","RNA Polymerase II Transcription Pre-Initiation And Promoter Opening","1/50","17/2914",0.255501695804183,0.385551663768307,0.253652410373886,"TBP",1
"R-HSA-75953","R-HSA-75953","RNA Polymerase II Transcription Initiation","1/50","17/2914",0.255501695804183,0.385551663768307,0.253652410373886,"TBP",1
"R-HSA-76042","R-HSA-76042","RNA Polymerase II Transcription Initiation And Promoter Clearance","1/50","17/2914",0.255501695804183,0.385551663768307,0.253652410373886,"TBP",1
"R-HSA-9020702","R-HSA-9020702","Interleukin-1 signaling","2/50","57/2914",0.255926535432411,0.385551663768307,0.253652410373886,"NFKB1/RELA",2
"R-HSA-5357801","R-HSA-5357801","Programmed Cell Death","3/50","103/2914",0.258850038026648,0.388693908234189,0.255719676469861,"STAT3/E2F1/MAPK1",3
"R-HSA-68886","R-HSA-68886","M Phase","3/50","105/2914",0.268241443055837,0.395925464910887,0.260477279546636,"CSNK2A1/MAPK1/PRKACA",3
"R-HSA-1234176","R-HSA-1234176","Oxygen-dependent proline hydroxylation of Hypoxia-inducible Factor Alpha","1/50","18/2914",0.268351166018126,0.395925464910887,0.260477279546636,"HIF1A",1
"R-HSA-5610780","R-HSA-5610780","Degradation of GLI1 by the proteasome","1/50","18/2914",0.268351166018126,0.395925464910887,0.260477279546636,"PRKACA",1
"R-HSA-5610783","R-HSA-5610783","Degradation of GLI2 by the proteasome","1/50","18/2914",0.268351166018126,0.395925464910887,0.260477279546636,"PRKACA",1
"R-HSA-111885","R-HSA-111885","Opioid Signalling","2/50","59/2914",0.268785606566658,0.395925464910887,0.260477279546636,"MAPK1/PRKACA",2
"R-HSA-202403","R-HSA-202403","TCR signaling","2/50","59/2914",0.268785606566658,0.395925464910887,0.260477279546636,"NFKB1/RELA",2
"R-HSA-73887","R-HSA-73887","Death Receptor Signalling","3/50","106/2914",0.272954233160883,0.400793557552689,0.263679972074137,"NFKB1/RELA/RHOA",3
"R-HSA-5610785","R-HSA-5610785","GLI3 is processed to GLI3R by the proteasome","1/50","19/2914",0.280983224615879,0.405853471253197,0.267008862666577,"PRKACA",1
"R-HSA-6814122","R-HSA-6814122","Cooperation of PDCL (PhLP1) and TRiC/CCT in G-protein beta folding","1/50","19/2914",0.280983224615879,0.405853471253197,0.267008862666577,"CSNK2A1",1
"R-HSA-73762","R-HSA-73762","RNA Polymerase I Transcription Initiation","1/50","19/2914",0.280983224615879,0.405853471253197,0.267008862666577,"TBP",1
"R-HSA-8940973","R-HSA-8940973","RUNX2 regulates osteoblast differentiation","1/50","19/2914",0.280983224615879,0.405853471253197,0.267008862666577,"MAPK1",1
"R-HSA-416482","R-HSA-416482","G alpha (12/13) signalling events","2/50","61/2914",0.281648314102434,0.405853471253197,0.267008862666577,"RHOA/ROCK2",2
"R-HSA-9612973","R-HSA-9612973","Autophagy","2/50","61/2914",0.281648314102434,0.405853471253197,0.267008862666577,"CSNK2A1/PRKAA1",2
"R-HSA-8878166","R-HSA-8878166","Transcriptional regulation by RUNX2","2/50","62/2914",0.288076353723001,0.412540257655236,0.271408064246866,"FBXW7/MAPK1",2
"R-HSA-167044","R-HSA-167044","Signalling to RAS","1/50","20/2914",0.293401476349629,0.412540257655236,0.271408064246866,"MAPKAPK2",1
"R-HSA-5578775","R-HSA-5578775","Ion homeostasis","1/50","20/2914",0.293401476349629,0.412540257655236,0.271408064246866,"PRKACA",1
"R-HSA-70171","R-HSA-70171","Glycolysis","1/50","20/2914",0.293401476349629,0.412540257655236,0.271408064246866,"PRKACA",1
"R-HSA-70326","R-HSA-70326","Glucose metabolism","1/50","20/2914",0.293401476349629,0.412540257655236,0.271408064246866,"PRKACA",1
"R-HSA-73854","R-HSA-73854","RNA Polymerase I Promoter Clearance","1/50","20/2914",0.293401476349629,0.412540257655236,0.271408064246866,"TBP",1
"R-HSA-73864","R-HSA-73864","RNA Polymerase I Transcription","1/50","20/2914",0.293401476349629,0.412540257655236,0.271408064246866,"TBP",1
"R-HSA-8936459","R-HSA-8936459","RUNX1 regulates genes involved in megakaryocyte differentiation and platelet function","1/50","20/2914",0.293401476349629,0.412540257655236,0.271408064246866,"EP300",1
"R-HSA-983705","R-HSA-983705","Signaling by the B Cell Receptor (BCR)","2/50","63/2914",0.294499811704494,0.412833572902976,0.271601034804589,"NFKB1/RELA",2
"R-HSA-376176","R-HSA-376176","Signaling by ROBO receptors","2/50","64/2914",0.300916982937529,0.420558674948836,0.276683338782129,"PRKACA/RHOA",2
"R-HSA-397795","R-HSA-397795","G-protein beta:gamma signalling","1/50","21/2914",0.305609467428592,0.424559260140319,0.279315302723894,"RHOA",1
"R-HSA-450302","R-HSA-450302","activated TAK1 mediates p38 MAPK activation","1/50","21/2914",0.305609467428592,0.424559260140319,0.279315302723894,"MAPKAPK2",1
"R-HSA-416476","R-HSA-416476","G alpha (q) signalling events","4/50","165/2914",0.313367984873451,0.428405111955644,0.281845468391871,"MAPK1/RPS6KA1/RPS6KA2/RPS6KA3",4
"R-HSA-69275","R-HSA-69275","G2/M Transition","2/50","66/2914",0.313725930871499,0.428405111955644,0.281845468391871,"EP300/PRKACA",2
"R-HSA-167172","R-HSA-167172","Transcription of the HIV genome","1/50","22/2914",0.317610686449874,0.428405111955644,0.281845468391871,"TBP",1
"R-HSA-180024","R-HSA-180024","DARPP-32 events","1/50","22/2914",0.317610686449874,0.428405111955644,0.281845468391871,"PRKACA",1
"R-HSA-187577","R-HSA-187577","SCF(Skp2)-mediated degradation of p27/p21","1/50","22/2914",0.317610686449874,0.428405111955644,0.281845468391871,"CDKN1B",1
"R-HSA-432040","R-HSA-432040","Vasopressin regulates renal water homeostasis via Aquaporins","1/50","22/2914",0.317610686449874,0.428405111955644,0.281845468391871,"PRKACA",1
"R-HSA-445717","R-HSA-445717","Aquaporin-mediated transport","1/50","22/2914",0.317610686449874,0.428405111955644,0.281845468391871,"PRKACA",1
"R-HSA-525793","R-HSA-525793","Myogenesis","1/50","22/2914",0.317610686449874,0.428405111955644,0.281845468391871,"MYOD1",1
"R-HSA-69563","R-HSA-69563","p53-Dependent G1 DNA Damage Response","1/50","22/2914",0.317610686449874,0.428405111955644,0.281845468391871,"CDKN1B",1
"R-HSA-69580","R-HSA-69580","p53-Dependent G1/S DNA damage checkpoint","1/50","22/2914",0.317610686449874,0.428405111955644,0.281845468391871,"CDKN1B",1
"R-HSA-2682334","R-HSA-2682334","EPH-Ephrin signaling","2/50","68/2914",0.326490681816413,0.439106308298017,0.288885729143432,"RHOA/ROCK2",2
"R-HSA-112409","R-HSA-112409","RAF-independent MAPK1/3 activation","1/50","23/2914",0.329408565314849,0.439211420419798,0.28895488185513,"MAPK1",1
"R-HSA-6783589","R-HSA-6783589","Interleukin-6 family signaling","1/50","23/2914",0.329408565314849,0.439211420419798,0.28895488185513,"STAT3",1
"R-HSA-69002","R-HSA-69002","DNA Replication Pre-Initiation","1/50","23/2914",0.329408565314849,0.439211420419798,0.28895488185513,"E2F1",1
"R-HSA-2559586","R-HSA-2559586","DNA Damage/Telomere Stress Induced Senescence","1/50","24/2914",0.341006480131264,0.448235146688121,0.294891543873764,"CDKN1B",1
"R-HSA-5625740","R-HSA-5625740","RHO GTPases activate PKNs","1/50","24/2914",0.341006480131264,0.448235146688121,0.294891543873764,"RHOA",1
"R-HSA-69615","R-HSA-69615","G1/S DNA Damage Checkpoints","1/50","24/2914",0.341006480131264,0.448235146688121,0.294891543873764,"CDKN1B",1
"R-HSA-8941326","R-HSA-8941326","RUNX2 regulates bone development","1/50","24/2914",0.341006480131264,0.448235146688121,0.294891543873764,"MAPK1",1
"R-HSA-9006335","R-HSA-9006335","Signaling by Erythropoietin","1/50","24/2914",0.341006480131264,0.448235146688121,0.294891543873764,"STAT5A",1
"R-HSA-111933","R-HSA-111933","Calmodulin induced events","1/50","25/2914",0.352407752101312,0.454214436041691,0.298825286869533,"PRKACA",1
"R-HSA-111997","R-HSA-111997","CaM pathway","1/50","25/2914",0.352407752101312,0.454214436041691,0.298825286869533,"PRKACA",1
"R-HSA-380259","R-HSA-380259","Loss of Nlp from mitotic centrosomes","1/50","25/2914",0.352407752101312,0.454214436041691,0.298825286869533,"PRKACA",1
"R-HSA-380284","R-HSA-380284","Loss of proteins required for interphase microtubule organization from the centrosome","1/50","25/2914",0.352407752101312,0.454214436041691,0.298825286869533,"PRKACA",1
"R-HSA-456926","R-HSA-456926","Thrombin signalling through proteinase activated receptors (PARs)","1/50","25/2914",0.352407752101312,0.454214436041691,0.298825286869533,"MAPK1",1
"R-HSA-5663213","R-HSA-5663213","RHO GTPases Activate WASPs and WAVEs","1/50","25/2914",0.352407752101312,0.454214436041691,0.298825286869533,"MAPK1",1
"R-HSA-8948751","R-HSA-8948751","Regulation of PTEN stability and activity","1/50","25/2914",0.352407752101312,0.454214436041691,0.298825286869533,"CSNK2A1",1
"R-HSA-6798695","R-HSA-6798695","Neutrophil degranulation","3/50","125/2914",0.363517766834633,0.462240166727881,0.30410537284729,"NFKB1/MAPK1/RHOA",3
"R-HSA-380320","R-HSA-380320","Recruitment of NuMA to mitotic centrosomes","1/50","26/2914",0.363615648395855,0.462240166727881,0.30410537284729,"PRKACA",1
"R-HSA-674695","R-HSA-674695","RNA Polymerase II Pre-transcription Events","1/50","26/2914",0.363615648395855,0.462240166727881,0.30410537284729,"TBP",1
"R-HSA-8854518","R-HSA-8854518","AURKA Activation by TPX2","1/50","26/2914",0.363615648395855,0.462240166727881,0.30410537284729,"PRKACA",1
"R-HSA-8939902","R-HSA-8939902","Regulation of RUNX2 expression and activity","1/50","26/2914",0.363615648395855,0.462240166727881,0.30410537284729,"FBXW7",1
"R-HSA-1251985","R-HSA-1251985","Nuclear signaling by ERBB4","1/50","27/2914",0.37463338301504,0.468544177140104,0.308252748118489,"STAT5A",1
"R-HSA-380270","R-HSA-380270","Recruitment of mitotic centrosome proteins and complexes","1/50","27/2914",0.37463338301504,0.468544177140104,0.308252748118489,"PRKACA",1
"R-HSA-380287","R-HSA-380287","Centrosome maturation","1/50","27/2914",0.37463338301504,0.468544177140104,0.308252748118489,"PRKACA",1
"R-HSA-5654732","R-HSA-5654732","Negative regulation of FGFR3 signaling","1/50","27/2914",0.37463338301504,0.468544177140104,0.308252748118489,"MAPK1",1
"R-HSA-5689603","R-HSA-5689603","UCH proteinases","1/50","27/2914",0.37463338301504,0.468544177140104,0.308252748118489,"YY1",1
"R-HSA-5689896","R-HSA-5689896","Ovarian tumor domain proteases","1/50","27/2914",0.37463338301504,0.468544177140104,0.308252748118489,"RHOA",1
"R-HSA-3858494","R-HSA-3858494","Beta-catenin independent WNT signaling","2/50","76/2914",0.376886445037811,0.470094920692323,0.309272974139686,"RHOA/TCF7",2
"R-HSA-114604","R-HSA-114604","GPVI-mediated activation cascade","1/50","28/2914",0.385464117635493,0.474417375551376,0.312116694441695,"RHOA",1
"R-HSA-381676","R-HSA-381676","Glucagon-like Peptide-1 (GLP1) regulates insulin secretion","1/50","28/2914",0.385464117635493,0.474417375551376,0.312116694441695,"PRKACA",1
"R-HSA-5620912","R-HSA-5620912","Anchoring of the basal body to the plasma membrane","1/50","28/2914",0.385464117635493,0.474417375551376,0.312116694441695,"PRKACA",1
"R-HSA-5654733","R-HSA-5654733","Negative regulation of FGFR4 signaling","1/50","28/2914",0.385464117635493,0.474417375551376,0.312116694441695,"MAPK1",1
"R-HSA-6781823","R-HSA-6781823","Formation of TC-NER Pre-Incision Complex","1/50","28/2914",0.385464117635493,0.474417375551376,0.312116694441695,"EP300",1
"R-HSA-114452","R-HSA-114452","Activation of BH3-only proteins","1/50","29/2914",0.396110962444303,0.481140017209834,0.31653948500647,"E2F1",1
"R-HSA-1980145","R-HSA-1980145","Signaling by NOTCH2","1/50","29/2914",0.396110962444303,0.481140017209834,0.31653948500647,"EP300",1
"R-HSA-381119","R-HSA-381119","Unfolded Protein Response (UPR)","1/50","29/2914",0.396110962444303,0.481140017209834,0.31653948500647,"CEBPB",1
"R-HSA-6804757","R-HSA-6804757","Regulation of TP53 Degradation","1/50","29/2914",0.396110962444303,0.481140017209834,0.31653948500647,"SGK1",1
"R-HSA-6806003","R-HSA-6806003","Regulation of TP53 Expression and Degradation","1/50","29/2914",0.396110962444303,0.481140017209834,0.31653948500647,"SGK1",1
"R-HSA-9607240","R-HSA-9607240","FLT3 Signaling","4/50","188/2914",0.405162357412433,0.48747213775049,0.320705353783217,"IL2RA/IL2RG/MAPK1/STAT5A",4
"R-HSA-1483257","R-HSA-1483257","Phospholipid metabolism","1/50","30/2914",0.406576976959999,0.48747213775049,0.320705353783217,"CSNK2A1",1
"R-HSA-1489509","R-HSA-1489509","DAG and IP3 signaling","1/50","30/2914",0.406576976959999,0.48747213775049,0.320705353783217,"PRKACA",1
"R-HSA-5633008","R-HSA-5633008","TP53 Regulates Transcription of Cell Death Genes","1/50","30/2914",0.406576976959999,0.48747213775049,0.320705353783217,"CREBBP",1
"R-HSA-5654726","R-HSA-5654726","Negative regulation of FGFR1 signaling","1/50","30/2914",0.406576976959999,0.48747213775049,0.320705353783217,"MAPK1",1
"R-HSA-174824","R-HSA-174824","Plasma lipoprotein assembly, remodeling, and clearance","1/50","31/2914",0.416865170840721,0.495962664795114,0.326291226838891,"PRKACA",1
"R-HSA-3769402","R-HSA-3769402","Deactivation of the beta-catenin transactivating complex","1/50","31/2914",0.416865170840721,0.495962664795114,0.326291226838891,"TCF7",1
"R-HSA-450531","R-HSA-450531","Regulation of mRNA stability by proteins that bind AU-rich elements","1/50","31/2914",0.416865170840721,0.495962664795114,0.326291226838891,"MAPKAPK2",1
"R-HSA-447115","R-HSA-447115","Interleukin-12 family signaling","1/50","32/2914",0.426978504679765,0.501564623218762,0.329976725801817,"STAT3",1
"R-HSA-5654727","R-HSA-5654727","Negative regulation of FGFR2 signaling","1/50","32/2914",0.426978504679765,0.501564623218762,0.329976725801817,"MAPK1",1
"R-HSA-6782135","R-HSA-6782135","Dual incision in TC-NER","1/50","32/2914",0.426978504679765,0.501564623218762,0.329976725801817,"EP300",1
"R-HSA-6802948","R-HSA-6802948","Signaling by high-kinase activity BRAF mutants","1/50","32/2914",0.426978504679765,0.501564623218762,0.329976725801817,"MAPK1",1
"R-HSA-8853659","R-HSA-8853659","RET signaling","1/50","32/2914",0.426978504679765,0.501564623218762,0.329976725801817,"PRKACA",1
"R-HSA-5632684","R-HSA-5632684","Hedgehog 'on' state","1/50","33/2914",0.436919890788721,0.509373943030067,0.335114436203991,"SMO",1
"R-HSA-6782210","R-HSA-6782210","Gap-filling DNA repair synthesis and ligation in TC-NER","1/50","33/2914",0.436919890788721,0.509373943030067,0.335114436203991,"EP300",1
"R-HSA-68875","R-HSA-68875","Mitotic Prophase","1/50","33/2914",0.436919890788721,0.509373943030067,0.335114436203991,"MAPK1",1
"R-HSA-2672351","R-HSA-2672351","Stimuli-sensing channels","1/50","34/2914",0.446692193968368,0.516870768083099,0.340046557949407,"SGK1",1
"R-HSA-5674135","R-HSA-5674135","MAP2K and MAPK activation","1/50","34/2914",0.446692193968368,0.516870768083099,0.340046557949407,"MAPK1",1
"R-HSA-5675221","R-HSA-5675221","Negative regulation of MAPK pathway","1/50","34/2914",0.446692193968368,0.516870768083099,0.340046557949407,"MAPK1",1
"R-HSA-5576891","R-HSA-5576891","Cardiac conduction","1/50","35/2914",0.456298232267529,0.525365706630604,0.345635333309608,"PRKACA",1
"R-HSA-5628897","R-HSA-5628897","TP53 Regulates Metabolic Genes","1/50","35/2914",0.456298232267529,0.525365706630604,0.345635333309608,"PRKAA1",1
"R-HSA-6811558","R-HSA-6811558","PI5P, PP2A and IER3 Regulate PI3K/AKT Signaling","2/50","92/2914",0.472714196647544,0.541549057760184,0.356282274842227,"MAPK1/ESR2",2
"R-HSA-195253","R-HSA-195253","Degradation of beta-catenin by the destruction complex","1/50","37/2914",0.475022557130162,0.541549057760184,0.356282274842227,"TCF7",1
"R-HSA-2565942","R-HSA-2565942","Regulation of PLK1 Activity at G2/M Transition","1/50","37/2914",0.475022557130162,0.541549057760184,0.356282274842227,"PRKACA",1
"R-HSA-5654741","R-HSA-5654741","Signaling by FGFR3","1/50","37/2914",0.475022557130162,0.541549057760184,0.356282274842227,"MAPK1",1
"R-HSA-5654743","R-HSA-5654743","Signaling by FGFR4","1/50","38/2914",0.4841462526962,0.550597699144698,0.36223532838467,"MAPK1",1
"R-HSA-6781827","R-HSA-6781827","Transcription-Coupled Nucleotide Excision Repair (TC-NER)","1/50","39/2914",0.493114502823178,0.55806129099989,0.367145586184138,"EP300",1
"R-HSA-983712","R-HSA-983712","Ion channel transport","1/50","39/2914",0.493114502823178,0.55806129099989,0.367145586184138,"SGK1",1
"R-HSA-4086398","R-HSA-4086398","Ca2+ pathway","1/50","40/2914",0.50192990277408,0.566655656659788,0.372799774118282,"TCF7",1
"R-HSA-5654736","R-HSA-5654736","Signaling by FGFR1","1/50","41/2914",0.510595005370216,0.573495517274374,0.377299682417351,"MAPK1",1
"R-HSA-199418","R-HSA-199418","Negative regulation of the PI3K/AKT network","2/50","99/2914",0.511924633968642,0.573495517274374,0.377299682417351,"MAPK1/ESR2",2
"R-HSA-162599","R-HSA-162599","Late Phase of HIV Life Cycle","1/50","42/2914",0.519112321670769,0.573495517274374,0.377299682417351,"TBP",1
"R-HSA-6783783","R-HSA-6783783","Interleukin-10 signaling","1/50","42/2914",0.519112321670769,0.573495517274374,0.377299682417351,"STAT3",1
"R-HSA-6802946","R-HSA-6802946","Signaling by moderate kinase activity BRAF mutants","1/50","42/2914",0.519112321670769,0.573495517274374,0.377299682417351,"MAPK1",1
"R-HSA-6802949","R-HSA-6802949","Signaling by RAS mutants","1/50","42/2914",0.519112321670769,0.573495517274374,0.377299682417351,"MAPK1",1
"R-HSA-6802955","R-HSA-6802955","Paradoxical activation of RAF signaling by kinase inactive BRAF","1/50","42/2914",0.519112321670769,0.573495517274374,0.377299682417351,"MAPK1",1
"R-HSA-909733","R-HSA-909733","Interferon alpha/beta signaling","1/50","42/2914",0.519112321670769,0.573495517274374,0.377299682417351,"IRF4",1
"R-HSA-9649948","R-HSA-9649948","Signaling downstream of RAS mutants","1/50","42/2914",0.519112321670769,0.573495517274374,0.377299682417351,"MAPK1",1
"R-HSA-2029482","R-HSA-2029482","Regulation of actin dynamics for phagocytic cup formation","1/50","43/2914",0.527484321641682,0.581360392498196,0.382473942433024,"MAPK1",1
"R-HSA-1227986","R-HSA-1227986","Signaling by ERBB2","1/50","44/2914",0.535713434814066,0.584873020597004,0.384784881971713,"RHOA",1
"R-HSA-1236394","R-HSA-1236394","Signaling by ERBB4","1/50","44/2914",0.535713434814066,0.584873020597004,0.384784881971713,"STAT5A",1
"R-HSA-4086400","R-HSA-4086400","PCP/CE pathway","1/50","44/2914",0.535713434814066,0.584873020597004,0.384784881971713,"RHOA",1
"R-HSA-71387","R-HSA-71387","Metabolism of carbohydrates","1/50","44/2914",0.535713434814066,0.584873020597004,0.384784881971713,"PRKACA",1
"R-HSA-422356","R-HSA-422356","Regulation of insulin secretion","1/50","45/2914",0.543802050932288,0.592310215099957,0.389677773092077,"PRKACA",1
"R-HSA-5696399","R-HSA-5696399","Global Genome Nucleotide Excision Repair (GG-NER)","1/50","46/2914",0.551752520591886,0.59816161110896,0.393527375729579,"YY1",1
"R-HSA-6802952","R-HSA-6802952","Signaling by BRAF and RAF fusions","1/50","46/2914",0.551752520591886,0.59816161110896,0.393527375729579,"MAPK1",1
"R-HSA-194315","R-HSA-194315","Signaling by Rho GTPases","4/50","228/2914",0.558122271453945,0.602411044831812,0.396323055810403,"CDKN1B/MAPK1/RHOA/ROCK2",4
"R-HSA-5663220","R-HSA-5663220","RHO GTPases Activate Formins","1/50","47/2914",0.559567155867481,0.602411044831812,0.396323055810403,"RHOA",1
"R-HSA-877300","R-HSA-877300","Interferon gamma signaling","1/50","47/2914",0.559567155867481,0.602411044831812,0.396323055810403,"IRF4",1
"R-HSA-5673001","R-HSA-5673001","RAF/MAP kinase cascade","3/50","171/2914",0.570153221058854,0.612386792989139,0.40288604801917,"IL2RA/IL2RG/MAPK1",3
"R-HSA-6802957","R-HSA-6802957","Oncogenic MAPK signaling","1/50","49/2914",0.574797982659184,0.615949801279125,0.405230132420477,"MAPK1",1
"R-HSA-5654738","R-HSA-5654738","Signaling by FGFR2","1/50","50/2914",0.582218611234067,0.622464137356238,0.40951587983963,"MAPK1",1
"R-HSA-69306","R-HSA-69306","DNA Replication","1/50","51/2914",0.589512280730679,0.628813099446058,0.413692828582933,"E2F1",1
"R-HSA-5684996","R-HSA-5684996","MAPK1/MAPK3 signaling","3/50","177/2914",0.594192940618048,0.632100546894695,0.415855622957036,"IL2RA/IL2RG/MAPK1",3
"R-HSA-74751","R-HSA-74751","Insulin receptor signalling cascade","1/50","52/2914",0.596681119698009,0.632100546894695,0.415855622957036,"MAPK1",1
"R-HSA-74752","R-HSA-74752","Signaling by Insulin receptor","1/50","52/2914",0.596681119698009,0.632100546894695,0.415855622957036,"MAPK1",1
"R-HSA-162587","R-HSA-162587","HIV Life Cycle","1/50","53/2914",0.60372722172984,0.636657797460558,0.418853814118789,"TBP",1
"R-HSA-397014","R-HSA-397014","Muscle contraction","1/50","53/2914",0.60372722172984,0.636657797460558,0.418853814118789,"PRKACA",1
"R-HSA-372790","R-HSA-372790","Signaling by GPCR","8/50","486/2914",0.611241886636679,0.643120715191427,0.42310573367857,"MAPK1/PRKACA/RHOA/ROCK2/RPS6KA1/RPS6KA2/RPS6KA3/SMO",8
"R-HSA-190236","R-HSA-190236","Signaling by FGFR","1/50","55/2914",0.617459417949376,0.648192692145951,0.426442560622336,"MAPK1",1
"R-HSA-382551","R-HSA-382551","Transport of small molecules","2/50","121/2914",0.622541146794172,0.652052126664776,0.428981662279458,"PRKACA/SGK1",2
"R-HSA-388396","R-HSA-388396","GPCR downstream signalling","7/50","436/2914",0.637624068580629,0.666345873471648,0.438385443073453,"MAPK1/PRKACA/RHOA/ROCK2/RPS6KA1/RPS6KA2/RPS6KA3",7
"R-HSA-2029480","R-HSA-2029480","Fcgamma receptor (FCGR) dependent phagocytosis","1/50","62/2914",0.661947826441736,0.687122575993212,0.452054326311324,"MAPK1",1
"R-HSA-6806834","R-HSA-6806834","Signaling by MET","1/50","62/2914",0.661947826441736,0.687122575993212,0.452054326311324,"STAT3",1
"R-HSA-983231","R-HSA-983231","Factors involved in megakaryocyte development and platelet production","1/50","62/2914",0.661947826441736,0.687122575993212,0.452054326311324,"PRKACA",1
"R-HSA-373080","R-HSA-373080","Class B/2 (Secretin family receptors)","1/50","65/2914",0.679423705042286,0.703688837365224,0.462953182477121,"SMO",1
"R-HSA-2219530","R-HSA-2219530","Constitutive Signaling by Aberrant PI3K in Cancer","1/50","72/2914",0.716829976108346,0.740777525421543,0.487353635145752,"ESR2",1
"R-HSA-76002","R-HSA-76002","Platelet activation, signaling and aggregation","2/50","153/2914",0.748371136461412,0.771653794040211,0.507666969763297,"MAPK1/RHOA",2
"R-HSA-162906","R-HSA-162906","HIV Infection","1/50","80/2914",0.754358783990879,0.776103050491725,0.510594112165609,"TBP",1
"R-HSA-73894","R-HSA-73894","DNA Repair","2/50","157/2914",0.761342782146892,0.78155542238088,0.514181198934789,"EP300/YY1",2
"R-HSA-1280218","R-HSA-1280218","Adaptive Immune System","4/50","296/2914",0.763331639728306,0.781867286609126,0.514386372769162,"NFKB1/RELA/FBXW7/PRKACA",4
"R-HSA-983168","R-HSA-983168","Antigen processing: Ubiquitination & Proteasome degradation","1/50","88/2914",0.787000237665109,0.804335044662137,0.52916779254088,"FBXW7",1
"R-HSA-913531","R-HSA-913531","Interferon Signaling","1/50","97/2914",0.818655241278304,0.834848421875018,0.549242382812512,"IRF4",1
"R-HSA-194840","R-HSA-194840","Rho GTPase cycle","1/50","106/2914",0.845686002204828,0.860522598734737,0.566133288641275,"RHOA",1
"R-HSA-8953854","R-HSA-8953854","Metabolism of RNA","1/50","109/2914",0.853786194364996,0.866863882243673,0.570305185686627,"MAPKAPK2",1
"R-HSA-69620","R-HSA-69620","Cell Cycle Checkpoints","1/50","114/2914",0.866370009031331,0.877719834477157,0.577447259524445,"CDKN1B",1
"R-HSA-983169","R-HSA-983169","Class I MHC mediated antigen processing & presentation","1/50","115/2914",0.868756258870058,0.878219834674742,0.577776207022857,"FBXW7",1
"R-HSA-5663205","R-HSA-5663205","Infectious disease","1/50","126/2914",0.892399758308973,0.900159756207312,0.592210365925863,"TBP",1
"R-HSA-418594","R-HSA-418594","G alpha (i) signalling events","2/50","217/2914",0.897185011510702,0.903023525685393,0.594094424793021,"MAPK1/PRKACA",2
"R-HSA-109582","R-HSA-109582","Hemostasis","3/50","298/2914",0.899350739113364,0.903244032356279,0.594239494971236,"MAPK1/PRKACA/RHOA",3
"R-HSA-500792","R-HSA-500792","GPCR ligand binding","1/50","317/2914",0.997003851229039,0.99915720727921,0.657340267946849,"SMO",1
"R-HSA-3232118","R-HSA-3232118","SUMOylation of transcription factors","0/50","16/2914",1,1,0.657894736842105,"",0
