,sig_id,pert_id,pert_iname,pert_type,cell_id,pert_dose,pert_dose_unit,pert_idose,pert_time,pert_time_unit,pert_itime,distil_id
39961,CPC001_HCC515_24H:BRD-A17065207-001-06-9:10,BRD-A17065207,brefeldin-a,trt_cp,HCC515,10.0,µM,10 µM,24,h,24 h,CPC001_HCC515_24H_X2_B3_DUO52HI53LO:O23|CPC001_HCC515_24H_X3_B3_DUO52HI53LO:O23
39964,CPC001_HCC515_24H:BRD-A19500257:10,BRD-A19500257,geldanamycin,trt_cp,HCC515,10.0,µM,10 µM,24,h,24 h,CPC001_HCC515_24H_X1_B3_DUO52HI53LO:A03|CPC001_HCC515_24H_X2_B3_DUO52HI53LO:A03|CPC001_HCC515_24H_X3_B3_DUO52HI53LO:A03
40084,CPC001_HCC515_24H:BRD-K09668667-001-02-0:10,BRD-K09668667,benzo(a)pyrene,trt_cp,HCC515,10.0,µM,10 µM,24,h,24 h,CPC001_HCC515_24H_X1_B3_DUO52HI53LO:L20|CPC001_HCC515_24H_X2_B3_DUO52HI53LO:L20|CPC001_HCC515_24H_X3_B3_DUO52HI53LO:L20
40340,CPC001_HCC515_6H:BRD-A17065207-001-06-9:10,BRD-A17065207,brefeldin-a,trt_cp,HCC515,10.0,µM,10 µM,6,h,6 h,CPC001_HCC515_6H_X1_B3_DUO52HI53LO:O23|CPC001_HCC515_6H_X2_B3_DUO52HI53LO:O23
40343,CPC001_HCC515_6H:BRD-A19500257:10,BRD-A19500257,geldanamycin,trt_cp,HCC515,10.0,µM,10 µM,6,h,6 h,CPC001_HCC515_6H_X1_B3_DUO52HI53LO:A03|CPC001_HCC515_6H_X2_B3_DUO52HI53LO:A03
40464,CPC001_HCC515_6H:BRD-K09668667-001-02-0:10,BRD-K09668667,benzo(a)pyrene,trt_cp,HCC515,10.0,µM,10 µM,6,h,6 h,CPC001_HCC515_6H_X1_B3_DUO52HI53LO:L20|CPC001_HCC515_6H_X2_B3_DUO52HI53LO:L20
41483,CPC001_VCAP_24H:BRD-A17065207-001-06-9:10,BRD-A17065207,brefeldin-a,trt_cp,VCAP,10.0,µM,10 µM,24,h,24 h,CPC001_VCAP_24H_X2_B3_DUO52HI53LO:O23|CPC001_VCAP_24H_X3_B3_DUO52HI53LO:O23|CPC001_VCAP_24H_X4.A2_F1B5_DUO52HI53LO:O23|CPC001_VCAP_24H_X4_F1B5_DUO52HI53LO:O23|CPC001_VCAP_24H_X5_F2B4_DUO52HI53LO:O23
41486,CPC001_VCAP_24H:BRD-A19500257:10,BRD-A19500257,geldanamycin,trt_cp,VCAP,10.0,µM,10 µM,24,h,24 h,CPC001_VCAP_24H_X1_B3_DUO52HI53LO:A03|CPC001_VCAP_24H_X2_B3_DUO52HI53LO:A03|CPC001_VCAP_24H_X3_B3_DUO52HI53LO:A03|CPC001_VCAP_24H_X4.A2_F1B5_DUO52HI53LO:A03|CPC001_VCAP_24H_X4_F1B5_DUO52HI53LO:A03|CPC001_VCAP_24H_X5_F2B4_DUO52HI53LO:A03
41607,CPC001_VCAP_24H:BRD-K09668667-001-02-0:10,BRD-K09668667,benzo(a)pyrene,trt_cp,VCAP,10.0,µM,10 µM,24,h,24 h,CPC001_VCAP_24H_X1_B3_DUO52HI53LO:L20|CPC001_VCAP_24H_X2_B3_DUO52HI53LO:L20|CPC001_VCAP_24H_X3_B3_DUO52HI53LO:L20|CPC001_VCAP_24H_X4.A2_F1B5_DUO52HI53LO:L20|CPC001_VCAP_24H_X4_F1B5_DUO52HI53LO:L20|CPC001_VCAP_24H_X5_F2B4_DUO52HI53LO:L20
41862,CPC001_VCAP_6H:BRD-A17065207-001-06-9:10,BRD-A17065207,brefeldin-a,trt_cp,VCAP,10.0,µM,10 µM,6,h,6 h,CPC001_VCAP_6H_X1.A2_F1B5_DUO52HI53LO:O23|CPC001_VCAP_6H_X1_F1B5_DUO52HI53LO:O23|CPC001_VCAP_6H_X2_B5_DUO52HI53LO:O23|CPC001_VCAP_6H_X3_F1B5_DUO52HI53LO:O23|CPC001_VCAP_6H_X4_B5_DUO52HI53LO:O23|CPC001_VCAP_6H_X5_B5_DUO52HI53LO:O23
41865,CPC001_VCAP_6H:BRD-A19500257:10,BRD-A19500257,geldanamycin,trt_cp,VCAP,10.0,µM,10 µM,6,h,6 h,CPC001_VCAP_6H_X1.A2_F1B5_DUO52HI53LO:A03|CPC001_VCAP_6H_X1_F1B5_DUO52HI53LO:A03|CPC001_VCAP_6H_X2_B5_DUO52HI53LO:A03|CPC001_VCAP_6H_X3_F1B5_DUO52HI53LO:A03|CPC001_VCAP_6H_X4_B5_DUO52HI53LO:A03|CPC001_VCAP_6H_X5_B5_DUO52HI53LO:A03
41986,CPC001_VCAP_6H:BRD-K09668667-001-02-0:10,BRD-K09668667,benzo(a)pyrene,trt_cp,VCAP,10.0,µM,10 µM,6,h,6 h,CPC001_VCAP_6H_X1.A2_F1B5_DUO52HI53LO:L20|CPC001_VCAP_6H_X1_F1B5_DUO52HI53LO:L20|CPC001_VCAP_6H_X2_B5_DUO52HI53LO:L20|CPC001_VCAP_6H_X3_F1B5_DUO52HI53LO:L20|CPC001_VCAP_6H_X4_B5_DUO52HI53LO:L20|CPC001_VCAP_6H_X5_B5_DUO52HI53LO:L20
42985,CPC002_HCC515_24H:BRD-A19500257:10,BRD-A19500257,geldanamycin,trt_cp,HCC515,10.0,µM,10 µM,24,h,24 h,CPC002_HCC515_24H_X1_B3_DUO52HI53LO:A03|CPC002_HCC515_24H_X2_B3_DUO52HI53LO:A03|CPC002_HCC515_24H_X3_B3_DUO52HI53LO:A03
43226,CPC002_HCC515_24H:BRD-K60476892-001-02-1:10,BRD-K60476892,YC-1,trt_cp,HCC515,10.0,µM,10 µM,24,h,24 h,CPC002_HCC515_24H_X1_B3_DUO52HI53LO:B11|CPC002_HCC515_24H_X2_B3_DUO52HI53LO:B11|CPC002_HCC515_24H_X3_B3_DUO52HI53LO:B11
43327,CPC002_HCC515_24H:BRD-K97399794-001-08-8:10,BRD-K97399794,quercetin,trt_cp,HCC515,10.0,µM,10 µM,24,h,24 h,CPC002_HCC515_24H_X1_B3_DUO52HI53LO:E02|CPC002_HCC515_24H_X2_B3_DUO52HI53LO:E02|CPC002_HCC515_24H_X3_B3_DUO52HI53LO:E02
43364,CPC002_HCC515_6H:BRD-A19500257:10,BRD-A19500257,geldanamycin,trt_cp,HCC515,10.0,µM,10 µM,6,h,6 h,CPC002_HCC515_6H_X1_B3_DUO52HI53LO:A03|CPC002_HCC515_6H_X2_B3_DUO52HI53LO:A03|CPC002_HCC515_6H_X3_B3_DUO52HI53LO:A03
43606,CPC002_HCC515_6H:BRD-K60476892-001-02-1:10,BRD-K60476892,YC-1,trt_cp,HCC515,10.0,µM,10 µM,6,h,6 h,CPC002_HCC515_6H_X1_B3_DUO52HI53LO:B11|CPC002_HCC515_6H_X2_B3_DUO52HI53LO:B11|CPC002_HCC515_6H_X3_B3_DUO52HI53LO:B11
43707,CPC002_HCC515_6H:BRD-K97399794-001-08-8:10,BRD-K97399794,quercetin,trt_cp,HCC515,10.0,µM,10 µM,6,h,6 h,CPC002_HCC515_6H_X1_B3_DUO52HI53LO:E02|CPC002_HCC515_6H_X2_B3_DUO52HI53LO:E02|CPC002_HCC515_6H_X3_B3_DUO52HI53LO:E02
44505,CPC002_VCAP_24H:BRD-A19500257:10,BRD-A19500257,geldanamycin,trt_cp,VCAP,10.0,µM,10 µM,24,h,24 h,CPC002_VCAP_24H_X1_B3_DUO52HI53LO:A03|CPC002_VCAP_24H_X2_B3_DUO52HI53LO:A03|CPC002_VCAP_24H_X3_B3_DUO52HI53LO:A03
44743,CPC002_VCAP_24H:BRD-K60476892-001-02-1:10,BRD-K60476892,YC-1,trt_cp,VCAP,10.0,µM,10 µM,24,h,24 h,CPC002_VCAP_24H_X1_B3_DUO52HI53LO:B11|CPC002_VCAP_24H_X2_B3_DUO52HI53LO:B11|CPC002_VCAP_24H_X3_B3_DUO52HI53LO:B11
44842,CPC002_VCAP_24H:BRD-K97399794-001-08-8:10,BRD-K97399794,quercetin,trt_cp,VCAP,10.0,µM,10 µM,24,h,24 h,CPC002_VCAP_24H_X1_B3_DUO52HI53LO:E02|CPC002_VCAP_24H_X2_B3_DUO52HI53LO:E02|CPC002_VCAP_24H_X3_B3_DUO52HI53LO:E02
44880,CPC002_VCAP_6H:BRD-A19500257:10,BRD-A19500257,geldanamycin,trt_cp,VCAP,10.0,µM,10 µM,6,h,6 h,CPC002_VCAP_6H_X1_F1B5_DUO52HI53LO:A03|CPC002_VCAP_6H_X2_F1B5_DUO52HI53LO:A03|CPC002_VCAP_6H_X4_B5_DUO52HI53LO:A03|CPC002_VCAP_6H_X5_B5_DUO52HI53LO:A03
45122,CPC002_VCAP_6H:BRD-K60476892-001-02-1:10,BRD-K60476892,YC-1,trt_cp,VCAP,10.0,µM,10 µM,6,h,6 h,CPC002_VCAP_6H_X1_F1B5_DUO52HI53LO:B11|CPC002_VCAP_6H_X2_F1B5_DUO52HI53LO:B11|CPC002_VCAP_6H_X4_B5_DUO52HI53LO:B11|CPC002_VCAP_6H_X5_B5_DUO52HI53LO:B11
45221,CPC002_VCAP_6H:BRD-K97399794-001-08-8:10,BRD-K97399794,quercetin,trt_cp,VCAP,10.0,µM,10 µM,6,h,6 h,CPC002_VCAP_6H_X1_F1B5_DUO52HI53LO:E02|CPC002_VCAP_6H_X2_F1B5_DUO52HI53LO:E02|CPC002_VCAP_6H_X4_B5_DUO52HI53LO:E02|CPC002_VCAP_6H_X5_B5_DUO52HI53LO:E02
46026,CPC003_HCC515_24H:BRD-A19500257:10,BRD-A19500257,geldanamycin,trt_cp,HCC515,10.0,µM,10 µM,24,h,24 h,CPC003_HCC515_24H_X1_B3_DUO52HI53LO:A03|CPC003_HCC515_24H_X2_B3_DUO52HI53LO:A03|CPC003_HCC515_24H_X3_B3_DUO52HI53LO:A03
46403,CPC003_HCC515_6H:BRD-A19500257:10,BRD-A19500257,geldanamycin,trt_cp,HCC515,10.0,µM,10 µM,6,h,6 h,CPC003_HCC515_6H_X1_B3_DUO52HI53LO:A03|CPC003_HCC515_6H_X2_B3_DUO52HI53LO:A03|CPC003_HCC515_6H_X3_B3_DUO52HI53LO:A03
47542,CPC003_VCAP_24H:BRD-A19500257:10,BRD-A19500257,geldanamycin,trt_cp,VCAP,10.0,µM,10 µM,24,h,24 h,CPC003_VCAP_24H_X1_B3_DUO52HI53LO:A03|CPC003_VCAP_24H_X3_B3_DUO52HI53LO:A03
47913,CPC003_VCAP_6H:BRD-A19500257:10,BRD-A19500257,geldanamycin,trt_cp,VCAP,10.0,µM,10 µM,6,h,6 h,CPC003_VCAP_6H_X1_F2B4_DUO52HI53LO:A03|CPC003_VCAP_6H_X2_B5_DUO52HI53LO:A03|CPC003_VCAP_6H_X3_B5_DUO52HI53LO:A03|CPC003_VCAP_6H_X4_B5_DUO52HI53LO:A03|CPC003_VCAP_6H_X5_F1B5_DUO52HI53LO:A03
49432,CPC004_HCC515_24H:BRD-A19500257:10,BRD-A19500257,geldanamycin,trt_cp,HCC515,10.0,µM,10 µM,24,h,24 h,CPC004_HCC515_24H_X1_B3_DUO52HI53LO:A03|CPC004_HCC515_24H_X2_B3_DUO52HI53LO:A03|CPC004_HCC515_24H_X3_B3_DUO52HI53LO:A03
49466,CPC004_HCC515_24H:BRD-A48237631-001-03-0:10,BRD-A48237631,mitomycin-c,trt_cp,HCC515,10.0,µM,10 µM,24,h,24 h,CPC004_HCC515_24H_X1_B3_DUO52HI53LO:D05|CPC004_HCC515_24H_X2_B3_DUO52HI53LO:D05|CPC004_HCC515_24H_X3_B3_DUO52HI53LO:D05
49676,CPC004_HCC515_24H:BRD-K55468218-001-16-2:10,BRD-K55468218,spiperone,trt_cp,HCC515,10.0,µM,10 µM,24,h,24 h,CPC004_HCC515_24H_X1_B3_DUO52HI53LO:E14|CPC004_HCC515_24H_X2_B3_DUO52HI53LO:E14|CPC004_HCC515_24H_X3_B3_DUO52HI53LO:E14
49806,CPC004_HCC515_6H:BRD-A19500257:10,BRD-A19500257,geldanamycin,trt_cp,HCC515,10.0,µM,10 µM,6,h,6 h,CPC004_HCC515_6H_X1_B3_DUO52HI53LO:A03|CPC004_HCC515_6H_X2_B3_DUO52HI53LO:A03|CPC004_HCC515_6H_X3_B3_DUO52HI53LO:A03
49841,CPC004_HCC515_6H:BRD-A48237631-001-03-0:10,BRD-A48237631,mitomycin-c,trt_cp,HCC515,10.0,µM,10 µM,6,h,6 h,CPC004_HCC515_6H_X1_B3_DUO52HI53LO:D05|CPC004_HCC515_6H_X2_B3_DUO52HI53LO:D05|CPC004_HCC515_6H_X3_B3_DUO52HI53LO:D05
50052,CPC004_HCC515_6H:BRD-K55468218-001-16-2:10,BRD-K55468218,spiperone,trt_cp,HCC515,10.0,µM,10 µM,6,h,6 h,CPC004_HCC515_6H_X1_B3_DUO52HI53LO:E14|CPC004_HCC515_6H_X2_B3_DUO52HI53LO:E14|CPC004_HCC515_6H_X3_B3_DUO52HI53LO:E14
50187,CPC004_HEPG2_6H:BRD-A19500257:10,BRD-A19500257,geldanamycin,trt_cp,HEPG2,10.0,µM,10 µM,6,h,6 h,CPC004_HEPG2_6H_X1_B5_DUO52HI53LO:A03|CPC004_HEPG2_6H_X2_F1B5_DUO52HI53LO:A03|CPC004_HEPG2_6H_X3.L2_F2B5_DUO52HI53LO:A03
50222,CPC004_HEPG2_6H:BRD-A48237631-001-03-0:10,BRD-A48237631,mitomycin-c,trt_cp,HEPG2,10.0,µM,10 µM,6,h,6 h,CPC004_HEPG2_6H_X1_B5_DUO52HI53LO:D05|CPC004_HEPG2_6H_X2_F1B5_DUO52HI53LO:D05|CPC004_HEPG2_6H_X3.L2_F2B5_DUO52HI53LO:D05
50433,CPC004_HEPG2_6H:BRD-K55468218-001-16-2:10,BRD-K55468218,spiperone,trt_cp,HEPG2,10.0,µM,10 µM,6,h,6 h,CPC004_HEPG2_6H_X1_B5_DUO52HI53LO:E14|CPC004_HEPG2_6H_X2_F1B5_DUO52HI53LO:E14|CPC004_HEPG2_6H_X3.L2_F2B5_DUO52HI53LO:E14
52090,CPC004_VCAP_24H:BRD-A19500257:10,BRD-A19500257,geldanamycin,trt_cp,VCAP,10.0,µM,10 µM,24,h,24 h,CPC004_VCAP_24H_X1_F1B5_DUO52HI53LO:A03|CPC004_VCAP_24H_X2_B5_DUO52HI53LO:A03|CPC004_VCAP_24H_X3_F1B5_DUO52HI53LO:A03|CPC004_VCAP_24H_X4.A2_F1B5_DUO52HI53LO:A03|CPC004_VCAP_24H_X4_F1B5_DUO52HI53LO:A03|CPC004_VCAP_24H_X5_B5_DUO52HI53LO:A03
52122,CPC004_VCAP_24H:BRD-A48237631-001-03-0:10,BRD-A48237631,mitomycin-c,trt_cp,VCAP,10.0,µM,10 µM,24,h,24 h,CPC004_VCAP_24H_X2_B5_DUO52HI53LO:D05|CPC004_VCAP_24H_X4.A2_F1B5_DUO52HI53LO:D05|CPC004_VCAP_24H_X4_F1B5_DUO52HI53LO:D05|CPC004_VCAP_24H_X5_B5_DUO52HI53LO:D05
52329,CPC004_VCAP_24H:BRD-K55468218-001-16-2:10,BRD-K55468218,spiperone,trt_cp,VCAP,10.0,µM,10 µM,24,h,24 h,CPC004_VCAP_24H_X1_F1B5_DUO52HI53LO:E14|CPC004_VCAP_24H_X2_B5_DUO52HI53LO:E14|CPC004_VCAP_24H_X3_F1B5_DUO52HI53LO:E14|CPC004_VCAP_24H_X4.A2_F1B5_DUO52HI53LO:E14|CPC004_VCAP_24H_X4_F1B5_DUO52HI53LO:E14|CPC004_VCAP_24H_X5_B5_DUO52HI53LO:E14
52464,CPC004_VCAP_6H:BRD-A19500257:10,BRD-A19500257,geldanamycin,trt_cp,VCAP,10.0,µM,10 µM,6,h,6 h,CPC004_VCAP_6H_X1_B5_DUO52HI53LO:A03|CPC004_VCAP_6H_X2_F1B5_DUO52HI53LO:A03|CPC004_VCAP_6H_X3_F1B5_DUO52HI53LO:A03|CPC004_VCAP_6H_X5_B5_DUO52HI53LO:A03
52498,CPC004_VCAP_6H:BRD-A48237631-001-03-0:10,BRD-A48237631,mitomycin-c,trt_cp,VCAP,10.0,µM,10 µM,6,h,6 h,CPC004_VCAP_6H_X1_B5_DUO52HI53LO:D05|CPC004_VCAP_6H_X2_F1B5_DUO52HI53LO:D05|CPC004_VCAP_6H_X3_F1B5_DUO52HI53LO:D05|CPC004_VCAP_6H_X5_B5_DUO52HI53LO:D05
52708,CPC004_VCAP_6H:BRD-K55468218-001-16-2:10,BRD-K55468218,spiperone,trt_cp,VCAP,10.0,µM,10 µM,6,h,6 h,CPC004_VCAP_6H_X2_F1B5_DUO52HI53LO:E14|CPC004_VCAP_6H_X3_F1B5_DUO52HI53LO:E14|CPC004_VCAP_6H_X5_B5_DUO52HI53LO:E14
55119,CPC005_HCC515_6H:BRD-A19500257:10,BRD-A19500257,geldanamycin,trt_cp,HCC515,10.0,µM,10 µM,6,h,6 h,CPC005_HCC515_6H_X2_F1B4_DUO52HI53LO:A03|CPC005_HCC515_6H_X3_F1B3_DUO52HI53LO:A03
55413,CPC005_HCC515_6H:BRD-K69023402-001-02-5:10,BRD-K69023402,thapsigargin,trt_cp,HCC515,10.0,µM,10 µM,6,h,6 h,CPC005_HCC515_6H_X2_F1B4_DUO52HI53LO:L20|CPC005_HCC515_6H_X3_F1B3_DUO52HI53LO:L20
57783,CPC005_VCAP_24H:BRD-A19500257:10,BRD-A19500257,geldanamycin,trt_cp,VCAP,10.0,µM,10 µM,24,h,24 h,CPC005_VCAP_24H_X1_B3_DUO52HI53LO:A03|CPC005_VCAP_24H_X2_B3_DUO52HI53LO:A03|CPC005_VCAP_24H_X3_B3_DUO52HI53LO:A03|CPC005_VCAP_24H_X4_F1B5_DUO52HI53LO:A03|CPC005_VCAP_24H_X5_F2B4_DUO52HI53LO:A03
58073,CPC005_VCAP_24H:BRD-K69023402-001-02-5:10,BRD-K69023402,thapsigargin,trt_cp,VCAP,10.0,µM,10 µM,24,h,24 h,CPC005_VCAP_24H_X1_B3_DUO52HI53LO:L20|CPC005_VCAP_24H_X2_B3_DUO52HI53LO:L20|CPC005_VCAP_24H_X3_B3_DUO52HI53LO:L20|CPC005_VCAP_24H_X4_F1B5_DUO52HI53LO:L20|CPC005_VCAP_24H_X5_F2B4_DUO52HI53LO:L20
58160,CPC005_VCAP_6H:BRD-A19500257:10,BRD-A19500257,geldanamycin,trt_cp,VCAP,10.0,µM,10 µM,6,h,6 h,CPC005_VCAP_6H_X1_F1B3_DUO52HI53LO:A03|CPC005_VCAP_6H_X2_F1B3_DUO52HI53LO:A03|CPC005_VCAP_6H_X4_B5_DUO52HI53LO:A03|CPC005_VCAP_6H_X5_B5_DUO52HI53LO:A03
58452,CPC005_VCAP_6H:BRD-K69023402-001-02-5:10,BRD-K69023402,thapsigargin,trt_cp,VCAP,10.0,µM,10 µM,6,h,6 h,CPC005_VCAP_6H_X1_F1B3_DUO52HI53LO:L20|CPC005_VCAP_6H_X2_F1B3_DUO52HI53LO:L20|CPC005_VCAP_6H_X4_B5_DUO52HI53LO:L20|CPC005_VCAP_6H_X5_B5_DUO52HI53LO:L20
64140,CPC006_HCC515_24H:BRD-A19500257:10,BRD-A19500257,geldanamycin,trt_cp,HCC515,10.0,µM,10 µM,24,h,24 h,CPC006_HCC515_24H_X1_B4_DUO52HI53LO:A03|CPC006_HCC515_24H_X2_B4_DUO52HI53LO:A03|CPC006_HCC515_24H_X3_B4_DUO52HI53LO:A03|CPC006_HCC515_24H_X4_B4_DUO52HI53LO:A03|CPC006_HCC515_24H_X4_F1B3_DUO52HI53LO:A03|CPC006_HCC515_24H_X5_B1_DUO52HI53LO:A03
64149,CPC006_HCC515_24H:BRD-A31107743-001-01-3:0.09,BRD-A31107743,brefeldin-a,trt_cp,HCC515,0.09,µM,100 nM,24,h,24 h,CPC006_HCC515_24H_X1_B4_DUO52HI53LO:K20|CPC006_HCC515_24H_X2_B4_DUO52HI53LO:K20|CPC006_HCC515_24H_X3_B4_DUO52HI53LO:K20|CPC006_HCC515_24H_X4_B4_DUO52HI53LO:K20|CPC006_HCC515_24H_X4_F1B3_DUO52HI53LO:K20|CPC006_HCC515_24H_X5_B1_DUO52HI53LO:K20
64170,CPC006_HCC515_24H:BRD-A62809825-001-01-7:10,BRD-A62809825,thapsigargin,trt_cp,HCC515,10.0,µM,10 µM,24,h,24 h,CPC006_HCC515_24H_X1_B4_DUO52HI53LO:A20|CPC006_HCC515_24H_X2_B4_DUO52HI53LO:A20|CPC006_HCC515_24H_X3_B4_DUO52HI53LO:A20|CPC006_HCC515_24H_X4_B4_DUO52HI53LO:A20|CPC006_HCC515_24H_X4_F1B3_DUO52HI53LO:A20|CPC006_HCC515_24H_X5_B1_DUO52HI53LO:A20
64295,CPC006_HCC515_24H:BRD-K32107296-001-03-7:10,BRD-K32107296,temozolomide,trt_cp,HCC515,10.0,µM,10 µM,24,h,24 h,CPC006_HCC515_24H_X1_B4_DUO52HI53LO:A06|CPC006_HCC515_24H_X2_B4_DUO52HI53LO:A06|CPC006_HCC515_24H_X3_B4_DUO52HI53LO:A06|CPC006_HCC515_24H_X4_B4_DUO52HI53LO:A06|CPC006_HCC515_24H_X4_F1B3_DUO52HI53LO:A06|CPC006_HCC515_24H_X5_B1_DUO52HI53LO:A06
64518,CPC006_HCC515_6H:BRD-A19500257:10,BRD-A19500257,geldanamycin,trt_cp,HCC515,10.0,µM,10 µM,6,h,6 h,CPC006_HCC515_6H_X1_B4_DUO52HI53LO:A03|CPC006_HCC515_6H_X2_B4_DUO52HI53LO:A03|CPC006_HCC515_6H_X2_B5_DUO52HI53LO:A03|CPC006_HCC515_6H_X3_B4_DUO52HI53LO:A03
64527,CPC006_HCC515_6H:BRD-A31107743-001-01-3:0.09,BRD-A31107743,brefeldin-a,trt_cp,HCC515,0.09,µM,100 nM,6,h,6 h,CPC006_HCC515_6H_X1_B4_DUO52HI53LO:K20|CPC006_HCC515_6H_X2_B4_DUO52HI53LO:K20|CPC006_HCC515_6H_X2_B5_DUO52HI53LO:K20|CPC006_HCC515_6H_X3_B4_DUO52HI53LO:K20
64549,CPC006_HCC515_6H:BRD-A62809825-001-01-7:10,BRD-A62809825,thapsigargin,trt_cp,HCC515,10.0,µM,10 µM,6,h,6 h,CPC006_HCC515_6H_X1_B4_DUO52HI53LO:A20|CPC006_HCC515_6H_X2_B4_DUO52HI53LO:A20|CPC006_HCC515_6H_X2_B5_DUO52HI53LO:A20|CPC006_HCC515_6H_X3_B4_DUO52HI53LO:A20
64675,CPC006_HCC515_6H:BRD-K32107296-001-03-7:10,BRD-K32107296,temozolomide,trt_cp,HCC515,10.0,µM,10 µM,6,h,6 h,CPC006_HCC515_6H_X1_B4_DUO52HI53LO:A06|CPC006_HCC515_6H_X2_B4_DUO52HI53LO:A06|CPC006_HCC515_6H_X2_B5_DUO52HI53LO:A06|CPC006_HCC515_6H_X3_B4_DUO52HI53LO:A06
65656,CPC006_HEPG2_6H:BRD-A19500257:10,BRD-A19500257,geldanamycin,trt_cp,HEPG2,10.0,µM,10 µM,6,h,6 h,CPC006_HEPG2_6H_X1.L2_F1B6_DUO52HI53LO:A03|CPC006_HEPG2_6H_X4_B4_DUO52HI53LO:A03|CPC006_HEPG2_6H_X5_B4_DUO52HI53LO:A03
65665,CPC006_HEPG2_6H:BRD-A31107743-001-01-3:0.09,BRD-A31107743,brefeldin-a,trt_cp,HEPG2,0.09,µM,100 nM,6,h,6 h,CPC006_HEPG2_6H_X1.L2_F1B6_DUO52HI53LO:K20|CPC006_HEPG2_6H_X4_B4_DUO52HI53LO:K20|CPC006_HEPG2_6H_X5_B4_DUO52HI53LO:K20
65687,CPC006_HEPG2_6H:BRD-A62809825-001-01-7:10,BRD-A62809825,thapsigargin,trt_cp,HEPG2,10.0,µM,10 µM,6,h,6 h,CPC006_HEPG2_6H_X1.L2_F1B6_DUO52HI53LO:A20|CPC006_HEPG2_6H_X4_B4_DUO52HI53LO:A20|CPC006_HEPG2_6H_X5_B4_DUO52HI53LO:A20
65812,CPC006_HEPG2_6H:BRD-K32107296-001-03-7:10,BRD-K32107296,temozolomide,trt_cp,HEPG2,10.0,µM,10 µM,6,h,6 h,CPC006_HEPG2_6H_X1.L2_F1B6_DUO52HI53LO:A06|CPC006_HEPG2_6H_X4_B4_DUO52HI53LO:A06|CPC006_HEPG2_6H_X5_B4_DUO52HI53LO:A06
79498,CPC006_VCAP_24H:BRD-A19500257:10,BRD-A19500257,geldanamycin,trt_cp,VCAP,10.0,µM,10 µM,24,h,24 h,CPC006_VCAP_24H_X1_B3_DUO52HI53LO:A03|CPC006_VCAP_24H_X2_B3_DUO52HI53LO:A03|CPC006_VCAP_24H_X3_B3_DUO52HI53LO:A03|CPC006_VCAP_24H_X4_B4_DUO52HI53LO:A03|CPC006_VCAP_24H_X5_B4_DUO52HI53LO:A03
79507,CPC006_VCAP_24H:BRD-A31107743-001-01-3:0.09,BRD-A31107743,brefeldin-a,trt_cp,VCAP,0.09,µM,100 nM,24,h,24 h,CPC006_VCAP_24H_X1_B3_DUO52HI53LO:K20|CPC006_VCAP_24H_X2_B3_DUO52HI53LO:K20|CPC006_VCAP_24H_X3_B3_DUO52HI53LO:K20|CPC006_VCAP_24H_X4_B4_DUO52HI53LO:K20|CPC006_VCAP_24H_X5_B4_DUO52HI53LO:K20
79529,CPC006_VCAP_24H:BRD-A62809825-001-01-7:10,BRD-A62809825,thapsigargin,trt_cp,VCAP,10.0,µM,10 µM,24,h,24 h,CPC006_VCAP_24H_X1_B3_DUO52HI53LO:A20|CPC006_VCAP_24H_X2_B3_DUO52HI53LO:A20|CPC006_VCAP_24H_X3_B3_DUO52HI53LO:A20|CPC006_VCAP_24H_X4_B4_DUO52HI53LO:A20|CPC006_VCAP_24H_X5_B4_DUO52HI53LO:A20
79654,CPC006_VCAP_24H:BRD-K32107296-001-03-7:10,BRD-K32107296,temozolomide,trt_cp,VCAP,10.0,µM,10 µM,24,h,24 h,CPC006_VCAP_24H_X1_B3_DUO52HI53LO:A06|CPC006_VCAP_24H_X2_B3_DUO52HI53LO:A06|CPC006_VCAP_24H_X3_B3_DUO52HI53LO:A06|CPC006_VCAP_24H_X4_B4_DUO52HI53LO:A06|CPC006_VCAP_24H_X5_B4_DUO52HI53LO:A06
79874,CPC006_VCAP_6H:BRD-A19500257:10,BRD-A19500257,geldanamycin,trt_cp,VCAP,10.0,µM,10 µM,6,h,6 h,CPC006_VCAP_6H_X1_B4_DUO52HI53LO:A03|CPC006_VCAP_6H_X3_B4_DUO52HI53LO:A03|CPC006_VCAP_6H_X4_B4_DUO52HI53LO:A03|CPC006_VCAP_6H_X5_B4_DUO52HI53LO:A03
79883,CPC006_VCAP_6H:BRD-A31107743-001-01-3:0.09,BRD-A31107743,brefeldin-a,trt_cp,VCAP,0.09,µM,100 nM,6,h,6 h,CPC006_VCAP_6H_X1_B4_DUO52HI53LO:K20|CPC006_VCAP_6H_X3_B4_DUO52HI53LO:K20|CPC006_VCAP_6H_X4_B4_DUO52HI53LO:K20|CPC006_VCAP_6H_X5_B4_DUO52HI53LO:K20
79905,CPC006_VCAP_6H:BRD-A62809825-001-01-7:10,BRD-A62809825,thapsigargin,trt_cp,VCAP,10.0,µM,10 µM,6,h,6 h,CPC006_VCAP_6H_X1_B4_DUO52HI53LO:A20|CPC006_VCAP_6H_X3_B4_DUO52HI53LO:A20|CPC006_VCAP_6H_X5_B4_DUO52HI53LO:A20
80030,CPC006_VCAP_6H:BRD-K32107296-001-03-7:10,BRD-K32107296,temozolomide,trt_cp,VCAP,10.0,µM,10 µM,6,h,6 h,CPC006_VCAP_6H_X1_B4_DUO52HI53LO:A06|CPC006_VCAP_6H_X3_B4_DUO52HI53LO:A06|CPC006_VCAP_6H_X4_B4_DUO52HI53LO:A06|CPC006_VCAP_6H_X5_B4_DUO52HI53LO:A06
82877,CPC007_HCC515_6H:BRD-A19500257:10,BRD-A19500257,geldanamycin,trt_cp,HCC515,10.0,µM,10 µM,6,h,6 h,CPC007_HCC515_6H_X2_F1B3_DUO52HI53LO:C01|CPC007_HCC515_6H_X3_F1B3_DUO52HI53LO:C01
85541,CPC007_VCAP_24H:BRD-A19500257:10,BRD-A19500257,geldanamycin,trt_cp,VCAP,10.0,µM,10 µM,24,h,24 h,CPC007_VCAP_24H_X1_B3_DUO52HI53LO:C01|CPC007_VCAP_24H_X1_F1B3_DUO52HI53LO:C01|CPC007_VCAP_24H_X2_B3_DUO52HI53LO:C01|CPC007_VCAP_24H_X3_B3_DUO52HI53LO:C01|CPC007_VCAP_24H_X4_F1B5_DUO52HI53LO:C01|CPC007_VCAP_24H_X5_F1B5_DUO52HI53LO:C01
85918,CPC007_VCAP_6H:BRD-A19500257:10,BRD-A19500257,geldanamycin,trt_cp,VCAP,10.0,µM,10 µM,6,h,6 h,CPC007_VCAP_6H_X2_F1B4_DUO52HI53LO:C01|CPC007_VCAP_6H_X3_F1B4_DUO52HI53LO:C01|CPC007_VCAP_6H_X4.A2_F1B5_DUO52HI53LO:C01|CPC007_VCAP_6H_X4_F1B5_DUO52HI53LO:C01|CPC007_VCAP_6H_X5.A2_F1B5_DUO52HI53LO:C01|CPC007_VCAP_6H_X5_B5_DUO52HI53LO:C01
87428,CPC008_HCC515_6H:BRD-A19500257:10,BRD-A19500257,geldanamycin,trt_cp,HCC515,10.0,µM,10 µM,6,h,6 h,CPC008_HCC515_6H_X1_B4_DUO52HI53LO:A03|CPC008_HCC515_6H_X2_B4_DUO52HI53LO:A03|CPC008_HCC515_6H_X3_F1B3_DUO52HI53LO:A03
87599,CPC008_HCC515_6H:BRD-K44432556-001-03-0:10,BRD-K44432556,VU-0418946-1,trt_cp,HCC515,10.0,µM,10 µM,6,h,6 h,CPC008_HCC515_6H_X1_B4_DUO52HI53LO:L11|CPC008_HCC515_6H_X2_B4_DUO52HI53LO:L11|CPC008_HCC515_6H_X3_F1B3_DUO52HI53LO:L11
87808,CPC008_HEPG2_6H:BRD-A19500257:10,BRD-A19500257,geldanamycin,trt_cp,HEPG2,10.0,µM,10 µM,6,h,6 h,CPC008_HEPG2_6H_X1_F1B3_DUO52HI53LO:A03|CPC008_HEPG2_6H_X2_B4_DUO52HI53LO:A03|CPC008_HEPG2_6H_X3_B4_DUO52HI53LO:A03
87979,CPC008_HEPG2_6H:BRD-K44432556-001-03-0:10,BRD-K44432556,VU-0418946-1,trt_cp,HEPG2,10.0,µM,10 µM,6,h,6 h,CPC008_HEPG2_6H_X1_F1B3_DUO52HI53LO:L11|CPC008_HEPG2_6H_X2_B4_DUO52HI53LO:L11|CPC008_HEPG2_6H_X3_B4_DUO52HI53LO:L11
90090,CPC008_VCAP_24H:BRD-A19500257:10,BRD-A19500257,geldanamycin,trt_cp,VCAP,10.0,µM,10 µM,24,h,24 h,CPC008_VCAP_24H_X1_F1B5_DUO52HI53LO:A03|CPC008_VCAP_24H_X2_B5_DUO52HI53LO:A03|CPC008_VCAP_24H_X3_F1B5_DUO52HI53LO:A03|CPC008_VCAP_24H_X4_F1B5_DUO52HI53LO:A03|CPC008_VCAP_24H_X5_F1B5_DUO52HI53LO:A03
90260,CPC008_VCAP_24H:BRD-K44432556-001-03-0:10,BRD-K44432556,VU-0418946-1,trt_cp,VCAP,10.0,µM,10 µM,24,h,24 h,CPC008_VCAP_24H_X1_F1B5_DUO52HI53LO:L11|CPC008_VCAP_24H_X3_F1B5_DUO52HI53LO:L11|CPC008_VCAP_24H_X4_F1B5_DUO52HI53LO:L11|CPC008_VCAP_24H_X5_F1B5_DUO52HI53LO:L11
90468,CPC008_VCAP_6H:BRD-A19500257:10,BRD-A19500257,geldanamycin,trt_cp,VCAP,10.0,µM,10 µM,6,h,6 h,CPC008_VCAP_6H_X1_B5_DUO52HI53LO:A03|CPC008_VCAP_6H_X2_F1B3_DUO52HI53LO:A03|CPC008_VCAP_6H_X3_F1B3_DUO52HI53LO:A03|CPC008_VCAP_6H_X4_B5_DUO52HI53LO:A03|CPC008_VCAP_6H_X5_B5_DUO52HI53LO:A03
90638,CPC008_VCAP_6H:BRD-K44432556-001-03-0:10,BRD-K44432556,VU-0418946-1,trt_cp,VCAP,10.0,µM,10 µM,6,h,6 h,CPC008_VCAP_6H_X1_B5_DUO52HI53LO:L11|CPC008_VCAP_6H_X2_F1B3_DUO52HI53LO:L11|CPC008_VCAP_6H_X3_F1B3_DUO52HI53LO:L11|CPC008_VCAP_6H_X4_B5_DUO52HI53LO:L11|CPC008_VCAP_6H_X5_B5_DUO52HI53LO:L11
92357,CPC009_HCC515_6H:BRD-A19500257:10,BRD-A19500257,geldanamycin,trt_cp,HCC515,10.0,µM,10 µM,6,h,6 h,CPC009_HCC515_6H_X1_F1B3_DUO52HI53LO:A03|CPC009_HCC515_6H_X2_B4_DUO52HI53LO:A03|CPC009_HCC515_6H_X3_B4_DUO52HI53LO:A03
92737,CPC009_HEPG2_6H:BRD-A19500257:10,BRD-A19500257,geldanamycin,trt_cp,HEPG2,10.0,µM,10 µM,6,h,6 h,CPC009_HEPG2_6H_X1_B4_DUO52HI53LO:A03|CPC009_HEPG2_6H_X2_F1B3_DUO52HI53LO:A03|CPC009_HEPG2_6H_X3_F1B3_DUO52HI53LO:A03
95016,CPC009_VCAP_24H:BRD-A19500257:10,BRD-A19500257,geldanamycin,trt_cp,VCAP,10.0,µM,10 µM,24,h,24 h,CPC009_VCAP_24H_X1_B5_DUO52HI53LO:A03|CPC009_VCAP_24H_X2_F1B5_DUO52HI53LO:A03|CPC009_VCAP_24H_X4_F1B5_DUO52HI53LO:A03|CPC009_VCAP_24H_X5_F1B5_DUO52HI53LO:A03
95392,CPC009_VCAP_6H:BRD-A19500257:10,BRD-A19500257,geldanamycin,trt_cp,VCAP,10.0,µM,10 µM,6,h,6 h,CPC009_VCAP_6H_X1_F1B5_DUO52HI53LO:A03|CPC009_VCAP_6H_X2_F1B3_DUO52HI53LO:A03|CPC009_VCAP_6H_X4_B5_DUO52HI53LO:A03|CPC009_VCAP_6H_X5_B5_DUO52HI53LO:A03
97289,CPC010_HCC515_6H:BRD-A19500257:10,BRD-A19500257,geldanamycin,trt_cp,HCC515,10.0,µM,10 µM,6,h,6 h,CPC010_HCC515_6H_X1_B4_DUO52HI53LO:C01|CPC010_HCC515_6H_X2_B4_DUO52HI53LO:C01|CPC010_HCC515_6H_X3_B4_DUO52HI53LO:C01
97670,CPC010_HEPG2_6H:BRD-A19500257:10,BRD-A19500257,geldanamycin,trt_cp,HEPG2,10.0,µM,10 µM,6,h,6 h,CPC010_HEPG2_6H_X1_B4_DUO52HI53LO:C01|CPC010_HEPG2_6H_X2_B4_DUO52HI53LO:C01|CPC010_HEPG2_6H_X3_B4_DUO52HI53LO:C01
99950,CPC010_VCAP_24H:BRD-A19500257:10,BRD-A19500257,geldanamycin,trt_cp,VCAP,10.0,µM,10 µM,24,h,24 h,CPC010_VCAP_24H_X1_B5_DUO52HI53LO:C01|CPC010_VCAP_24H_X3_F1B5_DUO52HI53LO:C01|CPC010_VCAP_24H_X4_F1B5_DUO52HI53LO:C01|CPC010_VCAP_24H_X5_F2B4_DUO52HI53LO:C01
100325,CPC010_VCAP_6H:BRD-A19500257:10,BRD-A19500257,geldanamycin,trt_cp,VCAP,10.0,µM,10 µM,6,h,6 h,CPC010_VCAP_6H_X1_F1B4_DUO52HI53LO:C01|CPC010_VCAP_6H_X2_F1B4_DUO52HI53LO:C01|CPC010_VCAP_6H_X3_F1B4_DUO52HI53LO:C01|CPC010_VCAP_6H_X4_F2B4_DUO52HI53LO:C01|CPC010_VCAP_6H_X5_B5_DUO52HI53LO:C01
104117,CPC011_VCAP_24H:BRD-A19500257:10,BRD-A19500257,geldanamycin,trt_cp,VCAP,10.0,µM,10 µM,24,h,24 h,CPC011_VCAP_24H_X1_B5_DUO52HI53LO:C01|CPC011_VCAP_24H_X2_F1B5_DUO52HI53LO:C01|CPC011_VCAP_24H_X3_B5_DUO52HI53LO:C01|CPC011_VCAP_24H_X4_B5_DUO52HI53LO:C01
104265,CPC011_VCAP_24H:BRD-K32107296-001-10-2:10,BRD-K32107296,temozolomide,trt_cp,VCAP,10.0,µM,10 µM,24,h,24 h,CPC011_VCAP_24H_X1_B5_DUO52HI53LO:O12|CPC011_VCAP_24H_X2_F1B5_DUO52HI53LO:O12|CPC011_VCAP_24H_X3_B5_DUO52HI53LO:O12|CPC011_VCAP_24H_X4_B5_DUO52HI53LO:O12|CPC011_VCAP_24H_X5_B5_DUO52HI53LO:O12
104493,CPC011_VCAP_6H:BRD-A19500257:10,BRD-A19500257,geldanamycin,trt_cp,VCAP,10.0,µM,10 µM,6,h,6 h,CPC011_VCAP_6H_X1_B5_DUO52HI53LO:C01|CPC011_VCAP_6H_X2_F2B4_DUO52HI53LO:C01|CPC011_VCAP_6H_X3_B5_DUO52HI53LO:C01|CPC011_VCAP_6H_X4_F1B5_DUO52HI53LO:C01|CPC011_VCAP_6H_X5_F1B5_DUO52HI53LO:C01
104641,CPC011_VCAP_6H:BRD-K32107296-001-10-2:10,BRD-K32107296,temozolomide,trt_cp,VCAP,10.0,µM,10 µM,6,h,6 h,CPC011_VCAP_6H_X1_B5_DUO52HI53LO:O12|CPC011_VCAP_6H_X2_F2B4_DUO52HI53LO:O12|CPC011_VCAP_6H_X3_B5_DUO52HI53LO:O12|CPC011_VCAP_6H_X4_F1B5_DUO52HI53LO:O12|CPC011_VCAP_6H_X5_F1B5_DUO52HI53LO:O12
106769,CPC012_HCC515_6H:BRD-A19500257:10,BRD-A19500257,geldanamycin,trt_cp,HCC515,10.0,µM,10 µM,6,h,6 h,CPC012_HCC515_6H_X1_B4_DUO52HI53LO:A03|CPC012_HCC515_6H_X2_F1B3_DUO52HI53LO:A03|CPC012_HCC515_6H_X3_B4_DUO52HI53LO:A03
106949,CPC012_HCC515_6H:BRD-K44432556-001-01-4:10,BRD-K44432556,VU-0418946-1,trt_cp,HCC515,10.0,µM,10 µM,6,h,6 h,CPC012_HCC515_6H_X1_B4_DUO52HI53LO:F19|CPC012_HCC515_6H_X2_F1B3_DUO52HI53LO:F19|CPC012_HCC515_6H_X3_B4_DUO52HI53LO:F19
110561,CPC012_VCAP_24H:BRD-A19500257:10,BRD-A19500257,geldanamycin,trt_cp,VCAP,10.0,µM,10 µM,24,h,24 h,CPC012_VCAP_24H_X1_F1B5_DUO52HI53LO:A03|CPC012_VCAP_24H_X2_B5_DUO52HI53LO:A03|CPC012_VCAP_24H_X3_F1B5_DUO52HI53LO:A03|CPC012_VCAP_24H_X4_B5_DUO52HI53LO:A03|CPC012_VCAP_24H_X5_B5_DUO52HI53LO:A03
110740,CPC012_VCAP_24H:BRD-K44432556-001-01-4:10,BRD-K44432556,VU-0418946-1,trt_cp,VCAP,10.0,µM,10 µM,24,h,24 h,CPC012_VCAP_24H_X1_F1B5_DUO52HI53LO:F19|CPC012_VCAP_24H_X2_B5_DUO52HI53LO:F19|CPC012_VCAP_24H_X3_F1B5_DUO52HI53LO:F19|CPC012_VCAP_24H_X4_B5_DUO52HI53LO:F19
110940,CPC012_VCAP_6H:BRD-A19500257:10,BRD-A19500257,geldanamycin,trt_cp,VCAP,10.0,µM,10 µM,6,h,6 h,CPC012_VCAP_6H_X1_F1B4_DUO52HI53LO:A03|CPC012_VCAP_6H_X2_F2B3_DUO52HI53LO:A03|CPC012_VCAP_6H_X3_F1B4_DUO52HI53LO:A03|CPC012_VCAP_6H_X4_B5_DUO52HI53LO:A03|CPC012_VCAP_6H_X5_B5_DUO52HI53LO:A03
111120,CPC012_VCAP_6H:BRD-K44432556-001-01-4:10,BRD-K44432556,VU-0418946-1,trt_cp,VCAP,10.0,µM,10 µM,6,h,6 h,CPC012_VCAP_6H_X1_F1B4_DUO52HI53LO:F19|CPC012_VCAP_6H_X2_F2B3_DUO52HI53LO:F19|CPC012_VCAP_6H_X3_F1B4_DUO52HI53LO:F19|CPC012_VCAP_6H_X4_B5_DUO52HI53LO:F19|CPC012_VCAP_6H_X5_B5_DUO52HI53LO:F19
113213,CPC013_HCC515_6H:BRD-A19500257:10,BRD-A19500257,geldanamycin,trt_cp,HCC515,10.0,µM,10 µM,6,h,6 h,CPC013_HCC515_6H_X1_F1B3_DUO52HI53LO:A03|CPC013_HCC515_6H_X2_F1B3_DUO52HI53LO:A03|CPC013_HCC515_6H_X3_F2B3_DUO52HI53LO:A03
113593,CPC013_HEPG2_6H:BRD-A19500257:10,BRD-A19500257,geldanamycin,trt_cp,HEPG2,10.0,µM,10 µM,6,h,6 h,CPC013_HEPG2_6H_X1_B4_DUO52HI53LO:A03|CPC013_HEPG2_6H_X2_B4_DUO52HI53LO:A03|CPC013_HEPG2_6H_X3_F1B3_DUO52HI53LO:A03
116998,CPC013_VCAP_24H:BRD-A19500257:10,BRD-A19500257,geldanamycin,trt_cp,VCAP,10.0,µM,10 µM,24,h,24 h,CPC013_VCAP_24H_X1_F1B5_DUO52HI53LO:A03|CPC013_VCAP_24H_X2_F1B5_DUO52HI53LO:A03|CPC013_VCAP_24H_X3_B5_DUO52HI53LO:A03|CPC013_VCAP_24H_X5_B5_DUO52HI53LO:A03
117371,CPC013_VCAP_6H:BRD-A19500257:10,BRD-A19500257,geldanamycin,trt_cp,VCAP,10.0,µM,10 µM,6,h,6 h,CPC013_VCAP_6H_X1_F1B4_DUO52HI53LO:A03|CPC013_VCAP_6H_X2_F1B3_DUO52HI53LO:A03|CPC013_VCAP_6H_X3_F1B3_DUO52HI53LO:A03|CPC013_VCAP_6H_X4_B5_DUO52HI53LO:A03|CPC013_VCAP_6H_X5_B5_DUO52HI53LO:A03
119586,CPC014_HCC515_6H:BRD-A19500257:10,BRD-A19500257,geldanamycin,trt_cp,HCC515,10.0,µM,10 µM,6,h,6 h,CPC014_HCC515_6H_X1_F1B3_DUO52HI53LO:A03|CPC014_HCC515_6H_X2_F1B3_DUO52HI53LO:A03|CPC014_HCC515_6H_X3_F1B3_DUO52HI53LO:A03
119716,CPC014_HCC515_6H:BRD-K33551950-001-01-6:10,BRD-K33551950,radicicol,trt_cp,HCC515,10.0,µM,10 µM,6,h,6 h,CPC014_HCC515_6H_X1_F1B3_DUO52HI53LO:P12|CPC014_HCC515_6H_X2_F1B3_DUO52HI53LO:P12|CPC014_HCC515_6H_X3_F1B3_DUO52HI53LO:P12
119955,CPC014_HEPG2_6H:BRD-A19500257:10,BRD-A19500257,geldanamycin,trt_cp,HEPG2,10.0,µM,10 µM,6,h,6 h,CPC014_HEPG2_6H_X1_F1B3_DUO52HI53LO:A03|CPC014_HEPG2_6H_X2_F1B3_DUO52HI53LO:A03|CPC014_HEPG2_6H_X3_F1B3_DUO52HI53LO:A03
120085,CPC014_HEPG2_6H:BRD-K33551950-001-01-6:10,BRD-K33551950,radicicol,trt_cp,HEPG2,10.0,µM,10 µM,6,h,6 h,CPC014_HEPG2_6H_X1_F1B3_DUO52HI53LO:P12|CPC014_HEPG2_6H_X3_F1B3_DUO52HI53LO:P12
123614,CPC014_VCAP_24H:BRD-A19500257:10,BRD-A19500257,geldanamycin,trt_cp,VCAP,10.0,µM,10 µM,24,h,24 h,CPC014_VCAP_24H_X1_F1B5_DUO52HI53LO:A03|CPC014_VCAP_24H_X2_F1B5_DUO52HI53LO:A03|CPC014_VCAP_24H_X4_B5_DUO52HI53LO:A03|CPC014_VCAP_24H_X5_F1B5_DUO52HI53LO:A03
123735,CPC014_VCAP_24H:BRD-K33551950-001-01-6:10,BRD-K33551950,radicicol,trt_cp,VCAP,10.0,µM,10 µM,24,h,24 h,CPC014_VCAP_24H_X3_B5_DUO52HI53LO:P12
123962,CPC014_VCAP_6H:BRD-A19500257:10,BRD-A19500257,geldanamycin,trt_cp,VCAP,10.0,µM,10 µM,6,h,6 h,CPC014_VCAP_6H_X1_F1B3_DUO52HI53LO:A03|CPC014_VCAP_6H_X2_F1B3_DUO52HI53LO:A03|CPC014_VCAP_6H_X3_F1B3_DUO52HI53LO:A03|CPC014_VCAP_6H_X4_B5_DUO52HI53LO:A03|CPC014_VCAP_6H_X5_B5_DUO52HI53LO:A03
124092,CPC014_VCAP_6H:BRD-K33551950-001-01-6:10,BRD-K33551950,radicicol,trt_cp,VCAP,10.0,µM,10 µM,6,h,6 h,CPC014_VCAP_6H_X1_F1B3_DUO52HI53LO:P12|CPC014_VCAP_6H_X2_F1B3_DUO52HI53LO:P12|CPC014_VCAP_6H_X3_F1B3_DUO52HI53LO:P12|CPC014_VCAP_6H_X4_B5_DUO52HI53LO:P12|CPC014_VCAP_6H_X5_B5_DUO52HI53LO:P12
125861,CPC015_HEPG2_6H:BRD-A19500257:10,BRD-A19500257,geldanamycin,trt_cp,HEPG2,10.0,µM,10 µM,6,h,6 h,CPC015_HEPG2_6H_X2.L2_F2B5_DUO52HI53LO:A03|CPC015_HEPG2_6H_X3.L2_F1B5_DUO52HI53LO:A03
125916,CPC015_HEPG2_6H:BRD-A48237631-001-03-0:10,BRD-A48237631,mitomycin-c,trt_cp,HEPG2,10.0,µM,10 µM,6,h,6 h,CPC015_HEPG2_6H_X2.L2_F2B5_DUO52HI53LO:E24|CPC015_HEPG2_6H_X3.L2_F1B5_DUO52HI53LO:E24
129981,CPC016_HEPG2_6H:BRD-A17065207-001-06-9:10,BRD-A17065207,brefeldin-a,trt_cp,HEPG2,10.0,µM,10 µM,6,h,6 h,CPC016_HEPG2_6H_X1_F1B4_DUO52HI53LO:F18|CPC016_HEPG2_6H_X3_F1B4_DUO52HI53LO:F18|CPC016_HEPG2_6H_X4_F1B4_DUO52HI53LO:F18
129986,CPC016_HEPG2_6H:BRD-A19500257:10,BRD-A19500257,geldanamycin,trt_cp,HEPG2,10.0,µM,10 µM,6,h,6 h,CPC016_HEPG2_6H_X1_F1B4_DUO52HI53LO:A03|CPC016_HEPG2_6H_X3_F1B4_DUO52HI53LO:A03|CPC016_HEPG2_6H_X4_F1B4_DUO52HI53LO:A03
130165,CPC016_HEPG2_6H:BRD-K55468218-001-16-2:10,BRD-K55468218,spiperone,trt_cp,HEPG2,10.0,µM,10 µM,6,h,6 h,CPC016_HEPG2_6H_X1_F1B4_DUO52HI53LO:L02|CPC016_HEPG2_6H_X3_F1B4_DUO52HI53LO:L02|CPC016_HEPG2_6H_X4_F1B4_DUO52HI53LO:L02
134168,CPC017_HEPG2_6H:BRD-A19500257:10,BRD-A19500257,geldanamycin,trt_cp,HEPG2,10.0,µM,10 µM,6,h,6 h,CPC017_HEPG2_6H_X1_F1B4_DUO52HI53LO:A03|CPC017_HEPG2_6H_X3_F1B4_DUO52HI53LO:A03|CPC017_HEPG2_6H_X4_F1B4_DUO52HI53LO:A03
134406,CPC017_HEPG2_6H:BRD-K60476892-001-02-1:10,BRD-K60476892,YC-1,trt_cp,HEPG2,10.0,µM,10 µM,6,h,6 h,CPC017_HEPG2_6H_X1_F1B4_DUO52HI53LO:E13|CPC017_HEPG2_6H_X3_F1B4_DUO52HI53LO:E13|CPC017_HEPG2_6H_X4_F1B4_DUO52HI53LO:E13
138320,CPC018_HEPG2_6H:BRD-A19500257:10,BRD-A19500257,geldanamycin,trt_cp,HEPG2,10.0,µM,10 µM,6,h,6 h,CPC018_HEPG2_6H_X1_F1B3_DUO52HI53LO:A03|CPC018_HEPG2_6H_X2_F1B4_DUO52HI53LO:A03|CPC018_HEPG2_6H_X3_F1B3_DUO52HI53LO:A03
138663,CPC018_HEPG2_6H:BRD-K97399794-001-10-4:10,BRD-K97399794,quercetin,trt_cp,HEPG2,10.0,µM,10 µM,6,h,6 h,CPC018_HEPG2_6H_X1_F1B3_DUO52HI53LO:G14|CPC018_HEPG2_6H_X2_F1B4_DUO52HI53LO:G14|CPC018_HEPG2_6H_X3_F1B3_DUO52HI53LO:G14
142475,CPC019_HCC515_6H:BRD-A19500257:10,BRD-A19500257,geldanamycin,trt_cp,HCC515,10.0,µM,10 µM,6,h,6 h,CPC019_HCC515_6H_X1_F1B3_DUO52HI53LO:A03|CPC019_HCC515_6H_X2_F1B3_DUO52HI53LO:A03|CPC019_HCC515_6H_X3_F1B3_DUO52HI53LO:A03
142855,CPC019_HEPG2_6H:BRD-A19500257:10,BRD-A19500257,geldanamycin,trt_cp,HEPG2,10.0,µM,10 µM,6,h,6 h,CPC019_HEPG2_6H_X1_F1B3_DUO52HI53LO:A03|CPC019_HEPG2_6H_X2_F1B4_DUO52HI53LO:A03|CPC019_HEPG2_6H_X3_F1B3_DUO52HI53LO:A03
145136,CPC019_VCAP_24H:BRD-A19500257:10,BRD-A19500257,geldanamycin,trt_cp,VCAP,10.0,µM,10 µM,24,h,24 h,CPC019_VCAP_24H_X1_B5_DUO52HI53LO:A03|CPC019_VCAP_24H_X2_F2B4_DUO52HI53LO:A03|CPC019_VCAP_24H_X3_B5_DUO52HI53LO:A03|CPC019_VCAP_24H_X4_F1B5_DUO52HI53LO:A03|CPC019_VCAP_24H_X5_F1B5_DUO52HI53LO:A03
145515,CPC019_VCAP_6H:BRD-A19500257:10,BRD-A19500257,geldanamycin,trt_cp,VCAP,10.0,µM,10 µM,6,h,6 h,CPC019_VCAP_6H_X1_F1B3_DUO52HI53LO:A03|CPC019_VCAP_6H_X2_B4_DUO52HI53LO:A03|CPC019_VCAP_6H_X3_F1B3_DUO52HI53LO:A03|CPC019_VCAP_6H_X4_B5_DUO52HI53LO:A03|CPC019_VCAP_6H_X5_B5_DUO52HI53LO:A03
146945,CPC020_HCC515_6H:BRD-A19500257:10,BRD-A19500257,geldanamycin,trt_cp,HCC515,10.0,µM,10 µM,6,h,6 h,CPC020_HCC515_6H_X2_F1B3_DUO52HI53LO:A03|CPC020_HCC515_6H_X3_B4_DUO52HI53LO:A03
147120,CPC020_HCC515_6H:BRD-K51418664-001-02-0:10,BRD-K51418664,mitomycin-c,trt_cp,HCC515,10.0,µM,10 µM,6,h,6 h,CPC020_HCC515_6H_X2_F1B3_DUO52HI53LO:A22|CPC020_HCC515_6H_X3_B4_DUO52HI53LO:A22
149024,CPC020_VCAP_24H:BRD-A19500257:10,BRD-A19500257,geldanamycin,trt_cp,VCAP,10.0,µM,10 µM,24,h,24 h,CPC020_VCAP_24H_X1_F1B5_DUO52HI53LO:A03|CPC020_VCAP_24H_X2_F1B5_DUO52HI53LO:A03|CPC020_VCAP_24H_X3_F1B5_DUO52HI53LO:A03|CPC020_VCAP_24H_X4_B5_DUO52HI53LO:A03|CPC020_VCAP_24H_X5_B5_DUO52HI53LO:A03
149197,CPC020_VCAP_24H:BRD-K51418664-001-02-0:10,BRD-K51418664,mitomycin-c,trt_cp,VCAP,10.0,µM,10 µM,24,h,24 h,CPC020_VCAP_24H_X1_F1B5_DUO52HI53LO:A22|CPC020_VCAP_24H_X2_F1B5_DUO52HI53LO:A22|CPC020_VCAP_24H_X3_F1B5_DUO52HI53LO:A22|CPC020_VCAP_24H_X4_B5_DUO52HI53LO:A22|CPC020_VCAP_24H_X5_B5_DUO52HI53LO:A22
149369,CPC020_VCAP_6H:BRD-A19500257:10,BRD-A19500257,geldanamycin,trt_cp,VCAP,10.0,µM,10 µM,6,h,6 h,CPC020_VCAP_6H_X1_F1B3_DUO52HI53LO:A03|CPC020_VCAP_6H_X2_B4_DUO52HI53LO:A03|CPC020_VCAP_6H_X3_B4_DUO52HI53LO:A03|CPC020_VCAP_6H_X4_B5_DUO52HI53LO:A03|CPC020_VCAP_6H_X5_B5_DUO52HI53LO:A03
149544,CPC020_VCAP_6H:BRD-K51418664-001-02-0:10,BRD-K51418664,mitomycin-c,trt_cp,VCAP,10.0,µM,10 µM,6,h,6 h,CPC020_VCAP_6H_X1_F1B3_DUO52HI53LO:A22|CPC020_VCAP_6H_X2_B4_DUO52HI53LO:A22|CPC020_VCAP_6H_X3_B4_DUO52HI53LO:A22|CPC020_VCAP_6H_X4_B5_DUO52HI53LO:A22|CPC020_VCAP_6H_X5_B5_DUO52HI53LO:A22
178572,CVD001_HEPG2_24H:BRD-A19500257:10,BRD-A19500257,geldanamycin,trt_cp,HEPG2,10.0,µM,10 µM,24,h,24 h,CVD001_HEPG2_24H_X1_F1B3_DUO52HI53LO:A03|CVD001_HEPG2_24H_X2_F1B3_DUO52HI53LO:A03|CVD001_HEPG2_24H_X3_F1B3_DUO52HI53LO:A03
178728,CVD001_HEPG2_24H:BRD-K55468218-001-16-2:10,BRD-K55468218,spiperone,trt_cp,HEPG2,10.0,µM,10 µM,24,h,24 h,CVD001_HEPG2_24H_X1_F1B3_DUO52HI53LO:G15|CVD001_HEPG2_24H_X2_F1B3_DUO52HI53LO:G15|CVD001_HEPG2_24H_X3_F1B3_DUO52HI53LO:G15
178729,CVD001_HEPG2_24H:BRD-K55468218-001-16-2:2.5,BRD-K55468218,spiperone,trt_cp,HEPG2,2.5,µM,3 µM,24,h,24 h,CVD001_HEPG2_24H_X1_F1B3_DUO52HI53LO:H15|CVD001_HEPG2_24H_X2_F1B3_DUO52HI53LO:H15|CVD001_HEPG2_24H_X3_F1B3_DUO52HI53LO:H15
178742,CVD001_HEPG2_24H:BRD-K60476892-001-02-1:16.4289,BRD-K60476892,YC-1,trt_cp,HEPG2,16.4289,µM,20 µM,24,h,24 h,CVD001_HEPG2_24H_X1_F1B3_DUO52HI53LO:G09|CVD001_HEPG2_24H_X2_F1B3_DUO52HI53LO:G09|CVD001_HEPG2_24H_X3_F1B3_DUO52HI53LO:G09
178743,CVD001_HEPG2_24H:BRD-K60476892-001-02-1:4.1072,BRD-K60476892,YC-1,trt_cp,HEPG2,4.1072,µM,5 µM,24,h,24 h,CVD001_HEPG2_24H_X1_F1B3_DUO52HI53LO:H09|CVD001_HEPG2_24H_X2_F1B3_DUO52HI53LO:H09|CVD001_HEPG2_24H_X3_F1B3_DUO52HI53LO:H09
178900,CVD001_HEPG2_6H:BRD-A19500257:10,BRD-A19500257,geldanamycin,trt_cp,HEPG2,10.0,µM,10 µM,6,h,6 h,CVD001_HEPG2_6H_X1_F1B3_DUO52HI53LO:A03|CVD001_HEPG2_6H_X2_F1B3_DUO52HI53LO:A03|CVD001_HEPG2_6H_X3_F1B3_DUO52HI53LO:A03
179058,CVD001_HEPG2_6H:BRD-K55468218-001-16-2:10,BRD-K55468218,spiperone,trt_cp,HEPG2,10.0,µM,10 µM,6,h,6 h,CVD001_HEPG2_6H_X1_F1B3_DUO52HI53LO:G15|CVD001_HEPG2_6H_X2_F1B3_DUO52HI53LO:G15|CVD001_HEPG2_6H_X3_F1B3_DUO52HI53LO:G15
179059,CVD001_HEPG2_6H:BRD-K55468218-001-16-2:2.5,BRD-K55468218,spiperone,trt_cp,HEPG2,2.5,µM,3 µM,6,h,6 h,CVD001_HEPG2_6H_X1_F1B3_DUO52HI53LO:H15|CVD001_HEPG2_6H_X2_F1B3_DUO52HI53LO:H15|CVD001_HEPG2_6H_X3_F1B3_DUO52HI53LO:H15
179072,CVD001_HEPG2_6H:BRD-K60476892-001-02-1:16.4289,BRD-K60476892,YC-1,trt_cp,HEPG2,16.4289,µM,20 µM,6,h,6 h,CVD001_HEPG2_6H_X1_F1B3_DUO52HI53LO:G09|CVD001_HEPG2_6H_X2_F1B3_DUO52HI53LO:G09|CVD001_HEPG2_6H_X3_F1B3_DUO52HI53LO:G09
179073,CVD001_HEPG2_6H:BRD-K60476892-001-02-1:4.1072,BRD-K60476892,YC-1,trt_cp,HEPG2,4.1072,µM,5 µM,6,h,6 h,CVD001_HEPG2_6H_X1_F1B3_DUO52HI53LO:H09|CVD001_HEPG2_6H_X2_F1B3_DUO52HI53LO:H09|CVD001_HEPG2_6H_X3_F1B3_DUO52HI53LO:H09
190060,DOS001_VCAP_6H:BRD-A19500257:10,BRD-A19500257,geldanamycin,trt_cp,VCAP,10.0,µM,10 µM,6,h,6 h,DOS001_VCAP_6H_X1_B3_DUO52HI53LO:M09|DOS001_VCAP_6H_X2_B3_DUO52HI53LO:M09|DOS001_VCAP_6H_X3_B3_DUO52HI53LO:M09
190761,DOS002_VCAP_6H:BRD-A19500257:10,BRD-A19500257,geldanamycin,trt_cp,VCAP,10.0,µM,10 µM,6,h,6 h,DOS002_VCAP_6H_X2_B3_DUO52HI53LO:M09|DOS002_VCAP_6H_X3_B3_DUO52HI53LO:M09
191455,DOS003_VCAP_6H:BRD-A19500257:10,BRD-A19500257,geldanamycin,trt_cp,VCAP,10.0,µM,10 µM,6,h,6 h,DOS003_VCAP_6H_X1_B3_DUO52HI53LO:M09|DOS003_VCAP_6H_X3_B3_DUO52HI53LO:M09
192158,DOS004_VCAP_6H:BRD-A19500257:10,BRD-A19500257,geldanamycin,trt_cp,VCAP,10.0,µM,10 µM,6,h,6 h,DOS004_VCAP_6H_X1_B3_DUO52HI53LO:M09|DOS004_VCAP_6H_X2_B3_DUO52HI53LO:M09|DOS004_VCAP_6H_X3_B3_DUO52HI53LO:M09
192861,DOS005_VCAP_6H:BRD-A19500257:10,BRD-A19500257,geldanamycin,trt_cp,VCAP,10.0,µM,10 µM,6,h,6 h,DOS005_VCAP_6H_X3_B3_DUO52HI53LO:M09
193561,DOS006_VCAP_6H:BRD-A19500257:10,BRD-A19500257,geldanamycin,trt_cp,VCAP,10.0,µM,10 µM,6,h,6 h,DOS006_VCAP_6H_X1_B3_DUO52HI53LO:M09|DOS006_VCAP_6H_X2_B3_DUO52HI53LO:M09|DOS006_VCAP_6H_X3_B3_DUO52HI53LO:M09
194613,DOS008_VCAP_6H:BRD-A19500257:10,BRD-A19500257,geldanamycin,trt_cp,VCAP,10.0,µM,10 µM,6,h,6 h,DOS008_VCAP_6H_X1_F1B6_DUO52HI53LO:M09|DOS008_VCAP_6H_X4_F1B6_DUO52HI53LO:M09|DOS008_VCAP_6H_X5_F1B6_DUO52HI53LO:M09
195319,DOS009_VCAP_6H:BRD-A19500257:10,BRD-A19500257,geldanamycin,trt_cp,VCAP,10.0,µM,10 µM,6,h,6 h,DOS009_VCAP_6H_X1_B3_DUO52HI53LO:M09|DOS009_VCAP_6H_X3_B3_DUO52HI53LO:M09
196027,DOS010_VCAP_6H:BRD-A19500257:10,BRD-A19500257,geldanamycin,trt_cp,VCAP,10.0,µM,10 µM,6,h,6 h,DOS010_VCAP_6H_X1_B3_DUO52HI53LO:M09|DOS010_VCAP_6H_X2_B3_DUO52HI53LO:M09|DOS010_VCAP_6H_X3_B3_DUO52HI53LO:M09
196375,DOS011_VCAP_24H:BRD-A19500257:10,BRD-A19500257,geldanamycin,trt_cp,VCAP,10.0,µM,10 µM,24,h,24 h,DOS011_VCAP_24H_X1_B2_DUO53HI52LO:M09|DOS011_VCAP_24H_X2_B3_DUO52HI53LO:M09|DOS011_VCAP_24H_X3_B3_DUO52HI53LO:M09
196729,DOS011_VCAP_6H:BRD-A19500257:10,BRD-A19500257,geldanamycin,trt_cp,VCAP,10.0,µM,10 µM,6,h,6 h,DOS011_VCAP_6H_X2_F1B6_DUO52HI53LO:M09|DOS011_VCAP_6H_X3_F1B6_DUO52HI53LO:M09
197079,DOS012_VCAP_24H:BRD-A19500257:10,BRD-A19500257,geldanamycin,trt_cp,VCAP,10.0,µM,10 µM,24,h,24 h,DOS012_VCAP_24H_X1_B2_DUO53HI52LO:M09|DOS012_VCAP_24H_X2_B3_DUO52HI53LO:M09|DOS012_VCAP_24H_X3_B3_DUO52HI53LO:M09
197432,DOS012_VCAP_6H:BRD-A19500257:10,BRD-A19500257,geldanamycin,trt_cp,VCAP,10.0,µM,10 µM,6,h,6 h,DOS012_VCAP_6H_X1_F1B6_DUO52HI53LO:M09|DOS012_VCAP_6H_X2_F1B6_DUO52HI53LO:M09|DOS012_VCAP_6H_X5_F1B6_DUO52HI53LO:M09
197786,DOS013_VCAP_24H:BRD-A19500257:10,BRD-A19500257,geldanamycin,trt_cp,VCAP,10.0,µM,10 µM,24,h,24 h,DOS013_VCAP_24H_X1_B2_DUO53HI52LO:M09|DOS013_VCAP_24H_X2_B3_DUO52HI53LO:M09|DOS013_VCAP_24H_X3_B3_DUO52HI53LO:M09
198139,DOS013_VCAP_6H:BRD-A19500257:10,BRD-A19500257,geldanamycin,trt_cp,VCAP,10.0,µM,10 µM,6,h,6 h,DOS013_VCAP_6H_X1_F1B6_DUO52HI53LO:M09|DOS013_VCAP_6H_X3_F1B6_DUO52HI53LO:M09|DOS013_VCAP_6H_X4_F1B6_DUO52HI53LO:M09
198487,DOS014_VCAP_24H:BRD-A19500257:10,BRD-A19500257,geldanamycin,trt_cp,VCAP,10.0,µM,10 µM,24,h,24 h,DOS014_VCAP_24H_X4_B3_DUO52HI53LO:M09
198839,DOS014_VCAP_6H:BRD-A19500257:10,BRD-A19500257,geldanamycin,trt_cp,VCAP,10.0,µM,10 µM,6,h,6 h,DOS014_VCAP_6H_X1_F1B6_DUO52HI53LO:M09|DOS014_VCAP_6H_X2_F1B6_DUO52HI53LO:M09|DOS014_VCAP_6H_X4_F1B6_DUO52HI53LO:M09
199189,DOS015_VCAP_24H:BRD-A19500257:10,BRD-A19500257,geldanamycin,trt_cp,VCAP,10.0,µM,10 µM,24,h,24 h,DOS015_VCAP_24H_X1_B2_DUO53HI52LO:M09|DOS015_VCAP_24H_X2_B3_DUO52HI53LO:M09
199544,DOS015_VCAP_6H:BRD-A19500257:10,BRD-A19500257,geldanamycin,trt_cp,VCAP,10.0,µM,10 µM,6,h,6 h,DOS015_VCAP_6H_X3_F1B6_DUO52HI53LO:M09|DOS015_VCAP_6H_X4_F1B6_DUO52HI53LO:M09|DOS015_VCAP_6H_X5_F1B6_DUO52HI53LO:M09
199901,DOS016_VCAP_24H:BRD-A19500257:10,BRD-A19500257,geldanamycin,trt_cp,VCAP,10.0,µM,10 µM,24,h,24 h,DOS016_VCAP_24H_X1_B2_DUO53HI52LO:M09|DOS016_VCAP_24H_X2_B3_DUO52HI53LO:M09|DOS016_VCAP_24H_X3_B3_DUO52HI53LO:M09
200253,DOS016_VCAP_6H:BRD-A19500257:10,BRD-A19500257,geldanamycin,trt_cp,VCAP,10.0,µM,10 µM,6,h,6 h,DOS016_VCAP_6H_X1_F1B6_DUO52HI53LO:M09|DOS016_VCAP_6H_X2_F1B6_DUO52HI53LO:M09|DOS016_VCAP_6H_X5_F1B6_DUO52HI53LO:M09
200600,DOS017_VCAP_24H:BRD-A19500257:10,BRD-A19500257,geldanamycin,trt_cp,VCAP,10.0,µM,10 µM,24,h,24 h,DOS017_VCAP_24H_X2_B3_DUO52HI53LO:M09|DOS017_VCAP_24H_X3_B3_DUO52HI53LO:M09
200954,DOS017_VCAP_6H:BRD-A19500257:10,BRD-A19500257,geldanamycin,trt_cp,VCAP,10.0,µM,10 µM,6,h,6 h,DOS017_VCAP_6H_X1_F1B6_DUO52HI53LO:M09|DOS017_VCAP_6H_X2_F1B6_DUO52HI53LO:M09|DOS017_VCAP_6H_X4_F1B6_DUO52HI53LO:M09
201307,DOS018_VCAP_24H:BRD-A19500257:10,BRD-A19500257,geldanamycin,trt_cp,VCAP,10.0,µM,10 µM,24,h,24 h,DOS018_VCAP_24H_X2_B3_DUO52HI53LO:M09
201660,DOS018_VCAP_6H:BRD-A19500257:10,BRD-A19500257,geldanamycin,trt_cp,VCAP,10.0,µM,10 µM,6,h,6 h,DOS018_VCAP_6H_X2_F1B6_DUO52HI53LO:M09|DOS018_VCAP_6H_X4_F1B6_DUO52HI53LO:M09|DOS018_VCAP_6H_X5_F1B6_DUO52HI53LO:M09
202010,DOS019_VCAP_24H:BRD-A19500257:10,BRD-A19500257,geldanamycin,trt_cp,VCAP,10.0,µM,10 µM,24,h,24 h,DOS019_VCAP_24H_X3_B3_DUO52HI53LO:M09
202361,DOS019_VCAP_6H:BRD-A19500257:10,BRD-A19500257,geldanamycin,trt_cp,VCAP,10.0,µM,10 µM,6,h,6 h,DOS019_VCAP_6H_X4_F1B6_DUO52HI53LO:M09|DOS019_VCAP_6H_X5_F1B6_DUO52HI53LO:M09
202711,DOS020_VCAP_24H:BRD-A19500257:10,BRD-A19500257,geldanamycin,trt_cp,VCAP,10.0,µM,10 µM,24,h,24 h,DOS020_VCAP_24H_X3_B3_DUO52HI53LO:M09
203065,DOS020_VCAP_6H:BRD-A19500257:10,BRD-A19500257,geldanamycin,trt_cp,VCAP,10.0,µM,10 µM,6,h,6 h,DOS020_VCAP_6H_X1_F1B6_DUO52HI53LO:M09|DOS020_VCAP_6H_X2_F1B6_DUO52HI53LO:M09|DOS020_VCAP_6H_X4_F1B6_DUO52HI53LO:M09
203418,DOS021_VCAP_24H:BRD-A19500257:10,BRD-A19500257,geldanamycin,trt_cp,VCAP,10.0,µM,10 µM,24,h,24 h,DOS021_VCAP_24H_X2_B3_DUO52HI53LO:M09
203768,DOS022_VCAP_24H:BRD-A19500257:10,BRD-A19500257,geldanamycin,trt_cp,VCAP,10.0,µM,10 µM,24,h,24 h,DOS022_VCAP_24H_X2_B3_DUO52HI53LO:M09
204119,DOS022_VCAP_6H:BRD-A19500257:10,BRD-A19500257,geldanamycin,trt_cp,VCAP,10.0,µM,10 µM,6,h,6 h,DOS022_VCAP_6H_X1_F1B6_DUO52HI53LO:M09|DOS022_VCAP_6H_X4_F1B6_DUO52HI53LO:M09
204822,DOS023_VCAP_6H:BRD-A19500257:10,BRD-A19500257,geldanamycin,trt_cp,VCAP,10.0,µM,10 µM,6,h,6 h,DOS023_VCAP_6H_X1_F1B6_DUO52HI53LO:M09|DOS023_VCAP_6H_X3_F1B6_DUO52HI53LO:M09|DOS023_VCAP_6H_X5_F1B6_DUO52HI53LO:M09
205520,DOS024_VCAP_6H:BRD-A19500257:10,BRD-A19500257,geldanamycin,trt_cp,VCAP,10.0,µM,10 µM,6,h,6 h,DOS024_VCAP_6H_X4_F1B6_DUO52HI53LO:M09|DOS024_VCAP_6H_X5_F1B6_DUO52HI53LO:M09
205872,DOS025_VCAP_24H:BRD-A19500257:10,BRD-A19500257,geldanamycin,trt_cp,VCAP,10.0,µM,10 µM,24,h,24 h,DOS025_VCAP_24H_X2_B3_DUO52HI53LO:M09|DOS025_VCAP_24H_X3_B3_DUO52HI53LO:M09
206227,DOS025_VCAP_6H:BRD-A19500257:10,BRD-A19500257,geldanamycin,trt_cp,VCAP,10.0,µM,10 µM,6,h,6 h,DOS025_VCAP_6H_X2_F1B6_DUO52HI53LO:M09|DOS025_VCAP_6H_X4_F1B6_DUO52HI53LO:M09|DOS025_VCAP_6H_X5_F1B6_DUO52HI53LO:M09
206935,DOS026_VCAP_6H:BRD-A19500257:10,BRD-A19500257,geldanamycin,trt_cp,VCAP,10.0,µM,10 µM,6,h,6 h,DOS026_VCAP_6H_X1_F1B6_DUO52HI53LO:M09|DOS026_VCAP_6H_X2_F1B6_DUO52HI53LO:M09|DOS026_VCAP_6H_X4_F1B6_DUO52HI53LO:M09
207287,DOS027_VCAP_24H:BRD-A19500257:10,BRD-A19500257,geldanamycin,trt_cp,VCAP,10.0,µM,10 µM,24,h,24 h,DOS027_VCAP_24H_X1_B2_DUO53HI52LO:M09|DOS027_VCAP_24H_X2_B2_DUO52HI53LO:M09|DOS027_VCAP_24H_X3_B3_DUO52HI53LO:M09
207647,DOS027_VCAP_6H:BRD-A19500257:10,BRD-A19500257,geldanamycin,trt_cp,VCAP,10.0,µM,10 µM,6,h,6 h,DOS027_VCAP_6H_X1_F1B6_DUO52HI53LO:M09|DOS027_VCAP_6H_X5_F1B6_DUO52HI53LO:M09
207995,DOS028_VCAP_24H:BRD-A19500257:10,BRD-A19500257,geldanamycin,trt_cp,VCAP,10.0,µM,10 µM,24,h,24 h,DOS028_VCAP_24H_X1_B2_DUO53HI52LO:M09|DOS028_VCAP_24H_X2_B3_DUO52HI53LO:M09|DOS028_VCAP_24H_X3_B3_DUO52HI53LO:M09
208346,DOS028_VCAP_6H:BRD-A19500257:10,BRD-A19500257,geldanamycin,trt_cp,VCAP,10.0,µM,10 µM,6,h,6 h,DOS028_VCAP_6H_X2_F1B6_DUO52HI53LO:M09|DOS028_VCAP_6H_X3_F1B6_DUO52HI53LO:M09|DOS028_VCAP_6H_X5_F1B6_DUO52HI53LO:M09
208699,DOS029_VCAP_24H:BRD-A19500257:10,BRD-A19500257,geldanamycin,trt_cp,VCAP,10.0,µM,10 µM,24,h,24 h,DOS029_VCAP_24H_X1_B2_DUO53HI52LO:M09|DOS029_VCAP_24H_X2_B3_DUO52HI53LO:M09|DOS029_VCAP_24H_X3_B3_DUO52HI53LO:M09
209049,DOS030_VCAP_24H:BRD-A19500257:10,BRD-A19500257,geldanamycin,trt_cp,VCAP,10.0,µM,10 µM,24,h,24 h,DOS030_VCAP_24H_X1_B2_DUO53HI52LO:M09|DOS030_VCAP_24H_X2_B3_DUO52HI53LO:M09|DOS030_VCAP_24H_X3_B3_DUO52HI53LO:M09
209401,DOS030_VCAP_6H:BRD-A19500257:10,BRD-A19500257,geldanamycin,trt_cp,VCAP,10.0,µM,10 µM,6,h,6 h,DOS030_VCAP_6H_X4_F1B6_DUO52HI53LO:M09
247002,ERG005_VCAP_24H:BRD-A19500257-001-01-3:1,BRD-A19500257,geldanamycin,trt_cp,VCAP,1.0,µM,1 µM,24,h,24 h,ERG005_VCAP_24H_X1_B1_UNI5253L:I10|ERG005_VCAP_24H_X1_B1_UNI5253L:L10|ERG005_VCAP_24H_X1_B1_UNI5253R:E15|ERG005_VCAP_24H_X1_B1_UNI5253R:H15
247003,ERG005_VCAP_24H:BRD-A19500257-001-01-3:20,BRD-A19500257,geldanamycin,trt_cp,VCAP,20.0,µM,20 µM,24,h,24 h,ERG005_VCAP_24H_X1_B1_UNI5253L:K10|ERG005_VCAP_24H_X1_B1_UNI5253L:N10|ERG005_VCAP_24H_X1_B1_UNI5253R:C15|ERG005_VCAP_24H_X1_B1_UNI5253R:F15
247004,ERG005_VCAP_24H:BRD-A19500257-001-01-3:5,BRD-A19500257,geldanamycin,trt_cp,VCAP,5.0,µM,5 µM,24,h,24 h,ERG005_VCAP_24H_X1_B1_UNI5253L:J10|ERG005_VCAP_24H_X1_B1_UNI5253L:M10|ERG005_VCAP_24H_X1_B1_UNI5253R:D15|ERG005_VCAP_24H_X1_B1_UNI5253R:G15
247005,ERG005_VCAP_24H:BRD-A39996500-001-01-4:1,BRD-A39996500,radicicol,trt_cp,VCAP,1.0,µM,1 µM,24,h,24 h,ERG005_VCAP_24H_X1_B1_UNI5253L:I11|ERG005_VCAP_24H_X1_B1_UNI5253L:L11|ERG005_VCAP_24H_X1_B1_UNI5253R:E14|ERG005_VCAP_24H_X1_B1_UNI5253R:H14
247006,ERG005_VCAP_24H:BRD-A39996500-001-01-4:20,BRD-A39996500,radicicol,trt_cp,VCAP,20.0,µM,20 µM,24,h,24 h,ERG005_VCAP_24H_X1_B1_UNI5253L:K11|ERG005_VCAP_24H_X1_B1_UNI5253L:N11|ERG005_VCAP_24H_X1_B1_UNI5253R:C14|ERG005_VCAP_24H_X1_B1_UNI5253R:F14
247007,ERG005_VCAP_24H:BRD-A39996500-001-01-4:5,BRD-A39996500,radicicol,trt_cp,VCAP,5.0,µM,5 µM,24,h,24 h,ERG005_VCAP_24H_X1_B1_UNI5253L:J11|ERG005_VCAP_24H_X1_B1_UNI5253L:M11|ERG005_VCAP_24H_X1_B1_UNI5253R:D14|ERG005_VCAP_24H_X1_B1_UNI5253R:G14
247084,ERG005_VCAP_48H:BRD-A19500257-001-01-3:1,BRD-A19500257,geldanamycin,trt_cp,VCAP,1.0,µM,1 µM,48,h,48 h,ERG005_VCAP_48H_X1_B1_UNI5253L:I10|ERG005_VCAP_48H_X1_B1_UNI5253L:L10|ERG005_VCAP_48H_X1_B1_UNI5253R:E15|ERG005_VCAP_48H_X1_B1_UNI5253R:H15
247085,ERG005_VCAP_48H:BRD-A19500257-001-01-3:20,BRD-A19500257,geldanamycin,trt_cp,VCAP,20.0,µM,20 µM,48,h,48 h,ERG005_VCAP_48H_X1_B1_UNI5253L:K10|ERG005_VCAP_48H_X1_B1_UNI5253L:N10|ERG005_VCAP_48H_X1_B1_UNI5253R:C15|ERG005_VCAP_48H_X1_B1_UNI5253R:F15
247086,ERG005_VCAP_48H:BRD-A19500257-001-01-3:5,BRD-A19500257,geldanamycin,trt_cp,VCAP,5.0,µM,5 µM,48,h,48 h,ERG005_VCAP_48H_X1_B1_UNI5253L:J10|ERG005_VCAP_48H_X1_B1_UNI5253L:M10|ERG005_VCAP_48H_X1_B1_UNI5253R:D15|ERG005_VCAP_48H_X1_B1_UNI5253R:G15
247087,ERG005_VCAP_48H:BRD-A39996500-001-01-4:1,BRD-A39996500,radicicol,trt_cp,VCAP,1.0,µM,1 µM,48,h,48 h,ERG005_VCAP_48H_X1_B1_UNI5253L:I11|ERG005_VCAP_48H_X1_B1_UNI5253L:L11|ERG005_VCAP_48H_X1_B1_UNI5253R:E14|ERG005_VCAP_48H_X1_B1_UNI5253R:H14
247088,ERG005_VCAP_48H:BRD-A39996500-001-01-4:20,BRD-A39996500,radicicol,trt_cp,VCAP,20.0,µM,20 µM,48,h,48 h,ERG005_VCAP_48H_X1_B1_UNI5253L:K11|ERG005_VCAP_48H_X1_B1_UNI5253L:N11|ERG005_VCAP_48H_X1_B1_UNI5253R:C14|ERG005_VCAP_48H_X1_B1_UNI5253R:F14
247089,ERG005_VCAP_48H:BRD-A39996500-001-01-4:5,BRD-A39996500,radicicol,trt_cp,VCAP,5.0,µM,5 µM,48,h,48 h,ERG005_VCAP_48H_X1_B1_UNI5253L:J11|ERG005_VCAP_48H_X1_B1_UNI5253L:M11|ERG005_VCAP_48H_X1_B1_UNI5253R:D14|ERG005_VCAP_48H_X1_B1_UNI5253R:G14
247173,ERG005_VCAP_6H:BRD-A19500257-001-01-3:1,BRD-A19500257,geldanamycin,trt_cp,VCAP,1.0,µM,1 µM,6,h,6 h,ERG005_VCAP_6H_X1_B1_UNI5253L:I10|ERG005_VCAP_6H_X1_B1_UNI5253L:L10|ERG005_VCAP_6H_X1_B1_UNI5253R:E15|ERG005_VCAP_6H_X1_B1_UNI5253R:H15
247174,ERG005_VCAP_6H:BRD-A19500257-001-01-3:20,BRD-A19500257,geldanamycin,trt_cp,VCAP,20.0,µM,20 µM,6,h,6 h,ERG005_VCAP_6H_X1_B1_UNI5253L:K10|ERG005_VCAP_6H_X1_B1_UNI5253L:N10|ERG005_VCAP_6H_X1_B1_UNI5253R:C15|ERG005_VCAP_6H_X1_B1_UNI5253R:F15
247175,ERG005_VCAP_6H:BRD-A19500257-001-01-3:5,BRD-A19500257,geldanamycin,trt_cp,VCAP,5.0,µM,5 µM,6,h,6 h,ERG005_VCAP_6H_X1_B1_UNI5253L:J10|ERG005_VCAP_6H_X1_B1_UNI5253L:M10|ERG005_VCAP_6H_X1_B1_UNI5253R:D15|ERG005_VCAP_6H_X1_B1_UNI5253R:G15
247176,ERG005_VCAP_6H:BRD-A39996500-001-01-4:1,BRD-A39996500,radicicol,trt_cp,VCAP,1.0,µM,1 µM,6,h,6 h,ERG005_VCAP_6H_X1_B1_UNI5253L:I11|ERG005_VCAP_6H_X1_B1_UNI5253L:L11|ERG005_VCAP_6H_X1_B1_UNI5253R:E14|ERG005_VCAP_6H_X1_B1_UNI5253R:H14
247177,ERG005_VCAP_6H:BRD-A39996500-001-01-4:20,BRD-A39996500,radicicol,trt_cp,VCAP,20.0,µM,20 µM,6,h,6 h,ERG005_VCAP_6H_X1_B1_UNI5253L:K11|ERG005_VCAP_6H_X1_B1_UNI5253L:N11|ERG005_VCAP_6H_X1_B1_UNI5253R:C14|ERG005_VCAP_6H_X1_B1_UNI5253R:F14
247178,ERG005_VCAP_6H:BRD-A39996500-001-01-4:5,BRD-A39996500,radicicol,trt_cp,VCAP,5.0,µM,5 µM,6,h,6 h,ERG005_VCAP_6H_X1_B1_UNI5253L:J11|ERG005_VCAP_6H_X1_B1_UNI5253L:M11|ERG005_VCAP_6H_X1_B1_UNI5253R:D14|ERG005_VCAP_6H_X1_B1_UNI5253R:G14
247357,ERG010_VCAP_24H:BRD-A19500257-001-01-3:0.08,BRD-A19500257,geldanamycin,trt_cp,VCAP,0.08,µM,100 nM,24,h,24 h,ERG010_VCAP_24H_X1_B7_DUO52HI53LO:J16|ERG010_VCAP_24H_X2_B7_DUO52HI53LO:J16|ERG010_VCAP_24H_X3_B7_DUO52HI53LO:J16
247358,ERG010_VCAP_24H:BRD-A19500257-001-01-3:0.4,BRD-A19500257,geldanamycin,trt_cp,VCAP,0.4,µM,500 nM,24,h,24 h,ERG010_VCAP_24H_X1_B7_DUO52HI53LO:J15|ERG010_VCAP_24H_X2_B7_DUO52HI53LO:J15|ERG010_VCAP_24H_X3_B7_DUO52HI53LO:J15
247359,ERG010_VCAP_24H:BRD-A19500257-001-01-3:10,BRD-A19500257,geldanamycin,trt_cp,VCAP,10.0,µM,10 µM,24,h,24 h,ERG010_VCAP_24H_X1_B7_DUO52HI53LO:I15|ERG010_VCAP_24H_X2_B7_DUO52HI53LO:I15|ERG010_VCAP_24H_X3_B7_DUO52HI53LO:I15
247360,ERG010_VCAP_24H:BRD-A19500257-001-01-3:2,BRD-A19500257,geldanamycin,trt_cp,VCAP,2.0,µM,1 µM,24,h,24 h,ERG010_VCAP_24H_X1_B7_DUO52HI53LO:I16|ERG010_VCAP_24H_X2_B7_DUO52HI53LO:I16|ERG010_VCAP_24H_X3_B7_DUO52HI53LO:I16
247725,ERG010_VCAP_6H:BRD-A19500257-001-01-3:0.08,BRD-A19500257,geldanamycin,trt_cp,VCAP,0.08,µM,100 nM,6,h,6 h,ERG010_VCAP_6H_X1_B7_DUO52HI53LO:J16|ERG010_VCAP_6H_X2_B7_DUO52HI53LO:J16
247726,ERG010_VCAP_6H:BRD-A19500257-001-01-3:0.4,BRD-A19500257,geldanamycin,trt_cp,VCAP,0.4,µM,500 nM,6,h,6 h,ERG010_VCAP_6H_X1_B7_DUO52HI53LO:J15|ERG010_VCAP_6H_X2_B7_DUO52HI53LO:J15
247727,ERG010_VCAP_6H:BRD-A19500257-001-01-3:10,BRD-A19500257,geldanamycin,trt_cp,VCAP,10.0,µM,10 µM,6,h,6 h,ERG010_VCAP_6H_X1_B7_DUO52HI53LO:I15|ERG010_VCAP_6H_X2_B7_DUO52HI53LO:I15
247728,ERG010_VCAP_6H:BRD-A19500257-001-01-3:2,BRD-A19500257,geldanamycin,trt_cp,VCAP,2.0,µM,1 µM,6,h,6 h,ERG010_VCAP_6H_X1_B7_DUO52HI53LO:I16|ERG010_VCAP_6H_X2_B7_DUO52HI53LO:I16
248094,ERG011_VCAP_24H:BRD-A19500257-001-01-3:0.08,BRD-A19500257,geldanamycin,trt_cp,VCAP,0.08,µM,100 nM,24,h,24 h,ERG011_VCAP_24H_X1_B7_DUO52HI53LO:J16|ERG011_VCAP_24H_X2_B7_DUO52HI53LO:J16|ERG011_VCAP_24H_X3_B7_DUO52HI53LO:J16
248095,ERG011_VCAP_24H:BRD-A19500257-001-01-3:0.4,BRD-A19500257,geldanamycin,trt_cp,VCAP,0.4,µM,500 nM,24,h,24 h,ERG011_VCAP_24H_X1_B7_DUO52HI53LO:J15|ERG011_VCAP_24H_X2_B7_DUO52HI53LO:J15|ERG011_VCAP_24H_X3_B7_DUO52HI53LO:J15
248096,ERG011_VCAP_24H:BRD-A19500257-001-01-3:10,BRD-A19500257,geldanamycin,trt_cp,VCAP,10.0,µM,10 µM,24,h,24 h,ERG011_VCAP_24H_X1_B7_DUO52HI53LO:I15|ERG011_VCAP_24H_X2_B7_DUO52HI53LO:I15|ERG011_VCAP_24H_X3_B7_DUO52HI53LO:I15
248097,ERG011_VCAP_24H:BRD-A19500257-001-01-3:2,BRD-A19500257,geldanamycin,trt_cp,VCAP,2.0,µM,1 µM,24,h,24 h,ERG011_VCAP_24H_X1_B7_DUO52HI53LO:I16|ERG011_VCAP_24H_X2_B7_DUO52HI53LO:I16|ERG011_VCAP_24H_X3_B7_DUO52HI53LO:I16
248345,ERG011_VCAP_24H:BRD-K69023402-001-05-8:0.4,BRD-K69023402,thapsigargin,trt_cp,VCAP,0.4,µM,500 nM,24,h,24 h,ERG011_VCAP_24H_X1_B7_DUO52HI53LO:J12|ERG011_VCAP_24H_X2_B7_DUO52HI53LO:J12|ERG011_VCAP_24H_X3_B7_DUO52HI53LO:J12
248346,ERG011_VCAP_24H:BRD-K69023402-001-05-8:10,BRD-K69023402,thapsigargin,trt_cp,VCAP,10.0,µM,10 µM,24,h,24 h,ERG011_VCAP_24H_X1_B7_DUO52HI53LO:J08|ERG011_VCAP_24H_X2_B7_DUO52HI53LO:J08|ERG011_VCAP_24H_X3_B7_DUO52HI53LO:J08
248347,ERG011_VCAP_24H:BRD-K69023402-001-05-8:2,BRD-K69023402,thapsigargin,trt_cp,VCAP,2.0,µM,1 µM,24,h,24 h,ERG011_VCAP_24H_X1_B7_DUO52HI53LO:J10|ERG011_VCAP_24H_X2_B7_DUO52HI53LO:J10|ERG011_VCAP_24H_X3_B7_DUO52HI53LO:J10
248452,ERG011_VCAP_6H:BRD-A19500257-001-01-3:0.08,BRD-A19500257,geldanamycin,trt_cp,VCAP,0.08,µM,100 nM,6,h,6 h,ERG011_VCAP_6H_X2_B7_DUO52HI53LO:J16|ERG011_VCAP_6H_X3_B7_DUO52HI53LO:J16
248453,ERG011_VCAP_6H:BRD-A19500257-001-01-3:0.4,BRD-A19500257,geldanamycin,trt_cp,VCAP,0.4,µM,500 nM,6,h,6 h,ERG011_VCAP_6H_X2_B7_DUO52HI53LO:J15|ERG011_VCAP_6H_X3_B7_DUO52HI53LO:J15
248454,ERG011_VCAP_6H:BRD-A19500257-001-01-3:10,BRD-A19500257,geldanamycin,trt_cp,VCAP,10.0,µM,10 µM,6,h,6 h,ERG011_VCAP_6H_X2_B7_DUO52HI53LO:I15|ERG011_VCAP_6H_X3_B7_DUO52HI53LO:I15
248455,ERG011_VCAP_6H:BRD-A19500257-001-01-3:2,BRD-A19500257,geldanamycin,trt_cp,VCAP,2.0,µM,1 µM,6,h,6 h,ERG011_VCAP_6H_X2_B7_DUO52HI53LO:I16|ERG011_VCAP_6H_X3_B7_DUO52HI53LO:I16
248706,ERG011_VCAP_6H:BRD-K69023402-001-05-8:0.4,BRD-K69023402,thapsigargin,trt_cp,VCAP,0.4,µM,500 nM,6,h,6 h,ERG011_VCAP_6H_X2_B7_DUO52HI53LO:J12|ERG011_VCAP_6H_X3_B7_DUO52HI53LO:J12
248707,ERG011_VCAP_6H:BRD-K69023402-001-05-8:10,BRD-K69023402,thapsigargin,trt_cp,VCAP,10.0,µM,10 µM,6,h,6 h,ERG011_VCAP_6H_X2_B7_DUO52HI53LO:J08|ERG011_VCAP_6H_X3_B7_DUO52HI53LO:J08
248708,ERG011_VCAP_6H:BRD-K69023402-001-05-8:2,BRD-K69023402,thapsigargin,trt_cp,VCAP,2.0,µM,1 µM,6,h,6 h,ERG011_VCAP_6H_X2_B7_DUO52HI53LO:J10|ERG011_VCAP_6H_X3_B7_DUO52HI53LO:J10
249528,ERG012_VCAP_24H:BRD-A19500257-001-01-3:0.08,BRD-A19500257,geldanamycin,trt_cp,VCAP,0.08,µM,100 nM,24,h,24 h,ERG012_VCAP_24H_X1.A2_B7_DUO52HI53LO:J16|ERG012_VCAP_24H_X2.A2_B7_DUO52HI53LO:J16|ERG012_VCAP_24H_X3.A2_B7_DUO52HI53LO:J16|ERG012_VCAP_24H_X1_B7_DUO52HI53LO:J16|ERG012_VCAP_24H_X2_B7_DUO52HI53LO:J16
249529,ERG012_VCAP_24H:BRD-A19500257-001-01-3:0.4,BRD-A19500257,geldanamycin,trt_cp,VCAP,0.4,µM,500 nM,24,h,24 h,ERG012_VCAP_24H_X1.A2_B7_DUO52HI53LO:J15|ERG012_VCAP_24H_X2.A2_B7_DUO52HI53LO:J15|ERG012_VCAP_24H_X3.A2_B7_DUO52HI53LO:J15|ERG012_VCAP_24H_X1_B7_DUO52HI53LO:J15|ERG012_VCAP_24H_X2_B7_DUO52HI53LO:J15|ERG012_VCAP_24H_X3_B7_DUO52HI53LO:J15
249530,ERG012_VCAP_24H:BRD-A19500257-001-01-3:10,BRD-A19500257,geldanamycin,trt_cp,VCAP,10.0,µM,10 µM,24,h,24 h,ERG012_VCAP_24H_X1.A2_B7_DUO52HI53LO:I15|ERG012_VCAP_24H_X2.A2_B7_DUO52HI53LO:I15|ERG012_VCAP_24H_X1_B7_DUO52HI53LO:I15|ERG012_VCAP_24H_X2_B7_DUO52HI53LO:I15|ERG012_VCAP_24H_X3_B7_DUO52HI53LO:I15
249531,ERG012_VCAP_24H:BRD-A19500257-001-01-3:2,BRD-A19500257,geldanamycin,trt_cp,VCAP,2.0,µM,1 µM,24,h,24 h,ERG012_VCAP_24H_X1.A2_B7_DUO52HI53LO:I16|ERG012_VCAP_24H_X2.A2_B7_DUO52HI53LO:I16|ERG012_VCAP_24H_X3.A2_B7_DUO52HI53LO:I16|ERG012_VCAP_24H_X1_B7_DUO52HI53LO:I16|ERG012_VCAP_24H_X2_B7_DUO52HI53LO:I16|ERG012_VCAP_24H_X3_B7_DUO52HI53LO:I16
249893,ERG012_VCAP_6H:BRD-A19500257-001-01-3:0.08,BRD-A19500257,geldanamycin,trt_cp,VCAP,0.08,µM,100 nM,6,h,6 h,ERG012_VCAP_6H_X2.A2_B11:J16|ERG012_VCAP_6H_X1_B7_DUO52HI53LO:J16|ERG012_VCAP_6H_X3_B7_DUO52HI53LO:J16
249894,ERG012_VCAP_6H:BRD-A19500257-001-01-3:0.4,BRD-A19500257,geldanamycin,trt_cp,VCAP,0.4,µM,500 nM,6,h,6 h,ERG012_VCAP_6H_X2.A2_B11:J15|ERG012_VCAP_6H_X1_B7_DUO52HI53LO:J15|ERG012_VCAP_6H_X3_B7_DUO52HI53LO:J15
249895,ERG012_VCAP_6H:BRD-A19500257-001-01-3:10,BRD-A19500257,geldanamycin,trt_cp,VCAP,10.0,µM,10 µM,6,h,6 h,ERG012_VCAP_6H_X2.A2_B11:I15|ERG012_VCAP_6H_X1_B7_DUO52HI53LO:I15|ERG012_VCAP_6H_X3_B7_DUO52HI53LO:I15
249896,ERG012_VCAP_6H:BRD-A19500257-001-01-3:2,BRD-A19500257,geldanamycin,trt_cp,VCAP,2.0,µM,1 µM,6,h,6 h,ERG012_VCAP_6H_X2.A2_B11:I16|ERG012_VCAP_6H_X1_B7_DUO52HI53LO:I16|ERG012_VCAP_6H_X3_B7_DUO52HI53LO:I16
251140,ERG014_VCAP_24H:BRD-A19500257-001-01-3:0.08,BRD-A19500257,geldanamycin,trt_cp,VCAP,0.08,µM,100 nM,24,h,24 h,ERG014_VCAP_24H_X2.L2_B10_DUO52HI53LO:J16|ERG014_VCAP_24H_X1_B10_DUO52HI53LO:J16|ERG014_VCAP_24H_X2_B10_DUO52HI53LO:J16
251141,ERG014_VCAP_24H:BRD-A19500257-001-01-3:0.4,BRD-A19500257,geldanamycin,trt_cp,VCAP,0.4,µM,500 nM,24,h,24 h,ERG014_VCAP_24H_X2.L2_B10_DUO52HI53LO:J15|ERG014_VCAP_24H_X1_B10_DUO52HI53LO:J15|ERG014_VCAP_24H_X2_B10_DUO52HI53LO:J15
251142,ERG014_VCAP_24H:BRD-A19500257-001-01-3:10,BRD-A19500257,geldanamycin,trt_cp,VCAP,10.0,µM,10 µM,24,h,24 h,ERG014_VCAP_24H_X2.L2_B10_DUO52HI53LO:I15|ERG014_VCAP_24H_X1_B10_DUO52HI53LO:I15|ERG014_VCAP_24H_X2_B10_DUO52HI53LO:I15
251143,ERG014_VCAP_24H:BRD-A19500257-001-01-3:2,BRD-A19500257,geldanamycin,trt_cp,VCAP,2.0,µM,1 µM,24,h,24 h,ERG014_VCAP_24H_X2.L2_B10_DUO52HI53LO:I16|ERG014_VCAP_24H_X1_B10_DUO52HI53LO:I16|ERG014_VCAP_24H_X2_B10_DUO52HI53LO:I16
251518,ERG014_VCAP_6H:BRD-A19500257-001-01-3:0.08,BRD-A19500257,geldanamycin,trt_cp,VCAP,0.08,µM,100 nM,6,h,6 h,ERG014_VCAP_6H_X1_B10_DUO52HI53LO:J16|ERG014_VCAP_6H_X2_B10_DUO52HI53LO:J16|ERG014_VCAP_6H_X3_B10_DUO52HI53LO:J16
251519,ERG014_VCAP_6H:BRD-A19500257-001-01-3:0.4,BRD-A19500257,geldanamycin,trt_cp,VCAP,0.4,µM,500 nM,6,h,6 h,ERG014_VCAP_6H_X1_B10_DUO52HI53LO:J15|ERG014_VCAP_6H_X2_B10_DUO52HI53LO:J15|ERG014_VCAP_6H_X3_B10_DUO52HI53LO:J15
251520,ERG014_VCAP_6H:BRD-A19500257-001-01-3:10,BRD-A19500257,geldanamycin,trt_cp,VCAP,10.0,µM,10 µM,6,h,6 h,ERG014_VCAP_6H_X1_B10_DUO52HI53LO:I15|ERG014_VCAP_6H_X2_B10_DUO52HI53LO:I15|ERG014_VCAP_6H_X3_B10_DUO52HI53LO:I15
251521,ERG014_VCAP_6H:BRD-A19500257-001-01-3:2,BRD-A19500257,geldanamycin,trt_cp,VCAP,2.0,µM,1 µM,6,h,6 h,ERG014_VCAP_6H_X1_B10_DUO52HI53LO:I16|ERG014_VCAP_6H_X2_B10_DUO52HI53LO:I16|ERG014_VCAP_6H_X3_B10_DUO52HI53LO:I16
252646,ERG015_VCAP_24H:BRD-A19500257-001-01-3:0.08,BRD-A19500257,geldanamycin,trt_cp,VCAP,0.08,µM,100 nM,24,h,24 h,ERG015_VCAP_24H_X1_B10_DUO52HI53LO:J16|ERG015_VCAP_24H_X2_B10_DUO52HI53LO:J16|ERG015_VCAP_24H_X3_B10_DUO52HI53LO:J16
252647,ERG015_VCAP_24H:BRD-A19500257-001-01-3:0.4,BRD-A19500257,geldanamycin,trt_cp,VCAP,0.4,µM,500 nM,24,h,24 h,ERG015_VCAP_24H_X1_B10_DUO52HI53LO:J15|ERG015_VCAP_24H_X2_B10_DUO52HI53LO:J15|ERG015_VCAP_24H_X3_B10_DUO52HI53LO:J15
252648,ERG015_VCAP_24H:BRD-A19500257-001-01-3:10,BRD-A19500257,geldanamycin,trt_cp,VCAP,10.0,µM,10 µM,24,h,24 h,ERG015_VCAP_24H_X1_B10_DUO52HI53LO:I15|ERG015_VCAP_24H_X2_B10_DUO52HI53LO:I15|ERG015_VCAP_24H_X3_B10_DUO52HI53LO:I15
252649,ERG015_VCAP_24H:BRD-A19500257-001-01-3:2,BRD-A19500257,geldanamycin,trt_cp,VCAP,2.0,µM,1 µM,24,h,24 h,ERG015_VCAP_24H_X1_B10_DUO52HI53LO:I16|ERG015_VCAP_24H_X2_B10_DUO52HI53LO:I16|ERG015_VCAP_24H_X3_B10_DUO52HI53LO:I16
253025,ERG015_VCAP_6H:BRD-A19500257-001-01-3:0.08,BRD-A19500257,geldanamycin,trt_cp,VCAP,0.08,µM,100 nM,6,h,6 h,ERG015_VCAP_6H_X1_B10_DUO52HI53LO:J16|ERG015_VCAP_6H_X2_B10_DUO52HI53LO:J16|ERG015_VCAP_6H_X3_B10_DUO52HI53LO:J16
253026,ERG015_VCAP_6H:BRD-A19500257-001-01-3:0.4,BRD-A19500257,geldanamycin,trt_cp,VCAP,0.4,µM,500 nM,6,h,6 h,ERG015_VCAP_6H_X1_B10_DUO52HI53LO:J15|ERG015_VCAP_6H_X2_B10_DUO52HI53LO:J15|ERG015_VCAP_6H_X3_B10_DUO52HI53LO:J15
253027,ERG015_VCAP_6H:BRD-A19500257-001-01-3:10,BRD-A19500257,geldanamycin,trt_cp,VCAP,10.0,µM,10 µM,6,h,6 h,ERG015_VCAP_6H_X1_B10_DUO52HI53LO:I15|ERG015_VCAP_6H_X2_B10_DUO52HI53LO:I15|ERG015_VCAP_6H_X3_B10_DUO52HI53LO:I15
253028,ERG015_VCAP_6H:BRD-A19500257-001-01-3:2,BRD-A19500257,geldanamycin,trt_cp,VCAP,2.0,µM,1 µM,6,h,6 h,ERG015_VCAP_6H_X1_B10_DUO52HI53LO:I16|ERG015_VCAP_6H_X2_B10_DUO52HI53LO:I16|ERG015_VCAP_6H_X3_B10_DUO52HI53LO:I16
459539,PCLB001_HCC515_24H:BRD-K36452089-001-01-8:0.16,BRD-K36452089,tert-butylhydroquinone,trt_cp,HCC515,0.16,µM,100 nM,24,h,24 h,PCLB001_HCC515_24H_X1_F2B6_DUO52HI53LO:J06|PCLB001_HCC515_24H_X1_F2B6_DUO52HI53LO:J14|PCLB001_HCC515_24H_X1_F2B6_DUO52HI53LO:J22|PCLB001_HCC515_24H_X2_F2B6_DUO52HI53LO:J06|PCLB001_HCC515_24H_X2_F2B6_DUO52HI53LO:J14|PCLB001_HCC515_24H_X2_F2B6_DUO52HI53LO:J22|PCLB001_HCC515_24H_X3_F2B6_DUO52HI53LO:J06|PCLB001_HCC515_24H_X3_F2B6_DUO52HI53LO:J14|PCLB001_HCC515_24H_X3_F2B6_DUO52HI53LO:J22
459540,PCLB001_HCC515_24H:BRD-K36452089-001-01-8:0.63,BRD-K36452089,tert-butylhydroquinone,trt_cp,HCC515,0.63,µM,500 nM,24,h,24 h,PCLB001_HCC515_24H_X1_F2B6_DUO52HI53LO:J05|PCLB001_HCC515_24H_X1_F2B6_DUO52HI53LO:J13|PCLB001_HCC515_24H_X1_F2B6_DUO52HI53LO:J21|PCLB001_HCC515_24H_X2_F2B6_DUO52HI53LO:J05|PCLB001_HCC515_24H_X2_F2B6_DUO52HI53LO:J13|PCLB001_HCC515_24H_X2_F2B6_DUO52HI53LO:J21|PCLB001_HCC515_24H_X3_F2B6_DUO52HI53LO:J05|PCLB001_HCC515_24H_X3_F2B6_DUO52HI53LO:J13|PCLB001_HCC515_24H_X3_F2B6_DUO52HI53LO:J21
459541,PCLB001_HCC515_24H:BRD-K36452089-001-01-8:10,BRD-K36452089,tert-butylhydroquinone,trt_cp,HCC515,10.0,µM,10 µM,24,h,24 h,PCLB001_HCC515_24H_X1_F2B6_DUO52HI53LO:I05|PCLB001_HCC515_24H_X1_F2B6_DUO52HI53LO:I13|PCLB001_HCC515_24H_X1_F2B6_DUO52HI53LO:I21|PCLB001_HCC515_24H_X2_F2B6_DUO52HI53LO:I05|PCLB001_HCC515_24H_X2_F2B6_DUO52HI53LO:I21|PCLB001_HCC515_24H_X3_F2B6_DUO52HI53LO:I05|PCLB001_HCC515_24H_X3_F2B6_DUO52HI53LO:I21
459542,PCLB001_HCC515_24H:BRD-K36452089-001-01-8:2.5,BRD-K36452089,tert-butylhydroquinone,trt_cp,HCC515,2.5,µM,3 µM,24,h,24 h,PCLB001_HCC515_24H_X1_F2B6_DUO52HI53LO:I06|PCLB001_HCC515_24H_X1_F2B6_DUO52HI53LO:I14|PCLB001_HCC515_24H_X1_F2B6_DUO52HI53LO:I22|PCLB001_HCC515_24H_X2_F2B6_DUO52HI53LO:I06|PCLB001_HCC515_24H_X2_F2B6_DUO52HI53LO:I14|PCLB001_HCC515_24H_X2_F2B6_DUO52HI53LO:I22|PCLB001_HCC515_24H_X3_F2B6_DUO52HI53LO:I06|PCLB001_HCC515_24H_X3_F2B6_DUO52HI53LO:I14|PCLB001_HCC515_24H_X3_F2B6_DUO52HI53LO:I22
459680,PCLB001_HCC515_6H:BRD-K36452089-001-01-8:0.16,BRD-K36452089,tert-butylhydroquinone,trt_cp,HCC515,0.16,µM,100 nM,6,h,6 h,PCLB001_HCC515_6H_X1_F2B6_DUO52HI53LO:J06|PCLB001_HCC515_6H_X1_F2B6_DUO52HI53LO:J14|PCLB001_HCC515_6H_X1_F2B6_DUO52HI53LO:J22|PCLB001_HCC515_6H_X2_F2B6_DUO52HI53LO:J06|PCLB001_HCC515_6H_X2_F2B6_DUO52HI53LO:J14|PCLB001_HCC515_6H_X2_F2B6_DUO52HI53LO:J22|PCLB001_HCC515_6H_X3_F2B6_DUO52HI53LO:J06|PCLB001_HCC515_6H_X3_F2B6_DUO52HI53LO:J14|PCLB001_HCC515_6H_X3_F2B6_DUO52HI53LO:J22
459681,PCLB001_HCC515_6H:BRD-K36452089-001-01-8:0.63,BRD-K36452089,tert-butylhydroquinone,trt_cp,HCC515,0.63,µM,500 nM,6,h,6 h,PCLB001_HCC515_6H_X1_F2B6_DUO52HI53LO:J05|PCLB001_HCC515_6H_X1_F2B6_DUO52HI53LO:J13|PCLB001_HCC515_6H_X1_F2B6_DUO52HI53LO:J21|PCLB001_HCC515_6H_X2_F2B6_DUO52HI53LO:J05|PCLB001_HCC515_6H_X2_F2B6_DUO52HI53LO:J13|PCLB001_HCC515_6H_X2_F2B6_DUO52HI53LO:J21|PCLB001_HCC515_6H_X3_F2B6_DUO52HI53LO:J05|PCLB001_HCC515_6H_X3_F2B6_DUO52HI53LO:J13|PCLB001_HCC515_6H_X3_F2B6_DUO52HI53LO:J21
459682,PCLB001_HCC515_6H:BRD-K36452089-001-01-8:10,BRD-K36452089,tert-butylhydroquinone,trt_cp,HCC515,10.0,µM,10 µM,6,h,6 h,PCLB001_HCC515_6H_X1_F2B6_DUO52HI53LO:I05|PCLB001_HCC515_6H_X1_F2B6_DUO52HI53LO:I21|PCLB001_HCC515_6H_X2_F2B6_DUO52HI53LO:I05|PCLB001_HCC515_6H_X2_F2B6_DUO52HI53LO:I21|PCLB001_HCC515_6H_X3_F2B6_DUO52HI53LO:I05|PCLB001_HCC515_6H_X3_F2B6_DUO52HI53LO:I13|PCLB001_HCC515_6H_X3_F2B6_DUO52HI53LO:I21
459683,PCLB001_HCC515_6H:BRD-K36452089-001-01-8:2.5,BRD-K36452089,tert-butylhydroquinone,trt_cp,HCC515,2.5,µM,3 µM,6,h,6 h,PCLB001_HCC515_6H_X1_F2B6_DUO52HI53LO:I06|PCLB001_HCC515_6H_X1_F2B6_DUO52HI53LO:I14|PCLB001_HCC515_6H_X1_F2B6_DUO52HI53LO:I22|PCLB001_HCC515_6H_X2_F2B6_DUO52HI53LO:I06|PCLB001_HCC515_6H_X2_F2B6_DUO52HI53LO:I14|PCLB001_HCC515_6H_X2_F2B6_DUO52HI53LO:I22|PCLB001_HCC515_6H_X3_F2B6_DUO52HI53LO:I06|PCLB001_HCC515_6H_X3_F2B6_DUO52HI53LO:I14|PCLB001_HCC515_6H_X3_F2B6_DUO52HI53LO:I22
459818,PCLB001_HEPG2_24H:BRD-K36452089-001-01-8:0.16,BRD-K36452089,tert-butylhydroquinone,trt_cp,HEPG2,0.16,µM,100 nM,24,h,24 h,PCLB001_HEPG2_24H_X1_F2B6_DUO52HI53LO:J06|PCLB001_HEPG2_24H_X1_F2B6_DUO52HI53LO:J14|PCLB001_HEPG2_24H_X1_F2B6_DUO52HI53LO:J22|PCLB001_HEPG2_24H_X2_F2B6_DUO52HI53LO:J06|PCLB001_HEPG2_24H_X2_F2B6_DUO52HI53LO:J14|PCLB001_HEPG2_24H_X2_F2B6_DUO52HI53LO:J22|PCLB001_HEPG2_24H_X3_F2B6_DUO52HI53LO:J06|PCLB001_HEPG2_24H_X3_F2B6_DUO52HI53LO:J14|PCLB001_HEPG2_24H_X3_F2B6_DUO52HI53LO:J22
459819,PCLB001_HEPG2_24H:BRD-K36452089-001-01-8:0.63,BRD-K36452089,tert-butylhydroquinone,trt_cp,HEPG2,0.63,µM,500 nM,24,h,24 h,PCLB001_HEPG2_24H_X1_F2B6_DUO52HI53LO:J05|PCLB001_HEPG2_24H_X1_F2B6_DUO52HI53LO:J13|PCLB001_HEPG2_24H_X1_F2B6_DUO52HI53LO:J21|PCLB001_HEPG2_24H_X2_F2B6_DUO52HI53LO:J05|PCLB001_HEPG2_24H_X2_F2B6_DUO52HI53LO:J13|PCLB001_HEPG2_24H_X2_F2B6_DUO52HI53LO:J21|PCLB001_HEPG2_24H_X3_F2B6_DUO52HI53LO:J05|PCLB001_HEPG2_24H_X3_F2B6_DUO52HI53LO:J13|PCLB001_HEPG2_24H_X3_F2B6_DUO52HI53LO:J21
459820,PCLB001_HEPG2_24H:BRD-K36452089-001-01-8:10,BRD-K36452089,tert-butylhydroquinone,trt_cp,HEPG2,10.0,µM,10 µM,24,h,24 h,PCLB001_HEPG2_24H_X1_F2B6_DUO52HI53LO:I05|PCLB001_HEPG2_24H_X1_F2B6_DUO52HI53LO:I13|PCLB001_HEPG2_24H_X1_F2B6_DUO52HI53LO:I21|PCLB001_HEPG2_24H_X2_F2B6_DUO52HI53LO:I05|PCLB001_HEPG2_24H_X2_F2B6_DUO52HI53LO:I13|PCLB001_HEPG2_24H_X2_F2B6_DUO52HI53LO:I21|PCLB001_HEPG2_24H_X3_F2B6_DUO52HI53LO:I05|PCLB001_HEPG2_24H_X3_F2B6_DUO52HI53LO:I21
459821,PCLB001_HEPG2_24H:BRD-K36452089-001-01-8:2.5,BRD-K36452089,tert-butylhydroquinone,trt_cp,HEPG2,2.5,µM,3 µM,24,h,24 h,PCLB001_HEPG2_24H_X1_F2B6_DUO52HI53LO:I06|PCLB001_HEPG2_24H_X1_F2B6_DUO52HI53LO:I14|PCLB001_HEPG2_24H_X1_F2B6_DUO52HI53LO:I22|PCLB001_HEPG2_24H_X2_F2B6_DUO52HI53LO:I06|PCLB001_HEPG2_24H_X2_F2B6_DUO52HI53LO:I14|PCLB001_HEPG2_24H_X2_F2B6_DUO52HI53LO:I22|PCLB001_HEPG2_24H_X3_F2B6_DUO52HI53LO:I06|PCLB001_HEPG2_24H_X3_F2B6_DUO52HI53LO:I14|PCLB001_HEPG2_24H_X3_F2B6_DUO52HI53LO:I22
459953,PCLB001_HEPG2_6H:BRD-K36452089-001-01-8:0.37,BRD-K36452089,tert-butylhydroquinone,trt_cp,HEPG2,0.37,µM,500 nM,6,h,6 h,PCLB001_HEPG2_6H_X1_F2B6_DUO52HI53LO:J06|PCLB001_HEPG2_6H_X1_F2B6_DUO52HI53LO:J14|PCLB001_HEPG2_6H_X1_F2B6_DUO52HI53LO:J22|PCLB001_HEPG2_6H_X2_F2B6_DUO52HI53LO:J06|PCLB001_HEPG2_6H_X2_F2B6_DUO52HI53LO:J14|PCLB001_HEPG2_6H_X2_F2B6_DUO52HI53LO:J22|PCLB001_HEPG2_6H_X3_F2B6_DUO52HI53LO:J06|PCLB001_HEPG2_6H_X3_F2B6_DUO52HI53LO:J14|PCLB001_HEPG2_6H_X3_F2B6_DUO52HI53LO:J22
459954,PCLB001_HEPG2_6H:BRD-K36452089-001-01-8:1.11,BRD-K36452089,tert-butylhydroquinone,trt_cp,HEPG2,1.11,µM,1 µM,6,h,6 h,PCLB001_HEPG2_6H_X1_F2B6_DUO52HI53LO:J05|PCLB001_HEPG2_6H_X1_F2B6_DUO52HI53LO:J21|PCLB001_HEPG2_6H_X2_F2B6_DUO52HI53LO:J05|PCLB001_HEPG2_6H_X2_F2B6_DUO52HI53LO:J13|PCLB001_HEPG2_6H_X2_F2B6_DUO52HI53LO:J21|PCLB001_HEPG2_6H_X3_F2B6_DUO52HI53LO:J05|PCLB001_HEPG2_6H_X3_F2B6_DUO52HI53LO:J13|PCLB001_HEPG2_6H_X3_F2B6_DUO52HI53LO:J21
459955,PCLB001_HEPG2_6H:BRD-K36452089-001-01-8:10,BRD-K36452089,tert-butylhydroquinone,trt_cp,HEPG2,10.0,µM,10 µM,6,h,6 h,PCLB001_HEPG2_6H_X1_F2B6_DUO52HI53LO:I05|PCLB001_HEPG2_6H_X1_F2B6_DUO52HI53LO:I13|PCLB001_HEPG2_6H_X1_F2B6_DUO52HI53LO:I21|PCLB001_HEPG2_6H_X2_F2B6_DUO52HI53LO:I05|PCLB001_HEPG2_6H_X2_F2B6_DUO52HI53LO:I13|PCLB001_HEPG2_6H_X2_F2B6_DUO52HI53LO:I21|PCLB001_HEPG2_6H_X3_F2B6_DUO52HI53LO:I05|PCLB001_HEPG2_6H_X3_F2B6_DUO52HI53LO:I13|PCLB001_HEPG2_6H_X3_F2B6_DUO52HI53LO:I21
459956,PCLB001_HEPG2_6H:BRD-K36452089-001-01-8:3.33,BRD-K36452089,tert-butylhydroquinone,trt_cp,HEPG2,3.33,µM,3 µM,6,h,6 h,PCLB001_HEPG2_6H_X1_F2B6_DUO52HI53LO:I06|PCLB001_HEPG2_6H_X1_F2B6_DUO52HI53LO:I14|PCLB001_HEPG2_6H_X1_F2B6_DUO52HI53LO:I22|PCLB001_HEPG2_6H_X2_F2B6_DUO52HI53LO:I06|PCLB001_HEPG2_6H_X2_F2B6_DUO52HI53LO:I14|PCLB001_HEPG2_6H_X2_F2B6_DUO52HI53LO:I22|PCLB001_HEPG2_6H_X3_F2B6_DUO52HI53LO:I06|PCLB001_HEPG2_6H_X3_F2B6_DUO52HI53LO:I14|PCLB001_HEPG2_6H_X3_F2B6_DUO52HI53LO:I22
460499,PCLB001_JURKAT_24H:BRD-K36452089-001-01-8:0.16,BRD-K36452089,tert-butylhydroquinone,trt_cp,JURKAT,0.16,µM,100 nM,24,h,24 h,PCLB001_JURKAT_24H_X1_F2B6_DUO52HI53LO:J06|PCLB001_JURKAT_24H_X1_F2B6_DUO52HI53LO:J14|PCLB001_JURKAT_24H_X1_F2B6_DUO52HI53LO:J22
460500,PCLB001_JURKAT_24H:BRD-K36452089-001-01-8:0.37,BRD-K36452089,tert-butylhydroquinone,trt_cp,JURKAT,0.37,µM,500 nM,24,h,24 h,PCLB001_JURKAT_24H_X2_B12:J06|PCLB001_JURKAT_24H_X2_B12:J14|PCLB001_JURKAT_24H_X2_B12:J22|PCLB001_JURKAT_24H_X3_F2B6_DUO52HI53LO:J06|PCLB001_JURKAT_24H_X3_F2B6_DUO52HI53LO:J14|PCLB001_JURKAT_24H_X3_F2B6_DUO52HI53LO:J22
460501,PCLB001_JURKAT_24H:BRD-K36452089-001-01-8:0.63,BRD-K36452089,tert-butylhydroquinone,trt_cp,JURKAT,0.63,µM,500 nM,24,h,24 h,PCLB001_JURKAT_24H_X1_F2B6_DUO52HI53LO:J05|PCLB001_JURKAT_24H_X1_F2B6_DUO52HI53LO:J13|PCLB001_JURKAT_24H_X1_F2B6_DUO52HI53LO:J21
460502,PCLB001_JURKAT_24H:BRD-K36452089-001-01-8:1.11,BRD-K36452089,tert-butylhydroquinone,trt_cp,JURKAT,1.11,µM,1 µM,24,h,24 h,PCLB001_JURKAT_24H_X2_B12:J05|PCLB001_JURKAT_24H_X2_B12:J13|PCLB001_JURKAT_24H_X2_B12:J21|PCLB001_JURKAT_24H_X3_F2B6_DUO52HI53LO:J05|PCLB001_JURKAT_24H_X3_F2B6_DUO52HI53LO:J13|PCLB001_JURKAT_24H_X3_F2B6_DUO52HI53LO:J21
460503,PCLB001_JURKAT_24H:BRD-K36452089-001-01-8:10,BRD-K36452089,tert-butylhydroquinone,trt_cp,JURKAT,10.0,µM,10 µM,24,h,24 h,PCLB001_JURKAT_24H_X2_B12:I05|PCLB001_JURKAT_24H_X2_B12:I13|PCLB001_JURKAT_24H_X2_B12:I21|PCLB001_JURKAT_24H_X3_F2B6_DUO52HI53LO:I05|PCLB001_JURKAT_24H_X3_F2B6_DUO52HI53LO:I13|PCLB001_JURKAT_24H_X3_F2B6_DUO52HI53LO:I21|PCLB001_JURKAT_24H_X1_F2B6_DUO52HI53LO:I05|PCLB001_JURKAT_24H_X1_F2B6_DUO52HI53LO:I13|PCLB001_JURKAT_24H_X1_F2B6_DUO52HI53LO:I21
460504,PCLB001_JURKAT_24H:BRD-K36452089-001-01-8:2.5,BRD-K36452089,tert-butylhydroquinone,trt_cp,JURKAT,2.5,µM,3 µM,24,h,24 h,PCLB001_JURKAT_24H_X1_F2B6_DUO52HI53LO:I06|PCLB001_JURKAT_24H_X1_F2B6_DUO52HI53LO:I14|PCLB001_JURKAT_24H_X1_F2B6_DUO52HI53LO:I22
460505,PCLB001_JURKAT_24H:BRD-K36452089-001-01-8:3.33,BRD-K36452089,tert-butylhydroquinone,trt_cp,JURKAT,3.33,µM,3 µM,24,h,24 h,PCLB001_JURKAT_24H_X2_B12:I06|PCLB001_JURKAT_24H_X2_B12:I14|PCLB001_JURKAT_24H_X2_B12:I22|PCLB001_JURKAT_24H_X3_F2B6_DUO52HI53LO:I06|PCLB001_JURKAT_24H_X3_F2B6_DUO52HI53LO:I14|PCLB001_JURKAT_24H_X3_F2B6_DUO52HI53LO:I22
460729,PCLB001_JURKAT_6H:BRD-K36452089-001-01-8:0.16,BRD-K36452089,tert-butylhydroquinone,trt_cp,JURKAT,0.16,µM,100 nM,6,h,6 h,PCLB001_JURKAT_6H_X1_F2B6_DUO52HI53LO:J06|PCLB001_JURKAT_6H_X1_F2B6_DUO52HI53LO:J14|PCLB001_JURKAT_6H_X1_F2B6_DUO52HI53LO:J22|PCLB001_JURKAT_6H_X3_F2B6_DUO52HI53LO:J06|PCLB001_JURKAT_6H_X3_F2B6_DUO52HI53LO:J14|PCLB001_JURKAT_6H_X3_F2B6_DUO52HI53LO:J22
460730,PCLB001_JURKAT_6H:BRD-K36452089-001-01-8:0.37,BRD-K36452089,tert-butylhydroquinone,trt_cp,JURKAT,0.37,µM,500 nM,6,h,6 h,PCLB001_JURKAT_6H_X1_B12:J06|PCLB001_JURKAT_6H_X1_B12:J14|PCLB001_JURKAT_6H_X1_B12:J22
460731,PCLB001_JURKAT_6H:BRD-K36452089-001-01-8:0.63,BRD-K36452089,tert-butylhydroquinone,trt_cp,JURKAT,0.63,µM,500 nM,6,h,6 h,PCLB001_JURKAT_6H_X1_F2B6_DUO52HI53LO:J05|PCLB001_JURKAT_6H_X1_F2B6_DUO52HI53LO:J13|PCLB001_JURKAT_6H_X1_F2B6_DUO52HI53LO:J21|PCLB001_JURKAT_6H_X3_F2B6_DUO52HI53LO:J05|PCLB001_JURKAT_6H_X3_F2B6_DUO52HI53LO:J13|PCLB001_JURKAT_6H_X3_F2B6_DUO52HI53LO:J21
460732,PCLB001_JURKAT_6H:BRD-K36452089-001-01-8:1.11,BRD-K36452089,tert-butylhydroquinone,trt_cp,JURKAT,1.11,µM,1 µM,6,h,6 h,PCLB001_JURKAT_6H_X1_B12:J05|PCLB001_JURKAT_6H_X1_B12:J13|PCLB001_JURKAT_6H_X1_B12:J21
460733,PCLB001_JURKAT_6H:BRD-K36452089-001-01-8:10,BRD-K36452089,tert-butylhydroquinone,trt_cp,JURKAT,10.0,µM,10 µM,6,h,6 h,PCLB001_JURKAT_6H_X1_B12:I05|PCLB001_JURKAT_6H_X1_B12:I13|PCLB001_JURKAT_6H_X1_B12:I21|PCLB001_JURKAT_6H_X1_F2B6_DUO52HI53LO:I05|PCLB001_JURKAT_6H_X1_F2B6_DUO52HI53LO:I13|PCLB001_JURKAT_6H_X1_F2B6_DUO52HI53LO:I21|PCLB001_JURKAT_6H_X3_F2B6_DUO52HI53LO:I05|PCLB001_JURKAT_6H_X3_F2B6_DUO52HI53LO:I13|PCLB001_JURKAT_6H_X3_F2B6_DUO52HI53LO:I21
460734,PCLB001_JURKAT_6H:BRD-K36452089-001-01-8:2.5,BRD-K36452089,tert-butylhydroquinone,trt_cp,JURKAT,2.5,µM,3 µM,6,h,6 h,PCLB001_JURKAT_6H_X1_F2B6_DUO52HI53LO:I06|PCLB001_JURKAT_6H_X1_F2B6_DUO52HI53LO:I14|PCLB001_JURKAT_6H_X1_F2B6_DUO52HI53LO:I22|PCLB001_JURKAT_6H_X3_F2B6_DUO52HI53LO:I06|PCLB001_JURKAT_6H_X3_F2B6_DUO52HI53LO:I14|PCLB001_JURKAT_6H_X3_F2B6_DUO52HI53LO:I22
460735,PCLB001_JURKAT_6H:BRD-K36452089-001-01-8:3.33,BRD-K36452089,tert-butylhydroquinone,trt_cp,JURKAT,3.33,µM,3 µM,6,h,6 h,PCLB001_JURKAT_6H_X1_B12:I06|PCLB001_JURKAT_6H_X1_B12:I14|PCLB001_JURKAT_6H_X1_B12:I22
462762,PCLB002_HCC515_24H:BRD-A19500257:0.04,BRD-A19500257,geldanamycin,trt_cp,HCC515,0.04,µM,0.04 µM,24,h,24 h,PCLB002_HCC515_24H_X1.A2_B13:F24|PCLB002_HCC515_24H_X1.A2_B13:I18|PCLB002_HCC515_24H_X2_B13:F24|PCLB002_HCC515_24H_X2_B13:I18|PCLB002_HCC515_24H_X3_B13:F24|PCLB002_HCC515_24H_X3_B13:I18
462763,PCLB002_HCC515_24H:BRD-A19500257:0.12,BRD-A19500257,geldanamycin,trt_cp,HCC515,0.12,µM,0.12 µM,24,h,24 h,PCLB002_HCC515_24H_X1.A2_B13:F23|PCLB002_HCC515_24H_X1.A2_B13:I17|PCLB002_HCC515_24H_X2_B13:F23|PCLB002_HCC515_24H_X2_B13:I17|PCLB002_HCC515_24H_X3_B13:F23|PCLB002_HCC515_24H_X3_B13:I17
462764,PCLB002_HCC515_24H:BRD-A19500257:0.37,BRD-A19500257,geldanamycin,trt_cp,HCC515,0.37,µM,0.37 µM,24,h,24 h,PCLB002_HCC515_24H_X1.A2_B13:F22|PCLB002_HCC515_24H_X1.A2_B13:I16|PCLB002_HCC515_24H_X2_B13:F22|PCLB002_HCC515_24H_X2_B13:I16|PCLB002_HCC515_24H_X3_B13:F22|PCLB002_HCC515_24H_X3_B13:I16
462765,PCLB002_HCC515_24H:BRD-A19500257:1.11,BRD-A19500257,geldanamycin,trt_cp,HCC515,1.11,µM,1.11 µM,24,h,24 h,PCLB002_HCC515_24H_X1.A2_B13:F21|PCLB002_HCC515_24H_X1.A2_B13:I15|PCLB002_HCC515_24H_X2_B13:F21|PCLB002_HCC515_24H_X2_B13:I15|PCLB002_HCC515_24H_X3_B13:F21|PCLB002_HCC515_24H_X3_B13:I15
462766,PCLB002_HCC515_24H:BRD-A19500257:10,BRD-A19500257,geldanamycin,trt_cp,HCC515,10.0,µM,10 µM,24,h,24 h,PCLB002_HCC515_24H_X1.A2_B13:F19|PCLB002_HCC515_24H_X1.A2_B13:I13|PCLB002_HCC515_24H_X2_B13:F19|PCLB002_HCC515_24H_X2_B13:I13|PCLB002_HCC515_24H_X3_B13:F19|PCLB002_HCC515_24H_X3_B13:I13
462767,PCLB002_HCC515_24H:BRD-A19500257:3.33,BRD-A19500257,geldanamycin,trt_cp,HCC515,3.33,µM,3.33 µM,24,h,24 h,PCLB002_HCC515_24H_X1.A2_B13:F20|PCLB002_HCC515_24H_X1.A2_B13:I14|PCLB002_HCC515_24H_X2_B13:F20|PCLB002_HCC515_24H_X2_B13:I14|PCLB002_HCC515_24H_X3_B13:F20|PCLB002_HCC515_24H_X3_B13:I14
463061,PCLB002_HEPG2_24H:BRD-A19500257:0.04,BRD-A19500257,geldanamycin,trt_cp,HEPG2,0.04,µM,0.04 µM,24,h,24 h,PCLB002_HEPG2_24H_X1_B13:F24|PCLB002_HEPG2_24H_X1_B13:I18|PCLB002_HEPG2_24H_X2_B13:F24|PCLB002_HEPG2_24H_X2_B13:I18|PCLB002_HEPG2_24H_X3_B13:F24|PCLB002_HEPG2_24H_X3_B13:I18
463062,PCLB002_HEPG2_24H:BRD-A19500257:0.12,BRD-A19500257,geldanamycin,trt_cp,HEPG2,0.12,µM,0.12 µM,24,h,24 h,PCLB002_HEPG2_24H_X1_B13:F23|PCLB002_HEPG2_24H_X1_B13:I17|PCLB002_HEPG2_24H_X2_B13:F23|PCLB002_HEPG2_24H_X2_B13:I17|PCLB002_HEPG2_24H_X3_B13:F23|PCLB002_HEPG2_24H_X3_B13:I17
463063,PCLB002_HEPG2_24H:BRD-A19500257:0.37,BRD-A19500257,geldanamycin,trt_cp,HEPG2,0.37,µM,0.37 µM,24,h,24 h,PCLB002_HEPG2_24H_X1_B13:F22|PCLB002_HEPG2_24H_X1_B13:I16|PCLB002_HEPG2_24H_X2_B13:F22|PCLB002_HEPG2_24H_X2_B13:I16|PCLB002_HEPG2_24H_X3_B13:F22|PCLB002_HEPG2_24H_X3_B13:I16
463064,PCLB002_HEPG2_24H:BRD-A19500257:1.11,BRD-A19500257,geldanamycin,trt_cp,HEPG2,1.11,µM,1.11 µM,24,h,24 h,PCLB002_HEPG2_24H_X1_B13:F21|PCLB002_HEPG2_24H_X1_B13:I15|PCLB002_HEPG2_24H_X2_B13:F21|PCLB002_HEPG2_24H_X2_B13:I15|PCLB002_HEPG2_24H_X3_B13:F21|PCLB002_HEPG2_24H_X3_B13:I15
463065,PCLB002_HEPG2_24H:BRD-A19500257:10,BRD-A19500257,geldanamycin,trt_cp,HEPG2,10.0,µM,10 µM,24,h,24 h,PCLB002_HEPG2_24H_X1_B13:F19|PCLB002_HEPG2_24H_X1_B13:I13|PCLB002_HEPG2_24H_X2_B13:F19|PCLB002_HEPG2_24H_X2_B13:I13|PCLB002_HEPG2_24H_X3_B13:F19|PCLB002_HEPG2_24H_X3_B13:I13
463066,PCLB002_HEPG2_24H:BRD-A19500257:3.33,BRD-A19500257,geldanamycin,trt_cp,HEPG2,3.33,µM,3.33 µM,24,h,24 h,PCLB002_HEPG2_24H_X1_B13:F20|PCLB002_HEPG2_24H_X1_B13:I14|PCLB002_HEPG2_24H_X2_B13:F20|PCLB002_HEPG2_24H_X2_B13:I14|PCLB002_HEPG2_24H_X3_B13:F20|PCLB002_HEPG2_24H_X3_B13:I14
465319,PCLB003_HCC515_24H:BRD-A19500257-001-01-3:0.04,BRD-A19500257,geldanamycin,trt_cp,HCC515,0.04,µM,0.04 µM,24,h,24 h,PCLB003_HCC515_24H_X1_B13:F24|PCLB003_HCC515_24H_X2_B13:F24|PCLB003_HCC515_24H_X3_B13:F24
465320,PCLB003_HCC515_24H:BRD-A19500257-001-01-3:0.12,BRD-A19500257,geldanamycin,trt_cp,HCC515,0.12,µM,0.12 µM,24,h,24 h,PCLB003_HCC515_24H_X1_B13:F23|PCLB003_HCC515_24H_X2_B13:F23|PCLB003_HCC515_24H_X3_B13:F23
465321,PCLB003_HCC515_24H:BRD-A19500257-001-01-3:0.37,BRD-A19500257,geldanamycin,trt_cp,HCC515,0.37,µM,0.37 µM,24,h,24 h,PCLB003_HCC515_24H_X1_B13:F22|PCLB003_HCC515_24H_X2_B13:F22|PCLB003_HCC515_24H_X3_B13:F22
465322,PCLB003_HCC515_24H:BRD-A19500257-001-01-3:1.11,BRD-A19500257,geldanamycin,trt_cp,HCC515,1.11,µM,1.11 µM,24,h,24 h,PCLB003_HCC515_24H_X1_B13:F21|PCLB003_HCC515_24H_X2_B13:F21|PCLB003_HCC515_24H_X3_B13:F21
465323,PCLB003_HCC515_24H:BRD-A19500257-001-01-3:10,BRD-A19500257,geldanamycin,trt_cp,HCC515,10.0,µM,10 µM,24,h,24 h,PCLB003_HCC515_24H_X1_B13:F19|PCLB003_HCC515_24H_X2_B13:F19|PCLB003_HCC515_24H_X3_B13:F19
465324,PCLB003_HCC515_24H:BRD-A19500257-001-01-3:3.33,BRD-A19500257,geldanamycin,trt_cp,HCC515,3.33,µM,3.33 µM,24,h,24 h,PCLB003_HCC515_24H_X1_B13:F20|PCLB003_HCC515_24H_X2_B13:F20|PCLB003_HCC515_24H_X3_B13:F20
465479,PCLB003_HCC515_24H:BRD-K36452089-001-02-6:0.41,BRD-K36452089,tert-butylhydroquinone,trt_cp,HCC515,0.41,µM,0.41 µM,24,h,24 h,PCLB003_HCC515_24H_X1_B13:H12|PCLB003_HCC515_24H_X2_B13:H12|PCLB003_HCC515_24H_X3_B13:H12
465480,PCLB003_HCC515_24H:BRD-K36452089-001-02-6:1.23,BRD-K36452089,tert-butylhydroquinone,trt_cp,HCC515,1.23,µM,1.23 µM,24,h,24 h,PCLB003_HCC515_24H_X1_B13:H11|PCLB003_HCC515_24H_X2_B13:H11|PCLB003_HCC515_24H_X3_B13:H11
465481,PCLB003_HCC515_24H:BRD-K36452089-001-02-6:100,BRD-K36452089,tert-butylhydroquinone,trt_cp,HCC515,100.0,µM,100 µM,24,h,24 h,PCLB003_HCC515_24H_X1_B13:H07|PCLB003_HCC515_24H_X2_B13:H07|PCLB003_HCC515_24H_X3_B13:H07
465482,PCLB003_HCC515_24H:BRD-K36452089-001-02-6:11.11,BRD-K36452089,tert-butylhydroquinone,trt_cp,HCC515,11.11,µM,11.11 µM,24,h,24 h,PCLB003_HCC515_24H_X1_B13:H09|PCLB003_HCC515_24H_X2_B13:H09|PCLB003_HCC515_24H_X3_B13:H09
465483,PCLB003_HCC515_24H:BRD-K36452089-001-02-6:3.7,BRD-K36452089,tert-butylhydroquinone,trt_cp,HCC515,3.7,µM,3.7 µM,24,h,24 h,PCLB003_HCC515_24H_X1_B13:H10|PCLB003_HCC515_24H_X2_B13:H10|PCLB003_HCC515_24H_X3_B13:H10
465484,PCLB003_HCC515_24H:BRD-K36452089-001-02-6:33.33,BRD-K36452089,tert-butylhydroquinone,trt_cp,HCC515,33.33,µM,33.33 µM,24,h,24 h,PCLB003_HCC515_24H_X1_B13:H08|PCLB003_HCC515_24H_X2_B13:H08|PCLB003_HCC515_24H_X3_B13:H08
465682,PCLB003_HEPG2_24H:BRD-A19500257-001-01-3:0.04,BRD-A19500257,geldanamycin,trt_cp,HEPG2,0.04,µM,0.04 µM,24,h,24 h,PCLB003_HEPG2_24H_X1_B13:F24|PCLB003_HEPG2_24H_X2_B13:F24|PCLB003_HEPG2_24H_X3_B13:F24
465683,PCLB003_HEPG2_24H:BRD-A19500257-001-01-3:0.12,BRD-A19500257,geldanamycin,trt_cp,HEPG2,0.12,µM,0.12 µM,24,h,24 h,PCLB003_HEPG2_24H_X1_B13:F23|PCLB003_HEPG2_24H_X2_B13:F23|PCLB003_HEPG2_24H_X3_B13:F23
465684,PCLB003_HEPG2_24H:BRD-A19500257-001-01-3:0.37,BRD-A19500257,geldanamycin,trt_cp,HEPG2,0.37,µM,0.37 µM,24,h,24 h,PCLB003_HEPG2_24H_X1_B13:F22|PCLB003_HEPG2_24H_X2_B13:F22|PCLB003_HEPG2_24H_X3_B13:F22
465685,PCLB003_HEPG2_24H:BRD-A19500257-001-01-3:1.11,BRD-A19500257,geldanamycin,trt_cp,HEPG2,1.11,µM,1.11 µM,24,h,24 h,PCLB003_HEPG2_24H_X1_B13:F21|PCLB003_HEPG2_24H_X2_B13:F21|PCLB003_HEPG2_24H_X3_B13:F21
465686,PCLB003_HEPG2_24H:BRD-A19500257-001-01-3:10,BRD-A19500257,geldanamycin,trt_cp,HEPG2,10.0,µM,10 µM,24,h,24 h,PCLB003_HEPG2_24H_X1_B13:F19|PCLB003_HEPG2_24H_X2_B13:F19|PCLB003_HEPG2_24H_X3_B13:F19
465687,PCLB003_HEPG2_24H:BRD-A19500257-001-01-3:3.33,BRD-A19500257,geldanamycin,trt_cp,HEPG2,3.33,µM,3.33 µM,24,h,24 h,PCLB003_HEPG2_24H_X1_B13:F20|PCLB003_HEPG2_24H_X2_B13:F20|PCLB003_HEPG2_24H_X3_B13:F20
465842,PCLB003_HEPG2_24H:BRD-K36452089-001-02-6:0.41,BRD-K36452089,tert-butylhydroquinone,trt_cp,HEPG2,0.41,µM,0.41 µM,24,h,24 h,PCLB003_HEPG2_24H_X1_B13:H12|PCLB003_HEPG2_24H_X2_B13:H12|PCLB003_HEPG2_24H_X3_B13:H12
465843,PCLB003_HEPG2_24H:BRD-K36452089-001-02-6:1.23,BRD-K36452089,tert-butylhydroquinone,trt_cp,HEPG2,1.23,µM,1.23 µM,24,h,24 h,PCLB003_HEPG2_24H_X1_B13:H11|PCLB003_HEPG2_24H_X2_B13:H11|PCLB003_HEPG2_24H_X3_B13:H11
465844,PCLB003_HEPG2_24H:BRD-K36452089-001-02-6:100,BRD-K36452089,tert-butylhydroquinone,trt_cp,HEPG2,100.0,µM,100 µM,24,h,24 h,PCLB003_HEPG2_24H_X1_B13:H07|PCLB003_HEPG2_24H_X2_B13:H07|PCLB003_HEPG2_24H_X3_B13:H07
465845,PCLB003_HEPG2_24H:BRD-K36452089-001-02-6:11.11,BRD-K36452089,tert-butylhydroquinone,trt_cp,HEPG2,11.11,µM,11.11 µM,24,h,24 h,PCLB003_HEPG2_24H_X1_B13:H09|PCLB003_HEPG2_24H_X2_B13:H09|PCLB003_HEPG2_24H_X3_B13:H09
465846,PCLB003_HEPG2_24H:BRD-K36452089-001-02-6:3.7,BRD-K36452089,tert-butylhydroquinone,trt_cp,HEPG2,3.7,µM,3.7 µM,24,h,24 h,PCLB003_HEPG2_24H_X1_B13:H10|PCLB003_HEPG2_24H_X2_B13:H10|PCLB003_HEPG2_24H_X3_B13:H10
465847,PCLB003_HEPG2_24H:BRD-K36452089-001-02-6:33.33,BRD-K36452089,tert-butylhydroquinone,trt_cp,HEPG2,33.33,µM,33.33 µM,24,h,24 h,PCLB003_HEPG2_24H_X1_B13:H08|PCLB003_HEPG2_24H_X2_B13:H08|PCLB003_HEPG2_24H_X3_B13:H08
468070,RAD001_HCC515_6H:BRD-A19500257:10,BRD-A19500257,geldanamycin,trt_cp,HCC515,10.0,µM,10 µM,6,h,6 h,RAD001_HCC515_6H_X1_F1B5_DUO52HI53LO:A03|RAD001_HCC515_6H_X2_F1B5_DUO52HI53LO:A03|RAD001_HCC515_6H_X3_F1B5_DUO52HI53LO:A03
468162,RAD001_HCC515_6H:BRD-K32107296-001-04-5:0.0015,BRD-K32107296,temozolomide,trt_cp,HCC515,0.0015,µM,1 nM,6,h,6 h,RAD001_HCC515_6H_X1_F1B5_DUO52HI53LO:J22|RAD001_HCC515_6H_X2_F1B5_DUO52HI53LO:J22|RAD001_HCC515_6H_X3_F1B5_DUO52HI53LO:J22
468163,RAD001_HCC515_6H:BRD-K32107296-001-04-5:0.0046,BRD-K32107296,temozolomide,trt_cp,HCC515,0.0046,µM,1 nM,6,h,6 h,RAD001_HCC515_6H_X1_F1B5_DUO52HI53LO:J21|RAD001_HCC515_6H_X2_F1B5_DUO52HI53LO:J21|RAD001_HCC515_6H_X3_F1B5_DUO52HI53LO:J21
468164,RAD001_HCC515_6H:BRD-K32107296-001-04-5:0.0137,BRD-K32107296,temozolomide,trt_cp,HCC515,0.0137,µM,10 nM,6,h,6 h,RAD001_HCC515_6H_X1_F1B5_DUO52HI53LO:J20|RAD001_HCC515_6H_X2_F1B5_DUO52HI53LO:J20|RAD001_HCC515_6H_X3_F1B5_DUO52HI53LO:J20
468165,RAD001_HCC515_6H:BRD-K32107296-001-04-5:0.0412,BRD-K32107296,temozolomide,trt_cp,HCC515,0.0412,µM,10 nM,6,h,6 h,RAD001_HCC515_6H_X1_F1B5_DUO52HI53LO:J19|RAD001_HCC515_6H_X2_F1B5_DUO52HI53LO:J19|RAD001_HCC515_6H_X3_F1B5_DUO52HI53LO:J19
468166,RAD001_HCC515_6H:BRD-K32107296-001-04-5:0.1235,BRD-K32107296,temozolomide,trt_cp,HCC515,0.1235,µM,100 nM,6,h,6 h,RAD001_HCC515_6H_X1_F1B5_DUO52HI53LO:J18|RAD001_HCC515_6H_X2_F1B5_DUO52HI53LO:J18|RAD001_HCC515_6H_X3_F1B5_DUO52HI53LO:J18
468167,RAD001_HCC515_6H:BRD-K32107296-001-04-5:0.3704,BRD-K32107296,temozolomide,trt_cp,HCC515,0.3704,µM,500 nM,6,h,6 h,RAD001_HCC515_6H_X1_F1B5_DUO52HI53LO:J17|RAD001_HCC515_6H_X2_F1B5_DUO52HI53LO:J17|RAD001_HCC515_6H_X3_F1B5_DUO52HI53LO:J17
468168,RAD001_HCC515_6H:BRD-K32107296-001-04-5:1.1111,BRD-K32107296,temozolomide,trt_cp,HCC515,1.1111,µM,1 µM,6,h,6 h,RAD001_HCC515_6H_X1_F1B5_DUO52HI53LO:J16|RAD001_HCC515_6H_X2_F1B5_DUO52HI53LO:J16|RAD001_HCC515_6H_X3_F1B5_DUO52HI53LO:J16
468169,RAD001_HCC515_6H:BRD-K32107296-001-04-5:10,BRD-K32107296,temozolomide,trt_cp,HCC515,10.0,µM,10 µM,6,h,6 h,RAD001_HCC515_6H_X1_F1B5_DUO52HI53LO:J14|RAD001_HCC515_6H_X2_F1B5_DUO52HI53LO:J14|RAD001_HCC515_6H_X3_F1B5_DUO52HI53LO:J14
468170,RAD001_HCC515_6H:BRD-K32107296-001-04-5:3.3333,BRD-K32107296,temozolomide,trt_cp,HCC515,3.3333,µM,3 µM,6,h,6 h,RAD001_HCC515_6H_X1_F1B5_DUO52HI53LO:J15|RAD001_HCC515_6H_X2_F1B5_DUO52HI53LO:J15|RAD001_HCC515_6H_X3_F1B5_DUO52HI53LO:J15
